{"ts":1750681851719,"action":"PROJECT_OPENED","tags":{"PROJECT_NAME":"Parsing"}}
{"ts":1750681853352,"action":"IDE_ACTIVATED"}
{"ts":1750681856092,"action":"FILE_OPENED","file":"/src/main/java/com/yourcompany/game/Main.java","tags":{"FILE_LINE_OF_CODE":"7"}}
{"ts":1750681857066,"action":"IDE_DEACTIVATED"}
{"ts":1750681857371,"action":"FILE_CLOSED","file":"/src/main/java/com/yourcompany/game/Main.java","tags":{"FILE_LINE_OF_CODE":"7"}}
{"ts":1750681858080,"action":"FILE_OPENED","file":"/pom.xml","tags":{"FILE_LINE_OF_CODE":"17"}}
{"ts":1750681977447,"action":"IDE_ACTIVATED"}
{"ts":1750681983915,"action":"IDE_DEACTIVATED"}
{"ts":1750681992010,"action":"IDE_ACTIVATED"}
{"ts":1750682003295,"action":"FILE_CLOSED","file":"/pom.xml","tags":{"FILE_LINE_OF_CODE":"32"}}
{"ts":1750682003295,"action":"FILE_OPENED","file":"/src/main/java/com/yourcompany/game/Main.java","tags":{"FILE_LINE_OF_CODE":"7"}}
{"ts":1750682003893,"action":"IDE_DEACTIVATED"}
{"ts":1750682010164,"action":"IDE_ACTIVATED"}
{"ts":1750682039560,"action":"IDE_DEACTIVATED"}
{"ts":1750682040297,"action":"IDE_ACTIVATED"}
{"ts":1750682040600,"action":"IDE_DEACTIVATED"}
{"ts":1750682043382,"action":"IDE_ACTIVATED"}
{"ts":1750682053078,"action":"IDE_DEACTIVATED"}
{"ts":1750682055937,"action":"IDE_ACTIVATED"}
{"ts":1750682112123,"action":"IDE_DEACTIVATED"}
{"ts":1750682112644,"action":"IDE_ACTIVATED"}
{"ts":1750682129218,"action":"IDE_DEACTIVATED"}
{"ts":1750682157905,"action":"IDE_ACTIVATED"}
{"ts":1750682171748,"action":"IDE_DEACTIVATED"}
{"ts":1750682172471,"action":"IDE_ACTIVATED"}
{"ts":1750682204678,"action":"IDE_DEACTIVATED"}
{"ts":1750682207595,"action":"IDE_ACTIVATED"}
{"ts":1750682249302,"action":"IDE_DEACTIVATED"}
{"ts":1750682257617,"action":"IDE_ACTIVATED"}
{"ts":1750682258497,"action":"IDE_DEACTIVATED"}
{"ts":1750682260362,"action":"IDE_ACTIVATED"}
{"ts":1750682260475,"action":"IDE_DEACTIVATED"}
{"ts":1750682275055,"action":"IDE_ACTIVATED"}
{"ts":1750682280297,"action":"IDE_DEACTIVATED"}
{"ts":1750682328613,"action":"IDE_ACTIVATED"}
{"ts":1750682334950,"action":"IDE_DEACTIVATED"}
{"ts":1750682349164,"action":"IDE_ACTIVATED"}
{"ts":1750682350047,"action":"IDE_DEACTIVATED"}
{"ts":1750682382505,"action":"IDE_ACTIVATED"}
{"ts":1750682388935,"action":"IDE_DEACTIVATED"}
{"ts":1750682391417,"action":"IDE_ACTIVATED"}
{"ts":1750682392115,"action":"IDE_DEACTIVATED"}
{"ts":1750682419983,"action":"IDE_ACTIVATED"}
{"ts":1750682436173,"action":"IDE_DEACTIVATED"}
{"ts":1750682438518,"action":"IDE_ACTIVATED"}
{"ts":1750682439220,"action":"IDE_DEACTIVATED"}
{"ts":1750682440256,"action":"IDE_ACTIVATED"}
{"ts":1750682440600,"action":"IDE_DEACTIVATED"}
{"ts":1750682445750,"action":"IDE_ACTIVATED"}
{"ts":1750682514886,"action":"IDE_DEACTIVATED"}
{"ts":1750682515584,"action":"IDE_ACTIVATED"}
{"ts":1750682515961,"action":"IDE_DEACTIVATED"}
{"ts":1750682517069,"action":"IDE_ACTIVATED"}
{"ts":1750682525907,"action":"IDE_DEACTIVATED"}
{"ts":1750682559626,"action":"IDE_ACTIVATED"}
{"ts":1750682564680,"action":"IDE_DEACTIVATED"}
{"ts":1750682819479,"action":"IDE_ACTIVATED"}
{"ts":1750682820739,"action":"IDE_DEACTIVATED"}
{"ts":1750682830141,"action":"IDE_ACTIVATED"}
{"ts":1750682830691,"action":"IDE_DEACTIVATED"}
{"ts":1750684368499,"action":"IDE_ACTIVATED"}
{"ts":1750684370230,"action":"IDE_DEACTIVATED"}
{"ts":1750684402110,"action":"IDE_ACTIVATED"}
{"ts":1750684404102,"action":"IDE_DEACTIVATED"}
{"ts":1750684416572,"action":"IDE_ACTIVATED"}
{"ts":1750684419922,"action":"IDE_DEACTIVATED"}
{"ts":1750684475187,"action":"IDE_ACTIVATED"}
{"ts":1750684476872,"action":"IDE_DEACTIVATED"}
{"ts":1750686679015,"action":"IDE_ACTIVATED"}
{"ts":1750686679366,"action":"IDE_DEACTIVATED"}
{"ts":1750686840381,"action":"IDE_ACTIVATED"}
{"ts":1750686841397,"action":"IDE_DEACTIVATED"}
{"ts":1750686842319,"action":"IDE_ACTIVATED"}
{"ts":1750686845282,"action":"IDE_DEACTIVATED"}
{"ts":1750686846102,"action":"IDE_ACTIVATED"}
{"ts":1750686849127,"action":"FILE_CLOSED","file":"/src/main/java/com/yourcompany/game/Main.java","tags":{"FILE_LINE_OF_CODE":"131"}}
{"ts":1750686849380,"action":"FILE_OPENED","file":"/src/main/java/com/yourcompany/game/SyntaxAnalyzerStrategy.java","tags":{"FILE_LINE_OF_CODE":"5"}}
{"ts":1750686859400,"action":"IDE_DEACTIVATED"}
{"ts":1750686863904,"action":"IDE_ACTIVATED"}
{"ts":1750686867859,"action":"IDE_DEACTIVATED"}
{"ts":1750686868838,"action":"IDE_ACTIVATED"}
{"ts":1750686870400,"action":"FILE_CLOSED","file":"/src/main/java/com/yourcompany/game/SyntaxAnalyzerStrategy.java","tags":{"FILE_LINE_OF_CODE":"33"}}
{"ts":1750686870663,"action":"FILE_OPENED","file":"/src/main/java/com/yourcompany/game/SwitchExpressionAnalyzer.java","tags":{"FILE_LINE_OF_CODE":"5"}}
{"ts":1750686887464,"action":"IDE_DEACTIVATED"}
{"ts":1750686888238,"action":"IDE_ACTIVATED"}
{"ts":1750686890675,"action":"FILE_CLOSED","file":"/src/main/java/com/yourcompany/game/SwitchExpressionAnalyzer.java","tags":{"FILE_LINE_OF_CODE":"45"}}
{"ts":1750686890675,"action":"FILE_OPENED","file":"/src/main/java/com/yourcompany/game/SyntaxAnalyzerStrategy.java","tags":{"FILE_LINE_OF_CODE":"33"}}
{"ts":1750686899628,"action":"IDE_DEACTIVATED"}
{"ts":1750686902776,"action":"IDE_ACTIVATED"}
{"ts":1750686907659,"action":"FILE_CLOSED","file":"/src/main/java/com/yourcompany/game/SyntaxAnalyzerStrategy.java","tags":{"FILE_LINE_OF_CODE":"34"}}
{"ts":1750686907792,"action":"FILE_OPENED","file":"/src/main/java/com/yourcompany/game/TextBlockAnalyzer.java","tags":{"FILE_LINE_OF_CODE":"5"}}
{"ts":1750686919545,"action":"IDE_DEACTIVATED"}
{"ts":1750686923581,"action":"IDE_ACTIVATED"}
{"ts":1750686927646,"action":"FILE_CLOSED","file":"/src/main/java/com/yourcompany/game/TextBlockAnalyzer.java","tags":{"FILE_LINE_OF_CODE":"46"}}
{"ts":1750686927765,"action":"FILE_OPENED","file":"/src/main/java/com/yourcompany/game/RepositoryAnalyzer.java","tags":{"FILE_LINE_OF_CODE":"5"}}
{"ts":1750686938000,"action":"IDE_DEACTIVATED"}
{"ts":1750686941181,"action":"IDE_ACTIVATED"}
{"ts":1750686942260,"action":"IDE_DEACTIVATED"}
{"ts":1750686944909,"action":"IDE_ACTIVATED"}
{"ts":1750686948862,"action":"FILE_CLOSED","file":"/src/main/java/com/yourcompany/game/RepositoryAnalyzer.java","tags":{"FILE_LINE_OF_CODE":"83"}}
{"ts":1750686948998,"action":"FILE_OPENED","file":"/src/main/java/com/yourcompany/game/App.java","tags":{"FILE_LINE_OF_CODE":"5"}}
{"ts":1750686951417,"action":"IDE_DEACTIVATED"}
{"ts":1750686996216,"action":"IDE_ACTIVATED"}
{"ts":1750687000103,"action":"IDE_DEACTIVATED"}
{"ts":1750687001714,"action":"IDE_ACTIVATED"}
{"ts":1750687003869,"action":"FILE_CLOSED","file":"/src/main/java/com/yourcompany/game/App.java","tags":{"FILE_LINE_OF_CODE":"48"}}
{"ts":1750687003999,"action":"FILE_OPENED","file":"/src/main/java/com/yourcompany/game/SealedClassAnalyzer.java","tags":{"FILE_LINE_OF_CODE":"5"}}
{"ts":1750687018086,"action":"IDE_DEACTIVATED"}
{"ts":1750687018684,"action":"IDE_ACTIVATED"}
{"ts":1750687025209,"action":"IDE_DEACTIVATED"}
{"ts":1750687030205,"action":"IDE_ACTIVATED"}
{"ts":1750687031307,"action":"IDE_DEACTIVATED"}
{"ts":1750687032536,"action":"IDE_ACTIVATED"}
{"ts":1750687035339,"action":"IDE_DEACTIVATED"}
{"ts":1750687036177,"action":"IDE_ACTIVATED"}
{"ts":1750687038271,"action":"FILE_CLOSED","file":"/src/main/java/com/yourcompany/game/SealedClassAnalyzer.java","tags":{"FILE_LINE_OF_CODE":"56"}}
{"ts":1750687038417,"action":"FILE_OPENED","file":"/src/main/java/com/yourcompany/game/PatternMatchingSwitchAnalyzer.java","tags":{"FILE_LINE_OF_CODE":"5"}}
{"ts":1750687039680,"action":"IDE_DEACTIVATED"}
{"ts":1750687042043,"action":"IDE_ACTIVATED"}
{"ts":1750687064123,"action":"IDE_DEACTIVATED"}
{"ts":1750687064852,"action":"IDE_ACTIVATED"}
{"ts":1750687066378,"action":"FILE_CLOSED","file":"/src/main/java/com/yourcompany/game/PatternMatchingSwitchAnalyzer.java","tags":{"FILE_LINE_OF_CODE":"78"}}
{"ts":1750687066378,"action":"FILE_OPENED","file":"/src/main/java/com/yourcompany/game/Main.java","tags":{"FILE_LINE_OF_CODE":"131"}}
{"ts":1750687066796,"action":"FILE_CLOSED","file":"/src/main/java/com/yourcompany/game/Main.java","tags":{"FILE_LINE_OF_CODE":"131"}}
{"ts":1750687066796,"action":"FILE_OPENED","file":"/src/main/java/com/yourcompany/game/PatternMatchingSwitchAnalyzer.java","tags":{"FILE_LINE_OF_CODE":"78"}}
{"ts":1750687067524,"action":"FILE_CLOSED","file":"/src/main/java/com/yourcompany/game/PatternMatchingSwitchAnalyzer.java","tags":{"FILE_LINE_OF_CODE":"78"}}
{"ts":1750687067524,"action":"FILE_OPENED","file":"/src/main/java/com/yourcompany/game/SealedClassAnalyzer.java","tags":{"FILE_LINE_OF_CODE":"56"}}
{"ts":1750687068395,"action":"FILE_CLOSED","file":"/src/main/java/com/yourcompany/game/SealedClassAnalyzer.java","tags":{"FILE_LINE_OF_CODE":"56"}}
{"ts":1750687068395,"action":"FILE_OPENED","file":"/src/main/java/com/yourcompany/game/RepositoryAnalyzer.java","tags":{"FILE_LINE_OF_CODE":"83"}}
{"ts":1750687071188,"action":"FILE_CLOSED","file":"/src/main/java/com/yourcompany/game/RepositoryAnalyzer.java","tags":{"FILE_LINE_OF_CODE":"83"}}
{"ts":1750687071188,"action":"FILE_OPENED","file":"/src/main/java/com/yourcompany/game/SwitchExpressionAnalyzer.java","tags":{"FILE_LINE_OF_CODE":"45"}}
{"ts":1750687072944,"action":"FILE_CLOSED","file":"/src/main/java/com/yourcompany/game/SwitchExpressionAnalyzer.java","tags":{"FILE_LINE_OF_CODE":"45"}}
{"ts":1750687072944,"action":"FILE_OPENED","file":"/src/main/java/com/yourcompany/game/TextBlockAnalyzer.java","tags":{"FILE_LINE_OF_CODE":"46"}}
{"ts":1750687093220,"action":"IDE_DEACTIVATED"}
{"ts":1750687093639,"action":"IDE_ACTIVATED"}
{"ts":1750687098425,"action":"FILE_CLOSED","file":"/src/main/java/com/yourcompany/game/TextBlockAnalyzer.java","tags":{"FILE_LINE_OF_CODE":"46"}}
{"ts":1750687098425,"action":"FILE_OPENED","file":"/src/main/java/com/yourcompany/game/App.java","tags":{"FILE_LINE_OF_CODE":"48"}}
{"ts":1750687114629,"action":"FILE_CLOSED","file":"/src/main/java/com/yourcompany/game/App.java","tags":{"FILE_LINE_OF_CODE":"45"}}
{"ts":1750687114629,"action":"FILE_OPENED","file":"/src/main/java/com/yourcompany/game/PatternMatchingSwitchAnalyzer.java","tags":{"FILE_LINE_OF_CODE":"78"}}
{"ts":1750687116206,"action":"IDE_DEACTIVATED"}
{"ts":1750687126037,"action":"IDE_ACTIVATED"}
{"ts":1750687126621,"action":"IDE_DEACTIVATED"}
{"ts":1750687129807,"action":"IDE_ACTIVATED"}
{"ts":1750687135610,"action":"IDE_DEACTIVATED"}
{"ts":1750687151153,"action":"IDE_ACTIVATED"}
{"ts":1750687196502,"action":"IDE_DEACTIVATED"}
{"ts":1750687468831,"action":"IDE_ACTIVATED"}
{"ts":1750687474370,"action":"FILE_CLOSED","file":"/src/main/java/com/yourcompany/game/PatternMatchingSwitchAnalyzer.java","tags":{"FILE_LINE_OF_CODE":"79"}}
{"ts":1750687474370,"action":"FILE_OPENED","file":"/src/main/java/com/yourcompany/game/SealedClassAnalyzer.java","tags":{"FILE_LINE_OF_CODE":"56"}}
{"ts":1750687477539,"action":"FILE_CLOSED","file":"/src/main/java/com/yourcompany/game/SealedClassAnalyzer.java","tags":{"FILE_LINE_OF_CODE":"56"}}
{"ts":1750687477571,"action":"FILE_OPENED","file":"/src/main/java/com/yourcompany/game/PatternMatchingSwitchAnalyzer.java","tags":{"FILE_LINE_OF_CODE":"79"}}
{"ts":1750687482196,"action":"FILE_CLOSED","file":"/src/main/java/com/yourcompany/game/PatternMatchingSwitchAnalyzer.java","tags":{"FILE_LINE_OF_CODE":"79"}}
{"ts":1750687496888,"action":"FILE_OPENED","file":"/src/main/java/com/yourcompany/game/SealedClassAnalyzer.java","tags":{"FILE_LINE_OF_CODE":"56"}}
{"ts":1750687504589,"action":"IDE_DEACTIVATED"}
{"ts":1750688830051,"action":"IDE_ACTIVATED"}
{"ts":1750688832728,"action":"IDE_DEACTIVATED"}
{"ts":1750690596082,"action":"IDE_ACTIVATED"}
{"ts":1750690597897,"action":"IDE_DEACTIVATED"}
{"ts":1750692867114,"action":"IDE_ACTIVATED"}
{"ts":1750692868292,"action":"IDE_DEACTIVATED"}
{"ts":1750692870082,"action":"IDE_ACTIVATED"}
{"ts":1750692886264,"action":"FILE_CLOSED","file":"/src/main/java/com/yourcompany/game/SealedClassAnalyzer.java","tags":{"FILE_LINE_OF_CODE":"56"}}
{"ts":1750692900042,"action":"FILE_OPENED","file":"/src/main/java/com/yourcompany/game/SealedClassAnalyzer.java","tags":{"FILE_LINE_OF_CODE":"56"}}
{"ts":1750692907925,"action":"FILE_CLOSED","file":"/src/main/java/com/yourcompany/game/SealedClassAnalyzer.java","tags":{"FILE_LINE_OF_CODE":"56"}}
{"ts":1750692907925,"action":"FILE_OPENED","file":"/src/main/java/com/yourcompany/game/RepositoryAnalyzer.java","tags":{"FILE_LINE_OF_CODE":"83"}}
{"ts":1750692908362,"action":"FILE_CLOSED","file":"/src/main/java/com/yourcompany/game/RepositoryAnalyzer.java","tags":{"FILE_LINE_OF_CODE":"83"}}
{"ts":1750692908396,"action":"FILE_OPENED","file":"/src/main/java/com/yourcompany/game/PatternMatchingSwitchAnalyzer.java","tags":{"FILE_LINE_OF_CODE":"79"}}
{"ts":1750692916477,"action":"FILE_CLOSED","file":"/src/main/java/com/yourcompany/game/PatternMatchingSwitchAnalyzer.java","tags":{"FILE_LINE_OF_CODE":"81"}}
{"ts":1750692916477,"action":"FILE_OPENED","file":"/src/main/java/com/yourcompany/game/App.java","tags":{"FILE_LINE_OF_CODE":"45"}}
{"ts":1750692920202,"action":"IDE_DEACTIVATED"}
{"ts":1750692926079,"action":"IDE_ACTIVATED"}
{"ts":1750693037935,"action":"IDE_DEACTIVATED"}
{"ts":1750693038351,"action":"IDE_ACTIVATED"}
{"ts":1750693039676,"action":"FILE_CLOSED","file":"/src/main/java/com/yourcompany/game/App.java","tags":{"FILE_LINE_OF_CODE":"45"}}
{"ts":1750693039676,"action":"FILE_OPENED","file":"/src/main/java/com/yourcompany/game/PatternMatchingSwitchAnalyzer.java","tags":{"FILE_LINE_OF_CODE":"81"}}
{"ts":1750693049330,"action":"IDE_DEACTIVATED"}
{"ts":1750693190637,"action":"IDE_ACTIVATED"}
{"ts":1750693191589,"action":"IDE_DEACTIVATED"}
{"ts":1750693256144,"action":"IDE_ACTIVATED"}
{"ts":1750693263237,"action":"IDE_DEACTIVATED"}
{"ts":1750693591942,"action":"IDE_ACTIVATED"}
{"ts":1750693605383,"action":"FILE_CLOSED","file":"/src/main/java/com/yourcompany/game/PatternMatchingSwitchAnalyzer.java","tags":{"FILE_LINE_OF_CODE":"81"}}
{"ts":1750693609749,"action":"FILE_OPENED","file":"/src/main/java/com/yourcompany/game/PatternMatchingSwitchAnalyzer.java","tags":{"FILE_LINE_OF_CODE":"81"}}
{"ts":1750693623111,"action":"IDE_DEACTIVATED"}
{"ts":1750694400779,"action":"IDE_ACTIVATED"}
{"ts":1750694401337,"action":"IDE_DEACTIVATED"}
{"ts":1750694585697,"action":"IDE_ACTIVATED"}
{"ts":1750694586158,"action":"IDE_DEACTIVATED"}
{"ts":1750694677145,"action":"IDE_ACTIVATED"}
{"ts":1750694697823,"action":"IDE_DEACTIVATED"}
{"ts":1750694914382,"action":"IDE_ACTIVATED"}
{"ts":1750694915432,"action":"IDE_DEACTIVATED"}
{"ts":1750695514600,"action":"IDE_ACTIVATED"}
{"ts":1750695526628,"action":"PROJECT_CLOSED","tags":{"PROJECT_NAME":"Parsing"}}
{"ts":1750777195864,"action":"FILE_OPENED","file":"/src/main/java/com/yourcompany/game/PatternMatchingSwitchAnalyzer.java","tags":{"FILE_LINE_OF_CODE":"81"}}
{"ts":1750777198550,"action":"PROJECT_OPENED","tags":{"PROJECT_NAME":"Parsing"}}
{"ts":1750777238885,"action":"IDE_DEACTIVATED"}
{"ts":1750777245894,"action":"IDE_ACTIVATED"}
{"ts":1750777249228,"action":"IDE_DEACTIVATED"}
{"ts":1750777262726,"action":"IDE_ACTIVATED"}
{"ts":1750777278868,"action":"IDE_DEACTIVATED"}
{"ts":1750777299308,"action":"IDE_ACTIVATED"}
{"ts":1750777299875,"action":"IDE_DEACTIVATED"}
{"ts":1750777330518,"action":"IDE_ACTIVATED"}
{"ts":1750777331014,"action":"IDE_DEACTIVATED"}
{"ts":1750777331899,"action":"IDE_ACTIVATED"}
{"ts":1750777332286,"action":"IDE_DEACTIVATED"}
{"ts":1750777332572,"action":"IDE_ACTIVATED"}
{"ts":1750777340974,"action":"FILE_CLOSED","file":"/src/main/java/com/yourcompany/game/PatternMatchingSwitchAnalyzer.java","tags":{"FILE_LINE_OF_CODE":"81"}}
{"ts":1750777340974,"action":"FILE_OPENED","file":"/pom.xml","tags":{"FILE_LINE_OF_CODE":"32"}}
{"ts":1750777349716,"action":"IDE_DEACTIVATED"}
{"ts":1750777351689,"action":"IDE_ACTIVATED"}
{"ts":1750777352858,"action":"IDE_DEACTIVATED"}
{"ts":1750777373737,"action":"IDE_ACTIVATED"}
{"ts":1750777386992,"action":"FILE_CLOSED","file":"/pom.xml","tags":{"FILE_LINE_OF_CODE":"32"}}
{"ts":1750777386992,"action":"FILE_OPENED","file":"/src/main/java/com/yourcompany/game/Main.java","tags":{"FILE_LINE_OF_CODE":"127"}}
{"ts":1750777393764,"action":"IDE_DEACTIVATED"}
{"ts":1750777395101,"action":"IDE_ACTIVATED"}
{"ts":1750777401898,"action":"FILE_CLOSED","file":"/src/main/java/com/yourcompany/game/Main.java","tags":{"FILE_LINE_OF_CODE":"121"}}
{"ts":1750777401898,"action":"FILE_OPENED","file":"/src/main/java/com/yourcompany/game/App.java","tags":{"FILE_LINE_OF_CODE":"42"}}
{"ts":1750777404209,"action":"FILE_CLOSED","file":"/src/main/java/com/yourcompany/game/App.java","tags":{"FILE_LINE_OF_CODE":"42"}}
{"ts":1750777404209,"action":"FILE_OPENED","file":"/src/main/java/com/yourcompany/game/PatternMatchingSwitchAnalyzer.java","tags":{"FILE_LINE_OF_CODE":"81"}}
{"ts":1750777405233,"action":"FILE_CLOSED","file":"/src/main/java/com/yourcompany/game/PatternMatchingSwitchAnalyzer.java","tags":{"FILE_LINE_OF_CODE":"81"}}
{"ts":1750777405233,"action":"FILE_OPENED","file":"/src/main/java/com/yourcompany/game/App.java","tags":{"FILE_LINE_OF_CODE":"42"}}
{"ts":1750777407644,"action":"FILE_CLOSED","file":"/src/main/java/com/yourcompany/game/App.java","tags":{"FILE_LINE_OF_CODE":"42"}}
{"ts":1750777407644,"action":"FILE_OPENED","file":"/src/main/java/com/yourcompany/game/PatternMatchingSwitchAnalyzer.java","tags":{"FILE_LINE_OF_CODE":"81"}}
{"ts":1750777414860,"action":"FILE_CLOSED","file":"/src/main/java/com/yourcompany/game/PatternMatchingSwitchAnalyzer.java","tags":{"FILE_LINE_OF_CODE":"73"}}
{"ts":1750777414860,"action":"FILE_OPENED","file":"/src/main/java/com/yourcompany/game/SwitchExpressionAnalyzer.java","tags":{"FILE_LINE_OF_CODE":"45"}}
{"ts":1750777416117,"action":"FILE_CLOSED","file":"/src/main/java/com/yourcompany/game/SwitchExpressionAnalyzer.java","tags":{"FILE_LINE_OF_CODE":"45"}}
{"ts":1750777416117,"action":"FILE_OPENED","file":"/src/main/java/com/yourcompany/game/TextBlockAnalyzer.java","tags":{"FILE_LINE_OF_CODE":"46"}}
{"ts":1750777417452,"action":"FILE_CLOSED","file":"/src/main/java/com/yourcompany/game/TextBlockAnalyzer.java","tags":{"FILE_LINE_OF_CODE":"46"}}
{"ts":1750777417452,"action":"FILE_OPENED","file":"/src/main/java/com/yourcompany/game/SyntaxAnalyzerStrategy.java","tags":{"FILE_LINE_OF_CODE":"34"}}
{"ts":1750777425523,"action":"FILE_CLOSED","file":"/src/main/java/com/yourcompany/game/SyntaxAnalyzerStrategy.java","tags":{"FILE_LINE_OF_CODE":"17"}}
{"ts":1750777425523,"action":"FILE_OPENED","file":"/src/main/java/com/yourcompany/game/TextBlockAnalyzer.java","tags":{"FILE_LINE_OF_CODE":"46"}}
{"ts":1750777427194,"action":"FILE_CLOSED","file":"/src/main/java/com/yourcompany/game/TextBlockAnalyzer.java","tags":{"FILE_LINE_OF_CODE":"46"}}
{"ts":1750777427194,"action":"FILE_OPENED","file":"/src/main/java/com/yourcompany/game/SyntaxAnalyzerStrategy.java","tags":{"FILE_LINE_OF_CODE":"17"}}
{"ts":1750777427550,"action":"FILE_CLOSED","file":"/src/main/java/com/yourcompany/game/SyntaxAnalyzerStrategy.java","tags":{"FILE_LINE_OF_CODE":"17"}}
{"ts":1750777427550,"action":"FILE_OPENED","file":"/src/main/java/com/yourcompany/game/SwitchExpressionAnalyzer.java","tags":{"FILE_LINE_OF_CODE":"45"}}
{"ts":1750777429064,"action":"FILE_CLOSED","file":"/src/main/java/com/yourcompany/game/SwitchExpressionAnalyzer.java","tags":{"FILE_LINE_OF_CODE":"45"}}
{"ts":1750777429064,"action":"FILE_OPENED","file":"/src/main/java/com/yourcompany/game/RepositoryAnalyzer.java","tags":{"FILE_LINE_OF_CODE":"81"}}
{"ts":1750777429505,"action":"FILE_CLOSED","file":"/src/main/java/com/yourcompany/game/RepositoryAnalyzer.java","tags":{"FILE_LINE_OF_CODE":"81"}}
{"ts":1750777429505,"action":"FILE_OPENED","file":"/src/main/java/com/yourcompany/game/SealedClassAnalyzer.java","tags":{"FILE_LINE_OF_CODE":"56"}}
{"ts":1750777432122,"action":"FILE_CLOSED","file":"/src/main/java/com/yourcompany/game/SealedClassAnalyzer.java","tags":{"FILE_LINE_OF_CODE":"56"}}
{"ts":1750777432122,"action":"FILE_OPENED","file":"/src/main/java/com/yourcompany/game/RepositoryAnalyzer.java","tags":{"FILE_LINE_OF_CODE":"81"}}
{"ts":1750777433941,"action":"FILE_CLOSED","file":"/src/main/java/com/yourcompany/game/RepositoryAnalyzer.java","tags":{"FILE_LINE_OF_CODE":"81"}}
{"ts":1750777433941,"action":"FILE_OPENED","file":"/src/main/java/com/yourcompany/game/PatternMatchingSwitchAnalyzer.java","tags":{"FILE_LINE_OF_CODE":"73"}}
{"ts":1750777435766,"action":"FILE_CLOSED","file":"/src/main/java/com/yourcompany/game/PatternMatchingSwitchAnalyzer.java","tags":{"FILE_LINE_OF_CODE":"73"}}
{"ts":1750777435766,"action":"FILE_OPENED","file":"/src/main/java/com/yourcompany/game/Main.java","tags":{"FILE_LINE_OF_CODE":"121"}}
{"ts":1750777438579,"action":"FILE_CLOSED","file":"/src/main/java/com/yourcompany/game/Main.java","tags":{"FILE_LINE_OF_CODE":"121"}}
{"ts":1750777438579,"action":"FILE_OPENED","file":"/src/main/java/com/yourcompany/game/App.java","tags":{"FILE_LINE_OF_CODE":"42"}}
{"ts":1750777452146,"action":"IDE_DEACTIVATED"}
{"ts":1750777458122,"action":"IDE_ACTIVATED"}
{"ts":1750777470966,"action":"FILE_CLOSED","file":"/src/main/java/com/yourcompany/game/App.java","tags":{"FILE_LINE_OF_CODE":"42"}}
{"ts":1750777470966,"action":"FILE_OPENED","file":"/pom.xml","tags":{"FILE_LINE_OF_CODE":"32"}}
{"ts":1750777483805,"action":"IDE_DEACTIVATED"}
{"ts":1750777504615,"action":"IDE_ACTIVATED"}
{"ts":1750777505052,"action":"IDE_DEACTIVATED"}
{"ts":1750777513415,"action":"IDE_ACTIVATED"}
{"ts":1750777514413,"action":"IDE_DEACTIVATED"}
{"ts":1750777514827,"action":"IDE_ACTIVATED"}
{"ts":1750777515264,"action":"IDE_DEACTIVATED"}
{"ts":1750777548227,"action":"IDE_ACTIVATED"}
{"ts":1750777563723,"action":"IDE_DEACTIVATED"}
{"ts":1750777596527,"action":"IDE_ACTIVATED"}
{"ts":1750777597647,"action":"IDE_DEACTIVATED"}
{"ts":1750777729437,"action":"IDE_ACTIVATED"}
{"ts":1750777730023,"action":"IDE_DEACTIVATED"}
{"ts":1750777733193,"action":"IDE_ACTIVATED"}
{"ts":1750777734166,"action":"IDE_DEACTIVATED"}
{"ts":1750777735168,"action":"IDE_ACTIVATED"}
{"ts":1750777735684,"action":"IDE_DEACTIVATED"}
{"ts":1750777737185,"action":"IDE_ACTIVATED"}
{"ts":1750777738867,"action":"FILE_CLOSED","file":"/pom.xml","tags":{"FILE_LINE_OF_CODE":"30"}}
{"ts":1750777738867,"action":"FILE_OPENED","file":"/src/main/java/com/yourcompany/game/SwitchExpressionAnalyzer.java","tags":{"FILE_LINE_OF_CODE":"45"}}
{"ts":1750777740489,"action":"IDE_DEACTIVATED"}
{"ts":1750777740769,"action":"IDE_ACTIVATED"}
{"ts":1750777741272,"action":"IDE_DEACTIVATED"}
{"ts":1750777810333,"action":"IDE_ACTIVATED"}
{"ts":1750777811354,"action":"IDE_DEACTIVATED"}
{"ts":1750777820886,"action":"IDE_ACTIVATED"}
{"ts":1750777821515,"action":"IDE_DEACTIVATED"}
{"ts":1750777824929,"action":"IDE_ACTIVATED"}
{"ts":1750777825273,"action":"IDE_DEACTIVATED"}
{"ts":1750777826468,"action":"IDE_ACTIVATED"}
{"ts":1750777826903,"action":"IDE_DEACTIVATED"}
{"ts":1750777827742,"action":"IDE_ACTIVATED"}
{"ts":1750777828142,"action":"IDE_DEACTIVATED"}
{"ts":1750777952976,"action":"IDE_ACTIVATED"}
{"ts":1750777953445,"action":"IDE_DEACTIVATED"}
{"ts":1750777958782,"action":"IDE_ACTIVATED"}
{"ts":1750777965679,"action":"IDE_DEACTIVATED"}
{"ts":1750777992482,"action":"IDE_ACTIVATED"}
{"ts":1750777993024,"action":"IDE_DEACTIVATED"}
{"ts":1750778029301,"action":"IDE_ACTIVATED"}
{"ts":1750778030264,"action":"IDE_DEACTIVATED"}
{"ts":1750778147614,"action":"IDE_ACTIVATED"}
{"ts":1750778148428,"action":"IDE_DEACTIVATED"}
{"ts":1750778150902,"action":"IDE_ACTIVATED"}
{"ts":1750778151878,"action":"IDE_DEACTIVATED"}
{"ts":1750778549657,"action":"IDE_ACTIVATED"}
{"ts":1750778550306,"action":"IDE_DEACTIVATED"}
{"ts":1750778702662,"action":"IDE_ACTIVATED"}
{"ts":1750778708851,"action":"IDE_DEACTIVATED"}
{"ts":1750778716792,"action":"IDE_ACTIVATED"}
{"ts":1750778718243,"action":"FILE_CLOSED","file":"/src/main/java/com/yourcompany/game/SwitchExpressionAnalyzer.java","tags":{"FILE_LINE_OF_CODE":"45"}}
{"ts":1750778718243,"action":"FILE_OPENED","file":"/src/main/java/com/yourcompany/game/PatternMatchingSwitchAnalyzer.java","tags":{"FILE_LINE_OF_CODE":"73"}}
{"ts":1750778720766,"action":"IDE_DEACTIVATED"}
{"ts":1750778721257,"action":"IDE_ACTIVATED"}
{"ts":1750778721445,"action":"IDE_DEACTIVATED"}
{"ts":1750778839422,"action":"IDE_ACTIVATED"}
{"ts":1750778839822,"action":"IDE_DEACTIVATED"}
{"ts":1750778865328,"action":"IDE_ACTIVATED"}
{"ts":1750778866462,"action":"FILE_CLOSED","file":"/src/main/java/com/yourcompany/game/PatternMatchingSwitchAnalyzer.java","tags":{"FILE_LINE_OF_CODE":"73"}}
{"ts":1750778866462,"action":"FILE_OPENED","file":"/src/main/java/com/yourcompany/game/SyntaxAnalyzerStrategy.java","tags":{"FILE_LINE_OF_CODE":"17"}}
{"ts":1750778867787,"action":"IDE_DEACTIVATED"}
{"ts":1750778881525,"action":"IDE_ACTIVATED"}
{"ts":1750778882450,"action":"FILE_CLOSED","file":"/src/main/java/com/yourcompany/game/SyntaxAnalyzerStrategy.java","tags":{"FILE_LINE_OF_CODE":"20"}}
{"ts":1750778882450,"action":"FILE_OPENED","file":"/src/main/java/com/yourcompany/game/App.java","tags":{"FILE_LINE_OF_CODE":"42"}}
{"ts":1750778883640,"action":"IDE_DEACTIVATED"}
{"ts":1750778884433,"action":"IDE_ACTIVATED"}
{"ts":1750778885056,"action":"IDE_DEACTIVATED"}
{"ts":1750778890411,"action":"IDE_ACTIVATED"}
{"ts":1750778891905,"action":"FILE_CLOSED","file":"/src/main/java/com/yourcompany/game/App.java","tags":{"FILE_LINE_OF_CODE":"38"}}
{"ts":1750778891905,"action":"FILE_OPENED","file":"/src/main/java/com/yourcompany/game/RepositoryAnalyzer.java","tags":{"FILE_LINE_OF_CODE":"81"}}
{"ts":1750778893325,"action":"IDE_DEACTIVATED"}
{"ts":1750779030821,"action":"IDE_ACTIVATED"}
{"ts":1750779031283,"action":"IDE_DEACTIVATED"}
{"ts":1750779031650,"action":"IDE_ACTIVATED"}
{"ts":1750779032259,"action":"IDE_DEACTIVATED"}
{"ts":1750779038366,"action":"IDE_ACTIVATED"}
{"ts":1750779039386,"action":"IDE_DEACTIVATED"}
{"ts":1750779155495,"action":"IDE_ACTIVATED"}
{"ts":1750779156139,"action":"IDE_DEACTIVATED"}
{"ts":1750779156634,"action":"IDE_ACTIVATED"}
{"ts":1750779158381,"action":"FILE_CLOSED","file":"/src/main/java/com/yourcompany/game/RepositoryAnalyzer.java","tags":{"FILE_LINE_OF_CODE":"94"}}
{"ts":1750779158484,"action":"FILE_OPENED","file":"/pom.xml","tags":{"FILE_LINE_OF_CODE":"30"}}
{"ts":1750779166459,"action":"IDE_DEACTIVATED"}
{"ts":1750779167183,"action":"IDE_ACTIVATED"}
{"ts":1750779167393,"action":"IDE_DEACTIVATED"}
{"ts":1750779168431,"action":"IDE_ACTIVATED"}
{"ts":1750779173090,"action":"IDE_DEACTIVATED"}
{"ts":1750779190152,"action":"IDE_ACTIVATED"}
{"ts":1750779207070,"action":"IDE_DEACTIVATED"}
{"ts":1750779208454,"action":"IDE_ACTIVATED"}
{"ts":1750779220529,"action":"IDE_DEACTIVATED"}
{"ts":1750779224819,"action":"IDE_ACTIVATED"}
{"ts":1750779242749,"action":"IDE_DEACTIVATED"}
{"ts":1750779275102,"action":"IDE_ACTIVATED"}
{"ts":1750779279197,"action":"IDE_DEACTIVATED"}
{"ts":1750779317077,"action":"IDE_ACTIVATED"}
{"ts":1750779318322,"action":"FILE_CLOSED","file":"/pom.xml","tags":{"FILE_LINE_OF_CODE":"56"}}
{"ts":1750779318322,"action":"FILE_OPENED","file":"/src/main/java/com/yourcompany/game/SyntaxAnalyzerStrategy.java","tags":{"FILE_LINE_OF_CODE":"20"}}
{"ts":1750779319976,"action":"IDE_DEACTIVATED"}
{"ts":1750779324170,"action":"IDE_ACTIVATED"}
{"ts":1750779326497,"action":"IDE_DEACTIVATED"}
{"ts":1750779331547,"action":"IDE_ACTIVATED"}
{"ts":1750779333484,"action":"IDE_DEACTIVATED"}
{"ts":1750779438439,"action":"IDE_ACTIVATED"}
{"ts":1750779443263,"action":"FILE_CLOSED","file":"/src/main/java/com/yourcompany/game/SyntaxAnalyzerStrategy.java","tags":{"FILE_LINE_OF_CODE":"20"}}
{"ts":1750779443364,"action":"FILE_OPENED","file":"/src/main/java/com/yourcompany/game/HistoricalAnalyzer.java","tags":{"FILE_LINE_OF_CODE":"5"}}
{"ts":1750779480091,"action":"FILE_CLOSED","file":"/src/main/java/com/yourcompany/game/HistoricalAnalyzer.java","tags":{"FILE_LINE_OF_CODE":"126"}}
{"ts":1750779485256,"action":"FILE_OPENED","file":"/src/main/java/com/yourcompany/game/HistoricalAnalyzer.java","tags":{"FILE_LINE_OF_CODE":"126"}}
{"ts":1750779499279,"action":"FILE_CLOSED","file":"/src/main/java/com/yourcompany/game/HistoricalAnalyzer.java","tags":{"FILE_LINE_OF_CODE":"126"}}
{"ts":1750779502106,"action":"FILE_OPENED","file":"/src/main/java/com/yourcompany/game/HistoricalAnalyzer.java","tags":{"FILE_LINE_OF_CODE":"126"}}
{"ts":1750779563453,"action":"IDE_DEACTIVATED"}
{"ts":1750779566915,"action":"IDE_ACTIVATED"}
{"ts":1750779567227,"action":"IDE_DEACTIVATED"}
{"ts":1750779578888,"action":"IDE_ACTIVATED"}
{"ts":1750779580169,"action":"IDE_DEACTIVATED"}
{"ts":1750779641527,"action":"IDE_ACTIVATED"}
{"ts":1750779674310,"action":"IDE_DEACTIVATED"}
{"ts":1750779683587,"action":"IDE_ACTIVATED"}
{"ts":1750779688022,"action":"FILE_CLOSED","file":"/src/main/java/com/yourcompany/game/HistoricalAnalyzer.java","tags":{"FILE_LINE_OF_CODE":"120"}}
{"ts":1750779688130,"action":"FILE_OPENED","file":"/src/main/java/com/yourcompany/game/VarUsageAnalyzer.java","tags":{"FILE_LINE_OF_CODE":"5"}}
{"ts":1750779691627,"action":"IDE_DEACTIVATED"}
{"ts":1750779692328,"action":"IDE_ACTIVATED"}
{"ts":1750779692655,"action":"IDE_DEACTIVATED"}
{"ts":1750779693240,"action":"IDE_ACTIVATED"}
{"ts":1750779694389,"action":"IDE_DEACTIVATED"}
{"ts":1750779695163,"action":"IDE_ACTIVATED"}
{"ts":1750779700806,"action":"IDE_DEACTIVATED"}
{"ts":1750779755693,"action":"IDE_ACTIVATED"}
{"ts":1750779756958,"action":"IDE_DEACTIVATED"}
{"ts":1750779757574,"action":"IDE_ACTIVATED"}
{"ts":1750779761478,"action":"IDE_DEACTIVATED"}
{"ts":1750779762295,"action":"IDE_ACTIVATED"}
{"ts":1750779765304,"action":"FILE_CLOSED","file":"/src/main/java/com/yourcompany/game/VarUsageAnalyzer.java","tags":{"FILE_LINE_OF_CODE":"54"}}
{"ts":1750779765373,"action":"FILE_OPENED","file":"/src/main/java/com/yourcompany/game/RecordDeclarationAnalyzer.java","tags":{"FILE_LINE_OF_CODE":"5"}}
{"ts":1750779767457,"action":"IDE_DEACTIVATED"}
{"ts":1750779770448,"action":"IDE_ACTIVATED"}
{"ts":1750779772810,"action":"IDE_DEACTIVATED"}
{"ts":1750779781500,"action":"IDE_ACTIVATED"}
{"ts":1750779782563,"action":"IDE_DEACTIVATED"}
{"ts":1750779788599,"action":"IDE_ACTIVATED"}
{"ts":1750779790400,"action":"FILE_CLOSED","file":"/src/main/java/com/yourcompany/game/RecordDeclarationAnalyzer.java","tags":{"FILE_LINE_OF_CODE":"54"}}
{"ts":1750779790400,"action":"FILE_OPENED","file":"/src/main/java/com/yourcompany/game/App.java","tags":{"FILE_LINE_OF_CODE":"38"}}
{"ts":1750779798071,"action":"IDE_DEACTIVATED"}
{"ts":1750779844863,"action":"IDE_ACTIVATED"}
{"ts":1750779846510,"action":"FILE_CLOSED","file":"/src/main/java/com/yourcompany/game/App.java","tags":{"FILE_LINE_OF_CODE":"57"}}
{"ts":1750779846510,"action":"FILE_OPENED","file":"/src/main/java/com/yourcompany/game/RepositoryAnalyzer.java","tags":{"FILE_LINE_OF_CODE":"94"}}
{"ts":1750779860750,"action":"IDE_DEACTIVATED"}
{"ts":1750779896003,"action":"IDE_ACTIVATED"}
{"ts":1750779898416,"action":"IDE_DEACTIVATED"}
{"ts":1750779903682,"action":"IDE_ACTIVATED"}
{"ts":1750779904639,"action":"IDE_DEACTIVATED"}
{"ts":1750779905428,"action":"IDE_ACTIVATED"}
{"ts":1750779906458,"action":"FILE_CLOSED","file":"/src/main/java/com/yourcompany/game/RepositoryAnalyzer.java","tags":{"FILE_LINE_OF_CODE":"108"}}
{"ts":1750779906458,"action":"FILE_OPENED","file":"/src/main/java/com/yourcompany/game/PatternMatchingSwitchAnalyzer.java","tags":{"FILE_LINE_OF_CODE":"73"}}
{"ts":1750779908880,"action":"IDE_DEACTIVATED"}
{"ts":1750779911252,"action":"IDE_ACTIVATED"}
{"ts":1750779912064,"action":"IDE_DEACTIVATED"}
{"ts":1750779914525,"action":"IDE_ACTIVATED"}
{"ts":1750779915910,"action":"FILE_CLOSED","file":"/src/main/java/com/yourcompany/game/PatternMatchingSwitchAnalyzer.java","tags":{"FILE_LINE_OF_CODE":"85"}}
{"ts":1750779915910,"action":"FILE_OPENED","file":"/src/main/java/com/yourcompany/game/SyntaxAnalyzerStrategy.java","tags":{"FILE_LINE_OF_CODE":"20"}}
{"ts":1750779916249,"action":"FILE_CLOSED","file":"/src/main/java/com/yourcompany/game/SyntaxAnalyzerStrategy.java","tags":{"FILE_LINE_OF_CODE":"20"}}
{"ts":1750779916249,"action":"FILE_OPENED","file":"/src/main/java/com/yourcompany/game/TextBlockAnalyzer.java","tags":{"FILE_LINE_OF_CODE":"46"}}
{"ts":1750779917261,"action":"IDE_DEACTIVATED"}
{"ts":1750779946172,"action":"IDE_ACTIVATED"}
{"ts":1750779947090,"action":"FILE_CLOSED","file":"/src/main/java/com/yourcompany/game/TextBlockAnalyzer.java","tags":{"FILE_LINE_OF_CODE":"54"}}
{"ts":1750779947090,"action":"FILE_OPENED","file":"/src/main/java/com/yourcompany/game/SwitchExpressionAnalyzer.java","tags":{"FILE_LINE_OF_CODE":"45"}}
{"ts":1750779948356,"action":"IDE_DEACTIVATED"}
{"ts":1750779950834,"action":"IDE_ACTIVATED"}
{"ts":1750779951543,"action":"IDE_DEACTIVATED"}
{"ts":1750779953900,"action":"IDE_ACTIVATED"}
{"ts":1750779954770,"action":"FILE_CLOSED","file":"/src/main/java/com/yourcompany/game/SwitchExpressionAnalyzer.java","tags":{"FILE_LINE_OF_CODE":"54"}}
{"ts":1750779954770,"action":"FILE_OPENED","file":"/src/main/java/com/yourcompany/game/SealedClassAnalyzer.java","tags":{"FILE_LINE_OF_CODE":"56"}}
{"ts":1750779956011,"action":"IDE_DEACTIVATED"}
{"ts":1750779961399,"action":"IDE_ACTIVATED"}
{"ts":1750779962350,"action":"FILE_CLOSED","file":"/src/main/java/com/yourcompany/game/SealedClassAnalyzer.java","tags":{"FILE_LINE_OF_CODE":"63"}}
{"ts":1750779962350,"action":"FILE_OPENED","file":"/src/main/java/com/yourcompany/game/App.java","tags":{"FILE_LINE_OF_CODE":"57"}}
{"ts":1750779968860,"action":"FILE_CLOSED","file":"/src/main/java/com/yourcompany/game/App.java","tags":{"FILE_LINE_OF_CODE":"57"}}
{"ts":1750779968860,"action":"FILE_OPENED","file":"/src/main/java/com/yourcompany/game/HistoricalAnalyzer.java","tags":{"FILE_LINE_OF_CODE":"120"}}
{"ts":1750779970441,"action":"FILE_CLOSED","file":"/src/main/java/com/yourcompany/game/HistoricalAnalyzer.java","tags":{"FILE_LINE_OF_CODE":"120"}}
{"ts":1750779970441,"action":"FILE_OPENED","file":"/src/main/java/com/yourcompany/game/App.java","tags":{"FILE_LINE_OF_CODE":"57"}}
{"ts":1750779981239,"action":"FILE_CLOSED","file":"/src/main/java/com/yourcompany/game/App.java","tags":{"FILE_LINE_OF_CODE":"57"}}
{"ts":1750779981239,"action":"FILE_OPENED","file":"/src/main/java/com/yourcompany/game/Main.java","tags":{"FILE_LINE_OF_CODE":"121"}}
{"ts":1750779985737,"action":"FILE_CLOSED","file":"/src/main/java/com/yourcompany/game/Main.java","tags":{"FILE_LINE_OF_CODE":"121"}}
{"ts":1750779985737,"action":"FILE_OPENED","file":"/src/main/java/com/yourcompany/game/App.java","tags":{"FILE_LINE_OF_CODE":"57"}}
{"ts":1750780014024,"action":"IDE_DEACTIVATED"}
{"ts":1750780020850,"action":"IDE_ACTIVATED"}
{"ts":1750780041328,"action":"IDE_DEACTIVATED"}
{"ts":1750780133262,"action":"IDE_ACTIVATED"}
{"ts":1750780148530,"action":"IDE_DEACTIVATED"}
{"ts":1750780150529,"action":"IDE_ACTIVATED"}
{"ts":1750780168892,"action":"IDE_DEACTIVATED"}
{"ts":1750780229145,"action":"IDE_ACTIVATED"}
{"ts":1750780230969,"action":"FILE_CLOSED","file":"/src/main/java/com/yourcompany/game/App.java","tags":{"FILE_LINE_OF_CODE":"58"}}
{"ts":1750780230969,"action":"FILE_OPENED","file":"/pom.xml","tags":{"FILE_LINE_OF_CODE":"56"}}
{"ts":1750780239444,"action":"FILE_CLOSED","file":"/pom.xml","tags":{"FILE_LINE_OF_CODE":"63"}}
{"ts":1750780239444,"action":"FILE_OPENED","file":"/src/main/java/com/yourcompany/game/RepositoryAnalyzer.java","tags":{"FILE_LINE_OF_CODE":"108"}}
{"ts":1750780240025,"action":"IDE_DEACTIVATED"}
{"ts":1750780240392,"action":"IDE_ACTIVATED"}
{"ts":1750780249661,"action":"IDE_DEACTIVATED"}
{"ts":1750780250070,"action":"IDE_ACTIVATED"}
{"ts":1750780257888,"action":"IDE_DEACTIVATED"}
{"ts":1750780421885,"action":"IDE_ACTIVATED"}
{"ts":1750780422159,"action":"IDE_DEACTIVATED"}
{"ts":1750780431330,"action":"IDE_ACTIVATED"}
{"ts":1750780431735,"action":"IDE_DEACTIVATED"}
{"ts":1750780518125,"action":"IDE_ACTIVATED"}
{"ts":1750780522116,"action":"FILE_CLOSED","file":"/src/main/java/com/yourcompany/game/RepositoryAnalyzer.java","tags":{"FILE_LINE_OF_CODE":"108"}}
{"ts":1750780522247,"action":"IDE_DEACTIVATED"}
{"ts":1750780522291,"action":"IDE_ACTIVATED"}
{"ts":1750780522326,"action":"FILE_OPENED","file":"/src/main/java/com/yourcompany/game/FeatureMetrics.java","tags":{"FILE_LINE_OF_CODE":"5"}}
{"ts":1750780531219,"action":"IDE_DEACTIVATED"}
{"ts":1750780543658,"action":"IDE_ACTIVATED"}
{"ts":1750780543931,"action":"IDE_DEACTIVATED"}
{"ts":1750780582767,"action":"IDE_ACTIVATED"}
{"ts":1750780582883,"action":"IDE_DEACTIVATED"}
{"ts":1750780630426,"action":"IDE_ACTIVATED"}
{"ts":1750780632758,"action":"IDE_DEACTIVATED"}
{"ts":1750780713514,"action":"IDE_ACTIVATED"}
{"ts":1750780714610,"action":"IDE_DEACTIVATED"}
{"ts":1750780758554,"action":"IDE_ACTIVATED"}
{"ts":1750780759499,"action":"IDE_DEACTIVATED"}
{"ts":1750780858089,"action":"IDE_ACTIVATED"}
{"ts":1750780860186,"action":"FILE_CLOSED","file":"/src/main/java/com/yourcompany/game/FeatureMetrics.java","tags":{"FILE_LINE_OF_CODE":"5"}}
{"ts":1750780860186,"action":"FILE_OPENED","file":"/src/main/java/com/yourcompany/game/HistoricalAnalyzer.java","tags":{"FILE_LINE_OF_CODE":"120"}}
{"ts":1750780864345,"action":"IDE_DEACTIVATED"}
{"ts":1750780870086,"action":"IDE_ACTIVATED"}
{"ts":1750780873747,"action":"FILE_CLOSED","file":"/src/main/java/com/yourcompany/game/HistoricalAnalyzer.java","tags":{"FILE_LINE_OF_CODE":"132"}}
{"ts":1750780873863,"action":"FILE_OPENED","file":"/src/main/java/com/yourcompany/game/RepositoryMetrics.java","tags":{"FILE_LINE_OF_CODE":"5"}}
{"ts":1750780880025,"action":"IDE_DEACTIVATED"}
{"ts":1750780897921,"action":"IDE_ACTIVATED"}
{"ts":1750780898535,"action":"IDE_DEACTIVATED"}
{"ts":1750780903380,"action":"IDE_ACTIVATED"}
{"ts":1750780904932,"action":"FILE_CLOSED","file":"/src/main/java/com/yourcompany/game/RepositoryMetrics.java","tags":{"FILE_LINE_OF_CODE":"20"}}
{"ts":1750780904932,"action":"FILE_OPENED","file":"/src/main/java/com/yourcompany/game/FeatureMetrics.java","tags":{"FILE_LINE_OF_CODE":"5"}}
{"ts":1750780906189,"action":"IDE_DEACTIVATED"}
{"ts":1750780910301,"action":"IDE_ACTIVATED"}
{"ts":1750780911565,"action":"FILE_CLOSED","file":"/src/main/java/com/yourcompany/game/FeatureMetrics.java","tags":{"FILE_LINE_OF_CODE":"18"}}
{"ts":1750780911565,"action":"FILE_OPENED","file":"/src/main/java/com/yourcompany/game/HistoricalAnalyzer.java","tags":{"FILE_LINE_OF_CODE":"132"}}
{"ts":1750780919150,"action":"FILE_CLOSED","file":"/src/main/java/com/yourcompany/game/HistoricalAnalyzer.java","tags":{"FILE_LINE_OF_CODE":"132"}}
{"ts":1750780919150,"action":"FILE_OPENED","file":"/src/main/java/com/yourcompany/game/RepositoryAnalyzer.java","tags":{"FILE_LINE_OF_CODE":"107"}}
{"ts":1750780922638,"action":"IDE_DEACTIVATED"}
{"ts":1750780926267,"action":"IDE_ACTIVATED"}
{"ts":1750780927219,"action":"FILE_CLOSED","file":"/src/main/java/com/yourcompany/game/RepositoryAnalyzer.java","tags":{"FILE_LINE_OF_CODE":"108"}}
{"ts":1750780927219,"action":"FILE_OPENED","file":"/src/main/java/com/yourcompany/game/VarUsageAnalyzer.java","tags":{"FILE_LINE_OF_CODE":"54"}}
{"ts":1750780928218,"action":"IDE_DEACTIVATED"}
{"ts":1750780932657,"action":"IDE_ACTIVATED"}
{"ts":1750780934219,"action":"FILE_CLOSED","file":"/src/main/java/com/yourcompany/game/VarUsageAnalyzer.java","tags":{"FILE_LINE_OF_CODE":"54"}}
{"ts":1750780934219,"action":"FILE_OPENED","file":"/src/main/java/com/yourcompany/game/RecordDeclarationAnalyzer.java","tags":{"FILE_LINE_OF_CODE":"54"}}
{"ts":1750780935345,"action":"IDE_DEACTIVATED"}
{"ts":1750780940108,"action":"IDE_ACTIVATED"}
{"ts":1750780940587,"action":"IDE_DEACTIVATED"}
{"ts":1750780943230,"action":"IDE_ACTIVATED"}
{"ts":1750780944227,"action":"FILE_CLOSED","file":"/src/main/java/com/yourcompany/game/RecordDeclarationAnalyzer.java","tags":{"FILE_LINE_OF_CODE":"54"}}
{"ts":1750780944227,"action":"FILE_OPENED","file":"/src/main/java/com/yourcompany/game/FeatureMetrics.java","tags":{"FILE_LINE_OF_CODE":"18"}}
{"ts":1750780944493,"action":"FILE_CLOSED","file":"/src/main/java/com/yourcompany/game/FeatureMetrics.java","tags":{"FILE_LINE_OF_CODE":"18"}}
{"ts":1750780944493,"action":"FILE_OPENED","file":"/src/main/java/com/yourcompany/game/App.java","tags":{"FILE_LINE_OF_CODE":"58"}}
{"ts":1750780948157,"action":"IDE_DEACTIVATED"}
{"ts":1750780952258,"action":"IDE_ACTIVATED"}
{"ts":1750780960295,"action":"FILE_CLOSED","file":"/src/main/java/com/yourcompany/game/App.java","tags":{"FILE_LINE_OF_CODE":"104"}}
{"ts":1750780960295,"action":"FILE_OPENED","file":"/src/main/java/com/yourcompany/game/RepositoryAnalyzer.java","tags":{"FILE_LINE_OF_CODE":"108"}}
{"ts":1750780961886,"action":"IDE_DEACTIVATED"}
{"ts":1750780966525,"action":"IDE_ACTIVATED"}
{"ts":1750780974086,"action":"IDE_DEACTIVATED"}
{"ts":1750780978199,"action":"IDE_ACTIVATED"}
{"ts":1750780979468,"action":"FILE_CLOSED","file":"/src/main/java/com/yourcompany/game/RepositoryAnalyzer.java","tags":{"FILE_LINE_OF_CODE":"112"}}
{"ts":1750780979468,"action":"FILE_OPENED","file":"/src/main/java/com/yourcompany/game/PatternMatchingSwitchAnalyzer.java","tags":{"FILE_LINE_OF_CODE":"85"}}
{"ts":1750780980521,"action":"IDE_DEACTIVATED"}
{"ts":1750780984847,"action":"IDE_ACTIVATED"}
{"ts":1750780986124,"action":"FILE_CLOSED","file":"/src/main/java/com/yourcompany/game/PatternMatchingSwitchAnalyzer.java","tags":{"FILE_LINE_OF_CODE":"85"}}
{"ts":1750780986124,"action":"FILE_OPENED","file":"/src/main/java/com/yourcompany/game/TextBlockAnalyzer.java","tags":{"FILE_LINE_OF_CODE":"54"}}
{"ts":1750780987111,"action":"IDE_DEACTIVATED"}
{"ts":1750780990539,"action":"IDE_ACTIVATED"}
{"ts":1750780991608,"action":"FILE_CLOSED","file":"/src/main/java/com/yourcompany/game/TextBlockAnalyzer.java","tags":{"FILE_LINE_OF_CODE":"54"}}
{"ts":1750780991608,"action":"FILE_OPENED","file":"/src/main/java/com/yourcompany/game/SwitchExpressionAnalyzer.java","tags":{"FILE_LINE_OF_CODE":"54"}}
{"ts":1750780992442,"action":"IDE_DEACTIVATED"}
{"ts":1750780996334,"action":"IDE_ACTIVATED"}
{"ts":1750780996832,"action":"IDE_DEACTIVATED"}
{"ts":1750780997572,"action":"IDE_ACTIVATED"}
{"ts":1750780998790,"action":"FILE_CLOSED","file":"/src/main/java/com/yourcompany/game/SwitchExpressionAnalyzer.java","tags":{"FILE_LINE_OF_CODE":"54"}}
{"ts":1750780998790,"action":"FILE_OPENED","file":"/src/main/java/com/yourcompany/game/SealedClassAnalyzer.java","tags":{"FILE_LINE_OF_CODE":"63"}}
{"ts":1750780999642,"action":"IDE_DEACTIVATED"}
{"ts":1750781003309,"action":"IDE_ACTIVATED"}
{"ts":1750781003845,"action":"IDE_DEACTIVATED"}
{"ts":1750781004561,"action":"IDE_ACTIVATED"}
{"ts":1750781007200,"action":"FILE_CLOSED","file":"/src/main/java/com/yourcompany/game/SealedClassAnalyzer.java","tags":{"FILE_LINE_OF_CODE":"63"}}
{"ts":1750781007200,"action":"FILE_OPENED","file":"/src/main/java/com/yourcompany/game/SyntaxAnalyzerStrategy.java","tags":{"FILE_LINE_OF_CODE":"20"}}
{"ts":1750781007991,"action":"IDE_DEACTIVATED"}
{"ts":1750781012349,"action":"IDE_ACTIVATED"}
{"ts":1750781014508,"action":"IDE_DEACTIVATED"}
{"ts":1750781025110,"action":"IDE_ACTIVATED"}
{"ts":1750781025421,"action":"IDE_DEACTIVATED"}
{"ts":1750781026269,"action":"IDE_ACTIVATED"}
{"ts":1750781027180,"action":"IDE_DEACTIVATED"}
{"ts":1750781027407,"action":"IDE_ACTIVATED"}
{"ts":1750781030883,"action":"FILE_CLOSED","file":"/src/main/java/com/yourcompany/game/SyntaxAnalyzerStrategy.java","tags":{"FILE_LINE_OF_CODE":"15"}}
{"ts":1750781030883,"action":"FILE_OPENED","file":"/src/main/java/com/yourcompany/game/Main.java","tags":{"FILE_LINE_OF_CODE":"121"}}
{"ts":1750781033408,"action":"FILE_CLOSED","file":"/src/main/java/com/yourcompany/game/Main.java","tags":{"FILE_LINE_OF_CODE":"121"}}
{"ts":1750781033408,"action":"FILE_OPENED","file":"/src/main/java/com/yourcompany/game/App.java","tags":{"FILE_LINE_OF_CODE":"104"}}
{"ts":1750781041817,"action":"FILE_CLOSED","file":"/src/main/java/com/yourcompany/game/App.java","tags":{"FILE_LINE_OF_CODE":"105"}}
{"ts":1750781041817,"action":"FILE_OPENED","file":"/src/main/java/com/yourcompany/game/PatternMatchingSwitchAnalyzer.java","tags":{"FILE_LINE_OF_CODE":"85"}}
{"ts":1750781042153,"action":"FILE_CLOSED","file":"/src/main/java/com/yourcompany/game/PatternMatchingSwitchAnalyzer.java","tags":{"FILE_LINE_OF_CODE":"85"}}
{"ts":1750781042153,"action":"FILE_OPENED","file":"/src/main/java/com/yourcompany/game/Main.java","tags":{"FILE_LINE_OF_CODE":"121"}}
{"ts":1750781043546,"action":"FILE_CLOSED","file":"/src/main/java/com/yourcompany/game/Main.java","tags":{"FILE_LINE_OF_CODE":"121"}}
{"ts":1750781043546,"action":"FILE_OPENED","file":"/src/main/java/com/yourcompany/game/App.java","tags":{"FILE_LINE_OF_CODE":"105"}}
{"ts":1750781047085,"action":"FILE_CLOSED","file":"/src/main/java/com/yourcompany/game/App.java","tags":{"FILE_LINE_OF_CODE":"105"}}
{"ts":1750781047085,"action":"FILE_OPENED","file":"/src/main/java/com/yourcompany/game/Main.java","tags":{"FILE_LINE_OF_CODE":"121"}}
{"ts":1750781049748,"action":"FILE_CLOSED","file":"/src/main/java/com/yourcompany/game/Main.java","tags":{"FILE_LINE_OF_CODE":"121"}}
{"ts":1750781049748,"action":"FILE_OPENED","file":"/src/main/java/com/yourcompany/game/App.java","tags":{"FILE_LINE_OF_CODE":"105"}}
{"ts":1750781051771,"action":"IDE_DEACTIVATED"}
{"ts":1750781058322,"action":"IDE_ACTIVATED"}
{"ts":1750781059670,"action":"IDE_DEACTIVATED"}
{"ts":1750781093674,"action":"IDE_ACTIVATED"}
{"ts":1750781124353,"action":"IDE_DEACTIVATED"}
{"ts":1750781165428,"action":"IDE_ACTIVATED"}
{"ts":1750781171619,"action":"IDE_DEACTIVATED"}
{"ts":1750781180124,"action":"IDE_ACTIVATED"}
{"ts":1750781181774,"action":"IDE_DEACTIVATED"}
{"ts":1750781184319,"action":"IDE_ACTIVATED"}
{"ts":1750781185346,"action":"IDE_DEACTIVATED"}
{"ts":1750781213428,"action":"IDE_ACTIVATED"}
{"ts":1750781213855,"action":"IDE_DEACTIVATED"}
{"ts":1750781374514,"action":"IDE_ACTIVATED"}
{"ts":1750781376488,"action":"IDE_DEACTIVATED"}
{"ts":1750781422113,"action":"IDE_ACTIVATED"}
{"ts":1750781422593,"action":"IDE_DEACTIVATED"}
{"ts":1750781438187,"action":"IDE_ACTIVATED"}
{"ts":1750781438400,"action":"IDE_DEACTIVATED"}
{"ts":1750781447814,"action":"IDE_ACTIVATED"}
{"ts":1750781449219,"action":"IDE_DEACTIVATED"}
{"ts":1750781542099,"action":"IDE_ACTIVATED"}
{"ts":1750781549860,"action":"IDE_DEACTIVATED"}
{"ts":1750781569236,"action":"IDE_ACTIVATED"}
{"ts":1750781571203,"action":"FILE_CLOSED","file":"/src/main/java/com/yourcompany/game/App.java","tags":{"FILE_LINE_OF_CODE":"105"}}
{"ts":1750781571257,"action":"FILE_OPENED","file":"/pom.xml","tags":{"FILE_LINE_OF_CODE":"63"}}
{"ts":1750781585777,"action":"IDE_DEACTIVATED"}
{"ts":1750781600012,"action":"IDE_ACTIVATED"}
{"ts":1750781601517,"action":"IDE_DEACTIVATED"}
{"ts":1750781602262,"action":"IDE_ACTIVATED"}
{"ts":1750781610378,"action":"IDE_DEACTIVATED"}
{"ts":1750781622782,"action":"IDE_ACTIVATED"}
{"ts":1750781624640,"action":"IDE_DEACTIVATED"}
{"ts":1750781625720,"action":"IDE_ACTIVATED"}
{"ts":1750781625828,"action":"FILE_CLOSED","file":"/pom.xml","tags":{"FILE_LINE_OF_CODE":"69"}}
{"ts":1750781625845,"action":"FILE_OPENED","file":"/analysis_results.csv","tags":{"FILE_LINE_OF_CODE":"null"}}
{"ts":1750781643220,"action":"IDE_DEACTIVATED"}
{"ts":1750781669346,"action":"IDE_ACTIVATED"}
{"ts":1750781670088,"action":"IDE_DEACTIVATED"}
{"ts":1750781671616,"action":"IDE_ACTIVATED"}
{"ts":1750781672507,"action":"IDE_DEACTIVATED"}
{"ts":1750781675586,"action":"IDE_ACTIVATED"}
{"ts":1750781676126,"action":"IDE_DEACTIVATED"}
{"ts":1750781722381,"action":"IDE_ACTIVATED"}
{"ts":1750781722612,"action":"IDE_DEACTIVATED"}
{"ts":1750781725088,"action":"IDE_ACTIVATED"}
{"ts":1750781726167,"action":"IDE_DEACTIVATED"}
{"ts":1750781855612,"action":"IDE_ACTIVATED"}
{"ts":1750781858568,"action":"IDE_DEACTIVATED"}
{"ts":1750781859152,"action":"IDE_ACTIVATED"}
{"ts":1750781867886,"action":"IDE_DEACTIVATED"}
{"ts":1750781869702,"action":"IDE_ACTIVATED"}
{"ts":1750781870626,"action":"FILE_CLOSED","file":"/analysis_results.csv","tags":{"FILE_LINE_OF_CODE":"null"}}
{"ts":1750781870626,"action":"FILE_OPENED","file":"/src/main/java/com/yourcompany/game/PatternMatchingSwitchAnalyzer.java","tags":{"FILE_LINE_OF_CODE":"85"}}
{"ts":1750781873288,"action":"FILE_CLOSED","file":"/src/main/java/com/yourcompany/game/PatternMatchingSwitchAnalyzer.java","tags":{"FILE_LINE_OF_CODE":"85"}}
{"ts":1750781873288,"action":"FILE_OPENED","file":"/analysis_results.csv","tags":{"FILE_LINE_OF_CODE":"null"}}
{"ts":1750781874791,"action":"FILE_CLOSED","file":"/analysis_results.csv","tags":{"FILE_LINE_OF_CODE":"null"}}
{"ts":1750781874791,"action":"FILE_OPENED","file":"/src/main/java/com/yourcompany/game/FeatureMetrics.java","tags":{"FILE_LINE_OF_CODE":"18"}}
{"ts":1750781876915,"action":"FILE_CLOSED","file":"/src/main/java/com/yourcompany/game/FeatureMetrics.java","tags":{"FILE_LINE_OF_CODE":"18"}}
{"ts":1750781876915,"action":"FILE_OPENED","file":"/src/main/java/com/yourcompany/game/App.java","tags":{"FILE_LINE_OF_CODE":"105"}}
{"ts":1750781914264,"action":"IDE_DEACTIVATED"}
{"ts":1750781931228,"action":"IDE_ACTIVATED"}
{"ts":1750781959004,"action":"FILE_CLOSED","file":"/src/main/java/com/yourcompany/game/App.java","tags":{"FILE_LINE_OF_CODE":"105"}}
{"ts":1750781960531,"action":"FILE_OPENED","file":"/pom.xml","tags":{"FILE_LINE_OF_CODE":"69"}}
{"ts":1750781961708,"action":"FILE_CLOSED","file":"/pom.xml","tags":{"FILE_LINE_OF_CODE":"69"}}
{"ts":1750781961708,"action":"FILE_OPENED","file":"/src/main/java/com/yourcompany/game/FeatureMetrics.java","tags":{"FILE_LINE_OF_CODE":"18"}}
{"ts":1750781962902,"action":"FILE_CLOSED","file":"/src/main/java/com/yourcompany/game/FeatureMetrics.java","tags":{"FILE_LINE_OF_CODE":"18"}}
{"ts":1750781962902,"action":"FILE_OPENED","file":"/src/main/java/com/yourcompany/game/RepositoryAnalyzer.java","tags":{"FILE_LINE_OF_CODE":"112"}}
{"ts":1750781963374,"action":"FILE_CLOSED","file":"/src/main/java/com/yourcompany/game/RepositoryAnalyzer.java","tags":{"FILE_LINE_OF_CODE":"112"}}
{"ts":1750781963374,"action":"FILE_OPENED","file":"/src/main/java/com/yourcompany/game/TextBlockAnalyzer.java","tags":{"FILE_LINE_OF_CODE":"54"}}
{"ts":1750781963611,"action":"FILE_CLOSED","file":"/src/main/java/com/yourcompany/game/TextBlockAnalyzer.java","tags":{"FILE_LINE_OF_CODE":"54"}}
{"ts":1750781963611,"action":"FILE_OPENED","file":"/src/main/java/com/yourcompany/game/RecordDeclarationAnalyzer.java","tags":{"FILE_LINE_OF_CODE":"54"}}
{"ts":1750781963924,"action":"FILE_CLOSED","file":"/src/main/java/com/yourcompany/game/RecordDeclarationAnalyzer.java","tags":{"FILE_LINE_OF_CODE":"54"}}
{"ts":1750781963924,"action":"FILE_OPENED","file":"/src/main/java/com/yourcompany/game/VarUsageAnalyzer.java","tags":{"FILE_LINE_OF_CODE":"54"}}
{"ts":1750781964038,"action":"FILE_CLOSED","file":"/src/main/java/com/yourcompany/game/VarUsageAnalyzer.java","tags":{"FILE_LINE_OF_CODE":"54"}}
{"ts":1750781964038,"action":"FILE_OPENED","file":"/src/main/java/com/yourcompany/game/RepositoryMetrics.java","tags":{"FILE_LINE_OF_CODE":"20"}}
{"ts":1750781964446,"action":"FILE_CLOSED","file":"/src/main/java/com/yourcompany/game/RepositoryMetrics.java","tags":{"FILE_LINE_OF_CODE":"20"}}
{"ts":1750781964482,"action":"FILE_OPENED","file":"/src/main/java/com/yourcompany/game/App.java","tags":{"FILE_LINE_OF_CODE":"105"}}
{"ts":1750781966127,"action":"FILE_CLOSED","file":"/src/main/java/com/yourcompany/game/App.java","tags":{"FILE_LINE_OF_CODE":"105"}}
{"ts":1750781966127,"action":"FILE_OPENED","file":"/src/main/java/com/yourcompany/game/SyntaxAnalyzerStrategy.java","tags":{"FILE_LINE_OF_CODE":"15"}}
{"ts":1750781973098,"action":"FILE_CLOSED","file":"/src/main/java/com/yourcompany/game/SyntaxAnalyzerStrategy.java","tags":{"FILE_LINE_OF_CODE":"15"}}
{"ts":1750781973098,"action":"FILE_OPENED","file":"/src/main/java/com/yourcompany/game/HistoricalAnalyzer.java","tags":{"FILE_LINE_OF_CODE":"132"}}
{"ts":1750781975398,"action":"FILE_CLOSED","file":"/src/main/java/com/yourcompany/game/HistoricalAnalyzer.java","tags":{"FILE_LINE_OF_CODE":"132"}}
{"ts":1750781975398,"action":"FILE_OPENED","file":"/src/main/java/com/yourcompany/game/App.java","tags":{"FILE_LINE_OF_CODE":"105"}}
{"ts":1750781978619,"action":"IDE_DEACTIVATED"}
{"ts":1750782002551,"action":"IDE_ACTIVATED"}
{"ts":1750782008141,"action":"IDE_DEACTIVATED"}
{"ts":1750782010574,"action":"IDE_ACTIVATED"}
{"ts":1750782023570,"action":"FILE_CLOSED","file":"/src/main/java/com/yourcompany/game/App.java","tags":{"FILE_LINE_OF_CODE":"105"}}
{"ts":1750782023604,"action":"FILE_OPENED","file":"/src/main/java/com/yourcompany/game/PatternMatchingSwitchAnalyzer.java","tags":{"FILE_LINE_OF_CODE":"85"}}
{"ts":1750782024425,"action":"FILE_CLOSED","file":"/src/main/java/com/yourcompany/game/PatternMatchingSwitchAnalyzer.java","tags":{"FILE_LINE_OF_CODE":"85"}}
{"ts":1750782024473,"action":"FILE_OPENED","file":"/src/main/java/com/yourcompany/game/RepositoryAnalyzer.java","tags":{"FILE_LINE_OF_CODE":"112"}}
{"ts":1750782025789,"action":"FILE_CLOSED","file":"/src/main/java/com/yourcompany/game/RepositoryAnalyzer.java","tags":{"FILE_LINE_OF_CODE":"112"}}
{"ts":1750782025789,"action":"FILE_OPENED","file":"/src/main/java/com/yourcompany/game/RepositoryMetrics.java","tags":{"FILE_LINE_OF_CODE":"20"}}
{"ts":1750782029141,"action":"IDE_DEACTIVATED"}
{"ts":1750782046815,"action":"IDE_ACTIVATED"}
{"ts":1750782048763,"action":"IDE_DEACTIVATED"}
{"ts":1750782050404,"action":"IDE_ACTIVATED"}
{"ts":1750782050974,"action":"IDE_DEACTIVATED"}
{"ts":1750782052032,"action":"IDE_ACTIVATED"}
{"ts":1750782054768,"action":"FILE_CLOSED","file":"/src/main/java/com/yourcompany/game/RepositoryMetrics.java","tags":{"FILE_LINE_OF_CODE":"20"}}
{"ts":1750782054768,"action":"FILE_OPENED","file":"/src/main/java/com/yourcompany/game/HistoricalAnalyzer.java","tags":{"FILE_LINE_OF_CODE":"132"}}
{"ts":1750782080738,"action":"FILE_CLOSED","file":"/src/main/java/com/yourcompany/game/HistoricalAnalyzer.java","tags":{"FILE_LINE_OF_CODE":"132"}}
{"ts":1750782080738,"action":"FILE_OPENED","file":"/src/main/java/com/yourcompany/game/App.java","tags":{"FILE_LINE_OF_CODE":"105"}}
{"ts":1750782121827,"action":"FILE_CLOSED","file":"/src/main/java/com/yourcompany/game/App.java","tags":{"FILE_LINE_OF_CODE":"105"}}
{"ts":1750782121827,"action":"FILE_OPENED","file":"/src/main/java/com/yourcompany/game/RepositoryMetrics.java","tags":{"FILE_LINE_OF_CODE":"20"}}
{"ts":1750782124224,"action":"FILE_CLOSED","file":"/src/main/java/com/yourcompany/game/RepositoryMetrics.java","tags":{"FILE_LINE_OF_CODE":"20"}}
{"ts":1750782124224,"action":"FILE_OPENED","file":"/src/main/java/com/yourcompany/game/RepositoryAnalyzer.java","tags":{"FILE_LINE_OF_CODE":"112"}}
{"ts":1750782125995,"action":"FILE_CLOSED","file":"/src/main/java/com/yourcompany/game/RepositoryAnalyzer.java","tags":{"FILE_LINE_OF_CODE":"112"}}
{"ts":1750782125995,"action":"FILE_OPENED","file":"/src/main/java/com/yourcompany/game/HistoricalAnalyzer.java","tags":{"FILE_LINE_OF_CODE":"132"}}
{"ts":1750782148078,"action":"FILE_CLOSED","file":"/src/main/java/com/yourcompany/game/HistoricalAnalyzer.java","tags":{"FILE_LINE_OF_CODE":"132"}}
{"ts":1750782148078,"action":"FILE_OPENED","file":"/src/main/java/com/yourcompany/game/App.java","tags":{"FILE_LINE_OF_CODE":"105"}}
{"ts":1750782191605,"action":"FILE_CLOSED","file":"/src/main/java/com/yourcompany/game/App.java","tags":{"FILE_LINE_OF_CODE":"105"}}
{"ts":1750782191605,"action":"FILE_OPENED","file":"/src/main/java/com/yourcompany/game/HistoricalAnalyzer.java","tags":{"FILE_LINE_OF_CODE":"132"}}
{"ts":1750782203085,"action":"IDE_DEACTIVATED"}
{"ts":1750782213794,"action":"IDE_ACTIVATED"}
{"ts":1750782217344,"action":"IDE_DEACTIVATED"}
{"ts":1750782218804,"action":"IDE_ACTIVATED"}
{"ts":1750782219490,"action":"IDE_DEACTIVATED"}
{"ts":1750782221137,"action":"IDE_ACTIVATED"}
{"ts":1750782225144,"action":"IDE_DEACTIVATED"}
{"ts":1750782240820,"action":"IDE_ACTIVATED"}
{"ts":1750782243192,"action":"FILE_CLOSED","file":"/src/main/java/com/yourcompany/game/HistoricalAnalyzer.java","tags":{"FILE_LINE_OF_CODE":"132"}}
{"ts":1750782243195,"action":"FILE_OPENED","file":"/analysis_results.csv","tags":{"FILE_LINE_OF_CODE":"null"}}
{"ts":1750782243980,"action":"IDE_DEACTIVATED"}
{"ts":1750782257654,"action":"IDE_ACTIVATED"}
{"ts":1750782258805,"action":"FILE_CLOSED","file":"/analysis_results.csv","tags":{"FILE_LINE_OF_CODE":"null"}}
{"ts":1750782258805,"action":"FILE_OPENED","file":"/src/main/java/com/yourcompany/game/App.java","tags":{"FILE_LINE_OF_CODE":"105"}}
{"ts":1750782263798,"action":"FILE_CLOSED","file":"/src/main/java/com/yourcompany/game/App.java","tags":{"FILE_LINE_OF_CODE":"105"}}
{"ts":1750782263798,"action":"FILE_OPENED","file":"/src/main/java/com/yourcompany/game/HistoricalAnalyzer.java","tags":{"FILE_LINE_OF_CODE":"132"}}
{"ts":1750782266516,"action":"IDE_DEACTIVATED"}
{"ts":1750782277378,"action":"IDE_ACTIVATED"}
{"ts":1750782277898,"action":"IDE_DEACTIVATED"}
{"ts":1750782289454,"action":"IDE_ACTIVATED"}
{"ts":1750782290360,"action":"FILE_CLOSED","file":"/src/main/java/com/yourcompany/game/HistoricalAnalyzer.java","tags":{"FILE_LINE_OF_CODE":"132"}}
{"ts":1750782290360,"action":"FILE_OPENED","file":"/analysis_results.csv","tags":{"FILE_LINE_OF_CODE":"null"}}
{"ts":1750782294689,"action":"IDE_DEACTIVATED"}
{"ts":1750782296229,"action":"IDE_ACTIVATED"}
{"ts":1750782297966,"action":"IDE_DEACTIVATED"}
{"ts":1750782615596,"action":"IDE_ACTIVATED"}
{"ts":1750782622540,"action":"FILE_CLOSED","file":"/analysis_results.csv","tags":{"FILE_LINE_OF_CODE":"null"}}
{"ts":1750782622540,"action":"FILE_OPENED","file":"/src/main/java/com/yourcompany/game/App.java","tags":{"FILE_LINE_OF_CODE":"105"}}
{"ts":1750782637754,"action":"IDE_DEACTIVATED"}
{"ts":1750782647449,"action":"IDE_ACTIVATED"}
{"ts":1750782649617,"action":"IDE_DEACTIVATED"}
{"ts":1750782653908,"action":"IDE_ACTIVATED"}
{"ts":1750782697813,"action":"IDE_DEACTIVATED"}
{"ts":1750782804626,"action":"IDE_ACTIVATED"}
{"ts":1750782812816,"action":"IDE_DEACTIVATED"}
{"ts":1750782813582,"action":"IDE_ACTIVATED"}
{"ts":1750782821816,"action":"FILE_CLOSED","file":"/src/main/java/com/yourcompany/game/App.java","tags":{"FILE_LINE_OF_CODE":"105"}}
{"ts":1750782821817,"action":"FILE_OPENED","file":"/src/main/java/com/yourcompany/game/HistoricalAnalyzer.java","tags":{"FILE_LINE_OF_CODE":"132"}}
{"ts":1750782833668,"action":"IDE_DEACTIVATED"}
{"ts":1750782836946,"action":"IDE_ACTIVATED"}
{"ts":1750782837065,"action":"IDE_DEACTIVATED"}
{"ts":1750782857595,"action":"IDE_ACTIVATED"}
{"ts":1750782917115,"action":"IDE_DEACTIVATED"}
{"ts":1750782928014,"action":"IDE_ACTIVATED"}
{"ts":1750782955385,"action":"IDE_DEACTIVATED"}
{"ts":1750782957478,"action":"IDE_ACTIVATED"}
{"ts":1750782957846,"action":"IDE_DEACTIVATED"}
{"ts":1750782970298,"action":"IDE_ACTIVATED"}
{"ts":1750782971326,"action":"IDE_DEACTIVATED"}
{"ts":1750782972444,"action":"IDE_ACTIVATED"}
{"ts":1750782973108,"action":"IDE_DEACTIVATED"}
{"ts":1750782977210,"action":"IDE_ACTIVATED"}
{"ts":1750782978681,"action":"FILE_CLOSED","file":"/src/main/java/com/yourcompany/game/HistoricalAnalyzer.java","tags":{"FILE_LINE_OF_CODE":"132"}}
{"ts":1750782978682,"action":"FILE_OPENED","file":"/src/main/java/com/yourcompany/game/App.java","tags":{"FILE_LINE_OF_CODE":"105"}}
{"ts":1750782981775,"action":"FILE_CLOSED","file":"/src/main/java/com/yourcompany/game/App.java","tags":{"FILE_LINE_OF_CODE":"105"}}
{"ts":1750782981775,"action":"FILE_OPENED","file":"/src/main/java/com/yourcompany/game/RepositoryMetrics.java","tags":{"FILE_LINE_OF_CODE":"20"}}
{"ts":1750782985763,"action":"IDE_DEACTIVATED"}
{"ts":1750783027176,"action":"IDE_ACTIVATED"}
{"ts":1750783027442,"action":"IDE_DEACTIVATED"}
{"ts":1750783028985,"action":"IDE_ACTIVATED"}
{"ts":1750783029958,"action":"FILE_CLOSED","file":"/src/main/java/com/yourcompany/game/RepositoryMetrics.java","tags":{"FILE_LINE_OF_CODE":"20"}}
{"ts":1750783029958,"action":"FILE_OPENED","file":"/src/main/java/com/yourcompany/game/HistoricalAnalyzer.java","tags":{"FILE_LINE_OF_CODE":"132"}}
{"ts":1750783094986,"action":"IDE_DEACTIVATED"}
{"ts":1750783119150,"action":"IDE_ACTIVATED"}
{"ts":1750783135713,"action":"IDE_DEACTIVATED"}
{"ts":1750783164245,"action":"IDE_ACTIVATED"}
{"ts":1750783212585,"action":"IDE_DEACTIVATED"}
{"ts":1750783230436,"action":"IDE_ACTIVATED"}
{"ts":1750783242261,"action":"IDE_DEACTIVATED"}
{"ts":1750783242879,"action":"IDE_ACTIVATED"}
{"ts":1750783247459,"action":"IDE_DEACTIVATED"}
{"ts":1750783249956,"action":"IDE_ACTIVATED"}
{"ts":1750783250482,"action":"IDE_DEACTIVATED"}
{"ts":1750783260616,"action":"IDE_ACTIVATED"}
{"ts":1750783260738,"action":"IDE_DEACTIVATED"}
{"ts":1750783273726,"action":"IDE_ACTIVATED"}
{"ts":1750783294864,"action":"IDE_DEACTIVATED"}
{"ts":1750783298451,"action":"IDE_ACTIVATED"}
{"ts":1750783307439,"action":"IDE_DEACTIVATED"}
{"ts":1750783321870,"action":"IDE_ACTIVATED"}
{"ts":1750783427883,"action":"IDE_DEACTIVATED"}
{"ts":1750783428905,"action":"IDE_ACTIVATED"}
{"ts":1750783441886,"action":"IDE_DEACTIVATED"}
{"ts":1750783457349,"action":"IDE_ACTIVATED"}
{"ts":1750783467922,"action":"FILE_CLOSED","file":"/src/main/java/com/yourcompany/game/HistoricalAnalyzer.java","tags":{"FILE_LINE_OF_CODE":"132"}}
{"ts":1750783467976,"action":"FILE_OPENED","file":"/src/main/java/com/yourcompany/game/RepositoryAnalyzer.java","tags":{"FILE_LINE_OF_CODE":"112"}}
{"ts":1750783502985,"action":"IDE_DEACTIVATED"}
{"ts":1750783503708,"action":"IDE_ACTIVATED"}
{"ts":1750783516150,"action":"IDE_DEACTIVATED"}
{"ts":1750783518900,"action":"IDE_ACTIVATED"}
{"ts":1750783519529,"action":"IDE_DEACTIVATED"}
{"ts":1750783536767,"action":"IDE_ACTIVATED"}
{"ts":1750783545708,"action":"IDE_DEACTIVATED"}
{"ts":1750783549693,"action":"IDE_ACTIVATED"}
{"ts":1750783550295,"action":"IDE_DEACTIVATED"}
{"ts":1750783555794,"action":"IDE_ACTIVATED"}
{"ts":1750783563170,"action":"IDE_DEACTIVATED"}
{"ts":1750783567525,"action":"IDE_ACTIVATED"}
{"ts":1750783568342,"action":"IDE_DEACTIVATED"}
{"ts":1750783591050,"action":"IDE_ACTIVATED"}
{"ts":1750783591774,"action":"IDE_DEACTIVATED"}
{"ts":1750783594515,"action":"IDE_ACTIVATED"}
{"ts":1750783605557,"action":"IDE_DEACTIVATED"}
{"ts":1750783621352,"action":"IDE_ACTIVATED"}
{"ts":1750783622802,"action":"IDE_DEACTIVATED"}
{"ts":1750783630681,"action":"IDE_ACTIVATED"}
{"ts":1750783650416,"action":"IDE_DEACTIVATED"}
{"ts":1750783652873,"action":"IDE_ACTIVATED"}
{"ts":1750783659917,"action":"IDE_DEACTIVATED"}
{"ts":1750783669621,"action":"IDE_ACTIVATED"}
{"ts":1750783669770,"action":"IDE_DEACTIVATED"}
{"ts":1750783671929,"action":"IDE_ACTIVATED"}
{"ts":1750783672708,"action":"IDE_DEACTIVATED"}
{"ts":1750783674197,"action":"IDE_ACTIVATED"}
{"ts":1750783674302,"action":"IDE_DEACTIVATED"}
{"ts":1750783678670,"action":"IDE_ACTIVATED"}
{"ts":1750783679224,"action":"IDE_DEACTIVATED"}
{"ts":1750783686302,"action":"IDE_ACTIVATED"}
{"ts":1750783686811,"action":"IDE_DEACTIVATED"}
{"ts":1750783706556,"action":"IDE_ACTIVATED"}
{"ts":1750783707913,"action":"IDE_DEACTIVATED"}
{"ts":1750783711575,"action":"IDE_ACTIVATED"}
{"ts":1750783715409,"action":"IDE_DEACTIVATED"}
{"ts":1750783717368,"action":"IDE_ACTIVATED"}
{"ts":1750783739648,"action":"IDE_DEACTIVATED"}
{"ts":1750783741492,"action":"IDE_ACTIVATED"}
{"ts":1750783742247,"action":"IDE_DEACTIVATED"}
{"ts":1750783745139,"action":"IDE_ACTIVATED"}
{"ts":1750783748780,"action":"IDE_DEACTIVATED"}
{"ts":1750783751904,"action":"IDE_ACTIVATED"}
{"ts":1750783752646,"action":"IDE_DEACTIVATED"}
{"ts":1750783755011,"action":"IDE_ACTIVATED"}
{"ts":1750783761258,"action":"IDE_DEACTIVATED"}
{"ts":1750783769132,"action":"IDE_ACTIVATED"}
{"ts":1750783799564,"action":"FILE_CLOSED","file":"/src/main/java/com/yourcompany/game/RepositoryAnalyzer.java","tags":{"FILE_LINE_OF_CODE":"114"}}
{"ts":1750783799564,"action":"FILE_OPENED","file":"/src/main/java/com/yourcompany/game/HistoricalAnalyzer.java","tags":{"FILE_LINE_OF_CODE":"132"}}
{"ts":1750783800351,"action":"FILE_CLOSED","file":"/src/main/java/com/yourcompany/game/HistoricalAnalyzer.java","tags":{"FILE_LINE_OF_CODE":"132"}}
{"ts":1750783800351,"action":"FILE_OPENED","file":"/src/main/java/com/yourcompany/game/RepositoryAnalyzer.java","tags":{"FILE_LINE_OF_CODE":"114"}}
{"ts":1750783820578,"action":"IDE_DEACTIVATED"}
{"ts":1750783846911,"action":"IDE_ACTIVATED"}
{"ts":1750783941632,"action":"IDE_DEACTIVATED"}
{"ts":1750783942364,"action":"IDE_ACTIVATED"}
{"ts":1750783960172,"action":"IDE_DEACTIVATED"}
{"ts":1750783965373,"action":"IDE_ACTIVATED"}
{"ts":1750783966668,"action":"IDE_DEACTIVATED"}
{"ts":1750783988339,"action":"IDE_ACTIVATED"}
{"ts":1750783991124,"action":"IDE_DEACTIVATED"}
{"ts":1750783997279,"action":"IDE_ACTIVATED"}
{"ts":1750783997749,"action":"IDE_DEACTIVATED"}
{"ts":1750784000384,"action":"IDE_ACTIVATED"}
{"ts":1750784006461,"action":"IDE_DEACTIVATED"}
{"ts":1750784013947,"action":"IDE_ACTIVATED"}
{"ts":1750784025165,"action":"IDE_DEACTIVATED"}
{"ts":1750784029786,"action":"IDE_ACTIVATED"}
{"ts":1750784030337,"action":"IDE_DEACTIVATED"}
{"ts":1750784032047,"action":"IDE_ACTIVATED"}
{"ts":1750784032480,"action":"IDE_DEACTIVATED"}
{"ts":1750784034507,"action":"IDE_ACTIVATED"}
{"ts":1750784035039,"action":"IDE_DEACTIVATED"}
{"ts":1750784056865,"action":"IDE_ACTIVATED"}
{"ts":1750784063333,"action":"IDE_DEACTIVATED"}
{"ts":1750784064907,"action":"IDE_ACTIVATED"}
{"ts":1750784079782,"action":"IDE_DEACTIVATED"}
{"ts":1750784080681,"action":"IDE_ACTIVATED"}
{"ts":1750784082200,"action":"IDE_DEACTIVATED"}
{"ts":1750784084520,"action":"IDE_ACTIVATED"}
{"ts":1750784085046,"action":"IDE_DEACTIVATED"}
{"ts":1750784089010,"action":"IDE_ACTIVATED"}
{"ts":1750784089799,"action":"IDE_DEACTIVATED"}
{"ts":1750784096725,"action":"IDE_ACTIVATED"}
{"ts":1750784097486,"action":"IDE_DEACTIVATED"}
{"ts":1750784101232,"action":"IDE_ACTIVATED"}
{"ts":1750784101519,"action":"IDE_DEACTIVATED"}
{"ts":1750784102082,"action":"IDE_ACTIVATED"}
{"ts":1750784102436,"action":"IDE_DEACTIVATED"}
{"ts":1750784104255,"action":"IDE_ACTIVATED"}
{"ts":1750784114028,"action":"FILE_CLOSED","file":"/src/main/java/com/yourcompany/game/RepositoryAnalyzer.java","tags":{"FILE_LINE_OF_CODE":"114"}}
{"ts":1750784114028,"action":"FILE_OPENED","file":"/src/main/java/com/yourcompany/game/RepositoryMetrics.java","tags":{"FILE_LINE_OF_CODE":"20"}}
{"ts":1750784117851,"action":"IDE_DEACTIVATED"}
{"ts":1750784119857,"action":"IDE_ACTIVATED"}
{"ts":1750784120334,"action":"IDE_DEACTIVATED"}
{"ts":1750784167822,"action":"IDE_ACTIVATED"}
{"ts":1750784170376,"action":"FILE_CLOSED","file":"/src/main/java/com/yourcompany/game/RepositoryMetrics.java","tags":{"FILE_LINE_OF_CODE":"20"}}
{"ts":1750784170376,"action":"FILE_OPENED","file":"/pom.xml","tags":{"FILE_LINE_OF_CODE":"69"}}
{"ts":1750784170644,"action":"FILE_CLOSED","file":"/pom.xml","tags":{"FILE_LINE_OF_CODE":"69"}}
{"ts":1750784170659,"action":"FILE_OPENED","file":"/analysis_results.csv","tags":{"FILE_LINE_OF_CODE":"null"}}
{"ts":1750784172242,"action":"IDE_DEACTIVATED"}
{"ts":1750784195702,"action":"IDE_ACTIVATED"}
{"ts":1750784200279,"action":"FILE_CLOSED","file":"/analysis_results.csv","tags":{"FILE_LINE_OF_CODE":"null"}}
{"ts":1750784200279,"action":"FILE_OPENED","file":"/src/main/java/com/yourcompany/game/HistoricalAnalyzer.java","tags":{"FILE_LINE_OF_CODE":"132"}}
{"ts":1750784201868,"action":"IDE_DEACTIVATED"}
{"ts":1750784202460,"action":"IDE_ACTIVATED"}
{"ts":1750784203388,"action":"IDE_DEACTIVATED"}
{"ts":1750784230217,"action":"IDE_ACTIVATED"}
{"ts":1750784251216,"action":"IDE_DEACTIVATED"}
{"ts":1750784264248,"action":"IDE_ACTIVATED"}
{"ts":1750784265834,"action":"IDE_DEACTIVATED"}
{"ts":1750784282033,"action":"IDE_ACTIVATED"}
{"ts":1750784282965,"action":"IDE_DEACTIVATED"}
{"ts":1750784325459,"action":"IDE_ACTIVATED"}
{"ts":1750784325654,"action":"IDE_DEACTIVATED"}
{"ts":1750784398303,"action":"IDE_ACTIVATED"}
{"ts":1750784401309,"action":"IDE_DEACTIVATED"}
{"ts":1750784465555,"action":"IDE_ACTIVATED"}
{"ts":1750784466089,"action":"IDE_DEACTIVATED"}
{"ts":1750784472254,"action":"IDE_ACTIVATED"}
{"ts":1750784486661,"action":"IDE_DEACTIVATED"}
{"ts":1750784523203,"action":"IDE_ACTIVATED"}
{"ts":1750784526885,"action":"IDE_DEACTIVATED"}
{"ts":1750784534017,"action":"IDE_ACTIVATED"}
{"ts":1750784544099,"action":"IDE_DEACTIVATED"}
{"ts":1750784556606,"action":"IDE_ACTIVATED"}
{"ts":1750784562370,"action":"IDE_DEACTIVATED"}
{"ts":1750784564776,"action":"IDE_ACTIVATED"}
{"ts":1750784565255,"action":"IDE_DEACTIVATED"}
{"ts":1750784606323,"action":"IDE_ACTIVATED"}
{"ts":1750784613916,"action":"IDE_DEACTIVATED"}
{"ts":1750784621246,"action":"IDE_ACTIVATED"}
{"ts":1750784621837,"action":"IDE_DEACTIVATED"}
{"ts":1750784630503,"action":"IDE_ACTIVATED"}
{"ts":1750784633371,"action":"IDE_DEACTIVATED"}
{"ts":1750784638874,"action":"IDE_ACTIVATED"}
{"ts":1750784660081,"action":"IDE_DEACTIVATED"}
{"ts":1750784663263,"action":"IDE_ACTIVATED"}
{"ts":1750784663683,"action":"IDE_DEACTIVATED"}
{"ts":1750784667652,"action":"IDE_ACTIVATED"}
{"ts":1750784676131,"action":"IDE_DEACTIVATED"}
{"ts":1750784681019,"action":"IDE_ACTIVATED"}
{"ts":1750784682710,"action":"IDE_DEACTIVATED"}
{"ts":1750784710741,"action":"IDE_ACTIVATED"}
{"ts":1750784719960,"action":"IDE_DEACTIVATED"}
{"ts":1750784731084,"action":"IDE_ACTIVATED"}
{"ts":1750784737630,"action":"IDE_DEACTIVATED"}
{"ts":1750784740533,"action":"IDE_ACTIVATED"}
{"ts":1750784742371,"action":"IDE_DEACTIVATED"}
{"ts":1750784760675,"action":"IDE_ACTIVATED"}
{"ts":1750784769512,"action":"IDE_DEACTIVATED"}
{"ts":1750784770436,"action":"IDE_ACTIVATED"}
{"ts":1750784771106,"action":"IDE_DEACTIVATED"}
{"ts":1750784772100,"action":"IDE_ACTIVATED"}
{"ts":1750784772586,"action":"IDE_DEACTIVATED"}
{"ts":1750784788958,"action":"IDE_ACTIVATED"}
{"ts":1750784804511,"action":"IDE_DEACTIVATED"}
{"ts":1750784805099,"action":"IDE_ACTIVATED"}
{"ts":1750784805285,"action":"IDE_DEACTIVATED"}
{"ts":1750784807213,"action":"IDE_ACTIVATED"}
{"ts":1750784817599,"action":"IDE_DEACTIVATED"}
{"ts":1750784820527,"action":"IDE_ACTIVATED"}
{"ts":1750784821870,"action":"IDE_DEACTIVATED"}
{"ts":1750784854432,"action":"IDE_ACTIVATED"}
{"ts":1750784858207,"action":"IDE_DEACTIVATED"}
{"ts":1750784862821,"action":"IDE_ACTIVATED"}
{"ts":1750784879600,"action":"IDE_DEACTIVATED"}
{"ts":1750784972705,"action":"IDE_ACTIVATED"}
{"ts":1750784976363,"action":"IDE_DEACTIVATED"}
{"ts":1750784984115,"action":"IDE_ACTIVATED"}
{"ts":1750784985384,"action":"IDE_DEACTIVATED"}
{"ts":1750784990956,"action":"IDE_ACTIVATED"}
{"ts":1750784999621,"action":"IDE_DEACTIVATED"}
{"ts":1750785217554,"action":"IDE_ACTIVATED"}
{"ts":1750785227426,"action":"IDE_DEACTIVATED"}
{"ts":1750785229151,"action":"IDE_ACTIVATED"}
{"ts":1750785229347,"action":"IDE_DEACTIVATED"}
{"ts":1750785230434,"action":"IDE_ACTIVATED"}
{"ts":1750785230766,"action":"IDE_DEACTIVATED"}
{"ts":1750785231188,"action":"IDE_ACTIVATED"}
{"ts":1750785269384,"action":"IDE_DEACTIVATED"}
{"ts":1750785280499,"action":"IDE_ACTIVATED"}
{"ts":1750785291936,"action":"IDE_DEACTIVATED"}
{"ts":1750785294275,"action":"IDE_ACTIVATED"}
{"ts":1750785302272,"action":"IDE_DEACTIVATED"}
{"ts":1750785302752,"action":"IDE_ACTIVATED"}
{"ts":1750785302805,"action":"IDE_DEACTIVATED"}
{"ts":1750785316884,"action":"IDE_ACTIVATED"}
{"ts":1750785317927,"action":"IDE_DEACTIVATED"}
{"ts":1750785319001,"action":"IDE_ACTIVATED"}
{"ts":1750785324501,"action":"IDE_DEACTIVATED"}
{"ts":1750785372055,"action":"IDE_ACTIVATED"}
{"ts":1750785374497,"action":"IDE_DEACTIVATED"}
{"ts":1750785376739,"action":"IDE_ACTIVATED"}
{"ts":1750785380051,"action":"IDE_DEACTIVATED"}
{"ts":1750785382408,"action":"IDE_ACTIVATED"}
{"ts":1750785453857,"action":"IDE_DEACTIVATED"}
{"ts":1750785456034,"action":"IDE_ACTIVATED"}
{"ts":1750785475148,"action":"IDE_DEACTIVATED"}
{"ts":1750785492274,"action":"IDE_ACTIVATED"}
{"ts":1750785492623,"action":"IDE_DEACTIVATED"}
{"ts":1750785502038,"action":"IDE_ACTIVATED"}
{"ts":1750785513856,"action":"IDE_DEACTIVATED"}
{"ts":1750785523256,"action":"IDE_ACTIVATED"}
{"ts":1750785526024,"action":"IDE_DEACTIVATED"}
{"ts":1750785567629,"action":"IDE_ACTIVATED"}
{"ts":1750785568998,"action":"IDE_DEACTIVATED"}
{"ts":1750785575376,"action":"IDE_ACTIVATED"}
{"ts":1750785586751,"action":"IDE_DEACTIVATED"}
{"ts":1750785588589,"action":"IDE_ACTIVATED"}
{"ts":1750785588677,"action":"IDE_DEACTIVATED"}
{"ts":1750785588710,"action":"IDE_ACTIVATED"}
{"ts":1750785594535,"action":"IDE_DEACTIVATED"}
{"ts":1750785595732,"action":"IDE_ACTIVATED"}
{"ts":1750785596906,"action":"FILE_CLOSED","file":"/src/main/java/com/yourcompany/game/HistoricalAnalyzer.java","tags":{"FILE_LINE_OF_CODE":"149"}}
{"ts":1750785596906,"action":"FILE_OPENED","file":"/src/main/java/com/yourcompany/game/RepositoryMetrics.java","tags":{"FILE_LINE_OF_CODE":"20"}}
{"ts":1750785599267,"action":"FILE_CLOSED","file":"/src/main/java/com/yourcompany/game/RepositoryMetrics.java","tags":{"FILE_LINE_OF_CODE":"20"}}
{"ts":1750785599267,"action":"FILE_OPENED","file":"/src/main/java/com/yourcompany/game/RepositoryAnalyzer.java","tags":{"FILE_LINE_OF_CODE":"114"}}
{"ts":1750785602141,"action":"IDE_DEACTIVATED"}
{"ts":1750785603738,"action":"IDE_ACTIVATED"}
{"ts":1750785604116,"action":"IDE_DEACTIVATED"}
{"ts":1750785608799,"action":"IDE_ACTIVATED"}
{"ts":1750785610885,"action":"IDE_DEACTIVATED"}
{"ts":1750785615060,"action":"IDE_ACTIVATED"}
{"ts":1750785618019,"action":"IDE_DEACTIVATED"}
{"ts":1750785618609,"action":"IDE_ACTIVATED"}
{"ts":1750785628089,"action":"IDE_DEACTIVATED"}
{"ts":1750785629058,"action":"IDE_ACTIVATED"}
{"ts":1750785631308,"action":"IDE_DEACTIVATED"}
{"ts":1750785632569,"action":"IDE_ACTIVATED"}
{"ts":1750785633106,"action":"IDE_DEACTIVATED"}
{"ts":1750785636927,"action":"IDE_ACTIVATED"}
{"ts":1750785651915,"action":"IDE_DEACTIVATED"}
{"ts":1750785657290,"action":"IDE_ACTIVATED"}
{"ts":1750785660645,"action":"IDE_DEACTIVATED"}
{"ts":1750785668671,"action":"IDE_ACTIVATED"}
{"ts":1750785670830,"action":"IDE_DEACTIVATED"}
{"ts":1750785675366,"action":"IDE_ACTIVATED"}
{"ts":1750785676201,"action":"IDE_DEACTIVATED"}
{"ts":1750785676702,"action":"IDE_ACTIVATED"}
{"ts":1750785677751,"action":"IDE_DEACTIVATED"}
{"ts":1750785680084,"action":"IDE_ACTIVATED"}
{"ts":1750785687419,"action":"IDE_DEACTIVATED"}
{"ts":1750785693461,"action":"IDE_ACTIVATED"}
{"ts":1750785695477,"action":"IDE_DEACTIVATED"}
{"ts":1750785702894,"action":"IDE_ACTIVATED"}
{"ts":1750785703747,"action":"IDE_DEACTIVATED"}
{"ts":1750785708680,"action":"IDE_ACTIVATED"}
{"ts":1750785713816,"action":"IDE_DEACTIVATED"}
{"ts":1750785745340,"action":"IDE_ACTIVATED"}
{"ts":1750785746920,"action":"IDE_DEACTIVATED"}
{"ts":1750785812163,"action":"IDE_ACTIVATED"}
{"ts":1750785813782,"action":"IDE_DEACTIVATED"}
{"ts":1750785852068,"action":"IDE_ACTIVATED"}
{"ts":1750785863782,"action":"IDE_DEACTIVATED"}
{"ts":1750785871063,"action":"IDE_ACTIVATED"}
{"ts":1750785880560,"action":"IDE_DEACTIVATED"}
{"ts":1750785887508,"action":"IDE_ACTIVATED"}
{"ts":1750785895165,"action":"IDE_DEACTIVATED"}
{"ts":1750785930266,"action":"IDE_ACTIVATED"}
{"ts":1750785941446,"action":"IDE_DEACTIVATED"}
{"ts":1750785961657,"action":"IDE_ACTIVATED"}
{"ts":1750785962855,"action":"IDE_DEACTIVATED"}
{"ts":1750785977452,"action":"IDE_ACTIVATED"}
{"ts":1750785986558,"action":"IDE_DEACTIVATED"}
{"ts":1750785990771,"action":"IDE_ACTIVATED"}
{"ts":1750785992118,"action":"IDE_DEACTIVATED"}
{"ts":1750786001566,"action":"IDE_ACTIVATED"}
{"ts":1750786019872,"action":"IDE_DEACTIVATED"}
{"ts":1750786021988,"action":"IDE_ACTIVATED"}
{"ts":1750786026570,"action":"IDE_DEACTIVATED"}
{"ts":1750786030756,"action":"IDE_ACTIVATED"}
{"ts":1750786034879,"action":"IDE_DEACTIVATED"}
{"ts":1750786663732,"action":"IDE_ACTIVATED"}
{"ts":1750786664839,"action":"IDE_DEACTIVATED"}
{"ts":1750786687679,"action":"IDE_ACTIVATED"}
{"ts":1750786694554,"action":"IDE_DEACTIVATED"}
{"ts":1750786695000,"action":"IDE_ACTIVATED"}
{"ts":1750786701336,"action":"IDE_DEACTIVATED"}
{"ts":1750786703198,"action":"IDE_ACTIVATED"}
{"ts":1750786706913,"action":"IDE_DEACTIVATED"}
{"ts":1750786723847,"action":"IDE_ACTIVATED"}
{"ts":1750786725570,"action":"IDE_DEACTIVATED"}
{"ts":1750786789910,"action":"IDE_ACTIVATED"}
{"ts":1750786798918,"action":"IDE_DEACTIVATED"}
{"ts":1750786852754,"action":"IDE_ACTIVATED"}
{"ts":1750786853731,"action":"IDE_DEACTIVATED"}
{"ts":1750786874631,"action":"IDE_ACTIVATED"}
{"ts":1750786875271,"action":"IDE_DEACTIVATED"}
{"ts":1750786875765,"action":"IDE_ACTIVATED"}
{"ts":1750786893926,"action":"IDE_DEACTIVATED"}
{"ts":1750786899274,"action":"IDE_ACTIVATED"}
{"ts":1750786899517,"action":"IDE_DEACTIVATED"}
{"ts":1750786900112,"action":"IDE_ACTIVATED"}
{"ts":1750786901476,"action":"IDE_DEACTIVATED"}
{"ts":1750786909757,"action":"IDE_ACTIVATED"}
{"ts":1750786910497,"action":"IDE_DEACTIVATED"}
{"ts":1750786914487,"action":"IDE_ACTIVATED"}
{"ts":1750786915031,"action":"IDE_DEACTIVATED"}
{"ts":1750786921067,"action":"IDE_ACTIVATED"}
{"ts":1750786921328,"action":"IDE_DEACTIVATED"}
{"ts":1750786941887,"action":"IDE_ACTIVATED"}
{"ts":1750786942465,"action":"IDE_DEACTIVATED"}
{"ts":1750786953380,"action":"IDE_ACTIVATED"}
{"ts":1750786953627,"action":"IDE_DEACTIVATED"}
{"ts":1750786954517,"action":"IDE_ACTIVATED"}
{"ts":1750786955039,"action":"IDE_DEACTIVATED"}
{"ts":1750786956215,"action":"IDE_ACTIVATED"}
{"ts":1750786956627,"action":"IDE_DEACTIVATED"}
{"ts":1750786958747,"action":"IDE_ACTIVATED"}
{"ts":1750786959222,"action":"IDE_DEACTIVATED"}
{"ts":1750787013662,"action":"IDE_ACTIVATED"}
{"ts":1750787022981,"action":"IDE_DEACTIVATED"}
{"ts":1750787033584,"action":"IDE_ACTIVATED"}
{"ts":1750787035252,"action":"IDE_DEACTIVATED"}
{"ts":1750787062351,"action":"IDE_ACTIVATED"}
{"ts":1750787064156,"action":"IDE_DEACTIVATED"}
{"ts":1750787212438,"action":"IDE_ACTIVATED"}
{"ts":1750787215665,"action":"IDE_DEACTIVATED"}
{"ts":1750787218676,"action":"IDE_ACTIVATED"}
{"ts":1750787221699,"action":"IDE_DEACTIVATED"}
{"ts":1750787229849,"action":"IDE_ACTIVATED"}
{"ts":1750787230293,"action":"IDE_DEACTIVATED"}
{"ts":1750787372410,"action":"IDE_ACTIVATED"}
{"ts":1750787375403,"action":"IDE_DEACTIVATED"}
{"ts":1750787562342,"action":"IDE_ACTIVATED"}
{"ts":1750787567231,"action":"IDE_DEACTIVATED"}
{"ts":1750787937342,"action":"IDE_ACTIVATED"}
{"ts":1750787938170,"action":"IDE_DEACTIVATED"}
{"ts":1750791860319,"action":"IDE_ACTIVATED"}
{"ts":1750791867860,"action":"IDE_DEACTIVATED"}
{"ts":1750791873594,"action":"IDE_ACTIVATED"}
{"ts":1750791896980,"action":"IDE_DEACTIVATED"}
{"ts":1750792028406,"action":"IDE_ACTIVATED"}
{"ts":1750792028890,"action":"IDE_DEACTIVATED"}
{"ts":1750792031998,"action":"IDE_ACTIVATED"}
{"ts":1750792033242,"action":"IDE_DEACTIVATED"}
{"ts":1750792078409,"action":"IDE_ACTIVATED"}
{"ts":1750792080769,"action":"IDE_DEACTIVATED"}
{"ts":1750793068373,"action":"IDE_ACTIVATED"}
{"ts":1750793078619,"action":"IDE_DEACTIVATED"}
{"ts":1750793598726,"action":"IDE_ACTIVATED"}
{"ts":1750793600411,"action":"IDE_DEACTIVATED"}
{"ts":1750793601059,"action":"IDE_ACTIVATED"}
{"ts":1750794134212,"action":"IDE_DEACTIVATED"}
{"ts":1750794416757,"action":"IDE_ACTIVATED"}
{"ts":1750794436980,"action":"IDE_DEACTIVATED"}
{"ts":1750831427568,"action":"IDE_ACTIVATED"}
{"ts":1750831427790,"action":"IDE_DEACTIVATED"}
{"ts":1750831428565,"action":"IDE_ACTIVATED"}
{"ts":1750831477741,"action":"IDE_DEACTIVATED"}
{"ts":1750841053652,"action":"IDE_ACTIVATED"}
{"ts":1750841055589,"action":"IDE_DEACTIVATED"}
{"ts":1750841072946,"action":"IDE_ACTIVATED"}
{"ts":1750841078162,"action":"FILE_CLOSED","file":"/src/main/java/com/yourcompany/game/RepositoryAnalyzer.java","tags":{"FILE_LINE_OF_CODE":"114"}}
{"ts":1750841078162,"action":"FILE_OPENED","file":"/analysis_results.csv","tags":{"FILE_LINE_OF_CODE":"null"}}
{"ts":1750841081890,"action":"IDE_DEACTIVATED"}
{"ts":1750841342534,"action":"IDE_ACTIVATED"}
{"ts":1750841343342,"action":"IDE_DEACTIVATED"}
{"ts":1750842382845,"action":"IDE_ACTIVATED"}
{"ts":1750842383628,"action":"IDE_DEACTIVATED"}
{"ts":1750842384048,"action":"IDE_ACTIVATED"}
{"ts":1750842384780,"action":"IDE_DEACTIVATED"}
{"ts":1750842385598,"action":"IDE_ACTIVATED"}
{"ts":1750842422532,"action":"IDE_DEACTIVATED"}
{"ts":1750846761723,"action":"IDE_ACTIVATED"}
{"ts":1750846763939,"action":"IDE_DEACTIVATED"}
{"ts":1750846796055,"action":"IDE_ACTIVATED"}
{"ts":1750846807809,"action":"IDE_DEACTIVATED"}
{"ts":1750846887276,"action":"IDE_ACTIVATED"}
{"ts":1750846890765,"action":"IDE_DEACTIVATED"}
{"ts":1750846956764,"action":"IDE_ACTIVATED"}
{"ts":1750846957523,"action":"IDE_DEACTIVATED"}
{"ts":1750846958672,"action":"IDE_ACTIVATED"}
{"ts":1750846958833,"action":"IDE_DEACTIVATED"}
{"ts":1750847063410,"action":"IDE_ACTIVATED"}
{"ts":1750847095738,"action":"IDE_DEACTIVATED"}
{"ts":1750847129790,"action":"IDE_ACTIVATED"}
{"ts":1750847136902,"action":"IDE_DEACTIVATED"}
{"ts":1750849301641,"action":"IDE_ACTIVATED"}
{"ts":1750849302409,"action":"IDE_DEACTIVATED"}
{"ts":1750849785062,"action":"IDE_ACTIVATED"}
{"ts":1750849787298,"action":"PROJECT_CLOSED","tags":{"PROJECT_NAME":"Parsing"}}
{"ts":1751837740649,"action":"PROJECT_OPENED","tags":{"PROJECT_NAME":"Parsing"}}
{"ts":1751838170409,"action":"PROJECT_CLOSED","tags":{"PROJECT_NAME":"Parsing"}}
{"ts":1751838394984,"action":"PROJECT_OPENED","tags":{"PROJECT_NAME":"Parsing"}}
{"ts":1751838396975,"action":"FILE_CLOSED","file":"/src/main/java/com/yourcompany/game/SealedClassAnalyzer.java","tags":{"FILE_LINE_OF_CODE":"63"}}
{"ts":1751839098575,"action":"FILE_OPENED","file":"/src/main/java/com/yourcompany/game/SealedClassAnalyzer.java","tags":{"FILE_LINE_OF_CODE":"63"}}
{"ts":1751839128285,"action":"IDE_DEACTIVATED"}
{"ts":1751839128811,"action":"IDE_ACTIVATED"}
{"ts":1751839129429,"action":"IDE_DEACTIVATED"}
{"ts":1751839250804,"action":"IDE_ACTIVATED"}
{"ts":1751839250949,"action":"IDE_DEACTIVATED"}
{"ts":1751839251137,"action":"IDE_ACTIVATED"}
{"ts":1751839251237,"action":"IDE_DEACTIVATED"}
{"ts":1751864168870,"action":"IDE_ACTIVATED"}
{"ts":1751864170050,"action":"IDE_DEACTIVATED"}
{"ts":1751865478499,"action":"IDE_ACTIVATED"}
{"ts":1751865482253,"action":"IDE_DEACTIVATED"}
{"ts":1751865534244,"action":"IDE_ACTIVATED"}
{"ts":1751865535793,"action":"IDE_DEACTIVATED"}
{"ts":1751865541560,"action":"IDE_ACTIVATED"}
{"ts":1751865549166,"action":"IDE_DEACTIVATED"}
{"ts":1751899144603,"action":"IDE_ACTIVATED"}
{"ts":1751899153161,"action":"IDE_DEACTIVATED"}
{"ts":1751899278639,"action":"IDE_ACTIVATED"}
{"ts":1751899279626,"action":"IDE_DEACTIVATED"}
{"ts":1751900353356,"action":"IDE_ACTIVATED"}
{"ts":1751900354013,"action":"IDE_DEACTIVATED"}
{"ts":1751901497960,"action":"IDE_ACTIVATED"}
{"ts":1751901498271,"action":"IDE_DEACTIVATED"}
{"ts":1751901544312,"action":"IDE_ACTIVATED"}
{"ts":1751901545459,"action":"PROJECT_CLOSED","tags":{"PROJECT_NAME":"Parsing"}}
{"ts":1751901617912,"action":"FILE_OPENED","file":"/src/main/java/com/yourcompany/game/SealedClassAnalyzer.java","tags":{"FILE_LINE_OF_CODE":"63"}}
{"ts":1751901618871,"action":"PROJECT_OPENED","tags":{"PROJECT_NAME":"Parsing"}}
{"ts":1751901621738,"action":"IDE_DEACTIVATED"}
{"ts":1751901632572,"action":"IDE_ACTIVATED"}
{"ts":1751901659908,"action":"IDE_DEACTIVATED"}
{"ts":1751901688770,"action":"IDE_ACTIVATED"}
{"ts":1751901700807,"action":"IDE_DEACTIVATED"}
{"ts":1751901710461,"action":"IDE_ACTIVATED"}
{"ts":1751901749358,"action":"FILE_CLOSED","file":"/src/main/java/com/yourcompany/game/SealedClassAnalyzer.java","tags":{"FILE_LINE_OF_CODE":"63"}}
{"ts":1751901749418,"action":"FILE_OPENED","file":"/src/main/java/com/yourcompany/game/App.java","tags":{"FILE_LINE_OF_CODE":"105"}}
{"ts":1751901777225,"action":"IDE_DEACTIVATED"}
{"ts":1751901777589,"action":"IDE_ACTIVATED"}
{"ts":1751901782140,"action":"IDE_DEACTIVATED"}
{"ts":1751901789324,"action":"IDE_ACTIVATED"}
{"ts":1751901790127,"action":"IDE_DEACTIVATED"}
{"ts":1751901886079,"action":"IDE_ACTIVATED"}
{"ts":1751901886557,"action":"IDE_DEACTIVATED"}
{"ts":1751901888245,"action":"IDE_ACTIVATED"}
{"ts":1751901896919,"action":"IDE_DEACTIVATED"}
{"ts":1751901918324,"action":"IDE_ACTIVATED"}
{"ts":1751901918770,"action":"IDE_DEACTIVATED"}
{"ts":1751902184641,"action":"IDE_ACTIVATED"}
{"ts":1751902187016,"action":"IDE_DEACTIVATED"}
{"ts":1751902188358,"action":"IDE_ACTIVATED"}
{"ts":1751902212385,"action":"IDE_DEACTIVATED"}
{"ts":1751902213956,"action":"IDE_ACTIVATED"}
{"ts":1751902214368,"action":"IDE_DEACTIVATED"}
{"ts":1751902216853,"action":"IDE_ACTIVATED"}
{"ts":1751902217297,"action":"IDE_DEACTIVATED"}
{"ts":1751902268698,"action":"IDE_ACTIVATED"}
{"ts":1751902276314,"action":"IDE_DEACTIVATED"}
{"ts":1751902282000,"action":"IDE_ACTIVATED"}
{"ts":1751902282361,"action":"IDE_DEACTIVATED"}
{"ts":1751902488623,"action":"IDE_ACTIVATED"}
{"ts":1751902501914,"action":"IDE_DEACTIVATED"}
{"ts":1751902506043,"action":"IDE_ACTIVATED"}
{"ts":1751902507590,"action":"IDE_DEACTIVATED"}
{"ts":1751902509393,"action":"IDE_ACTIVATED"}
{"ts":1751902516433,"action":"IDE_DEACTIVATED"}
{"ts":1751902517486,"action":"IDE_ACTIVATED"}
{"ts":1751902523411,"action":"IDE_DEACTIVATED"}
{"ts":1751902524964,"action":"IDE_ACTIVATED"}
{"ts":1751902526890,"action":"IDE_DEACTIVATED"}
{"ts":1751902527362,"action":"IDE_ACTIVATED"}
{"ts":1751902561035,"action":"IDE_DEACTIVATED"}
{"ts":1751902589281,"action":"IDE_ACTIVATED"}
{"ts":1751902632201,"action":"IDE_DEACTIVATED"}
{"ts":1751902803094,"action":"IDE_ACTIVATED"}
{"ts":1751902803611,"action":"IDE_DEACTIVATED"}
{"ts":1751902804102,"action":"IDE_ACTIVATED"}
{"ts":1751902805756,"action":"IDE_DEACTIVATED"}
{"ts":1751902827826,"action":"IDE_ACTIVATED"}
{"ts":1751902828215,"action":"IDE_DEACTIVATED"}
{"ts":1751902829326,"action":"IDE_ACTIVATED"}
{"ts":1751902845734,"action":"IDE_DEACTIVATED"}
{"ts":1751902847239,"action":"IDE_ACTIVATED"}
{"ts":1751902892047,"action":"IDE_DEACTIVATED"}
{"ts":1751902896726,"action":"IDE_ACTIVATED"}
{"ts":1751902915066,"action":"IDE_DEACTIVATED"}
{"ts":1751902915439,"action":"IDE_ACTIVATED"}
{"ts":1751902917300,"action":"IDE_DEACTIVATED"}
{"ts":1751902918662,"action":"IDE_ACTIVATED"}
{"ts":1751902941930,"action":"IDE_DEACTIVATED"}
{"ts":1751902944631,"action":"IDE_ACTIVATED"}
{"ts":1751902945867,"action":"IDE_DEACTIVATED"}
{"ts":1751902955209,"action":"IDE_ACTIVATED"}
{"ts":1751902955496,"action":"IDE_DEACTIVATED"}
{"ts":1751902958643,"action":"IDE_ACTIVATED"}
{"ts":1751902965756,"action":"IDE_DEACTIVATED"}
{"ts":1751902969716,"action":"IDE_ACTIVATED"}
{"ts":1751902973094,"action":"IDE_DEACTIVATED"}
{"ts":1751902976210,"action":"IDE_ACTIVATED"}
{"ts":1751903009888,"action":"IDE_DEACTIVATED"}
{"ts":1751903010765,"action":"IDE_ACTIVATED"}
{"ts":1751903012345,"action":"IDE_DEACTIVATED"}
{"ts":1751903018415,"action":"IDE_ACTIVATED"}
{"ts":1751903018673,"action":"IDE_DEACTIVATED"}
{"ts":1751903025892,"action":"IDE_ACTIVATED"}
{"ts":1751903026984,"action":"IDE_DEACTIVATED"}
{"ts":1751903031609,"action":"IDE_ACTIVATED"}
{"ts":1751903032141,"action":"IDE_DEACTIVATED"}
{"ts":1751903033678,"action":"IDE_ACTIVATED"}
{"ts":1751903034016,"action":"IDE_DEACTIVATED"}
{"ts":1751903034773,"action":"IDE_ACTIVATED"}
{"ts":1751903035062,"action":"IDE_DEACTIVATED"}
{"ts":1751903053196,"action":"IDE_ACTIVATED"}
{"ts":1751903071736,"action":"IDE_DEACTIVATED"}
{"ts":1751903088460,"action":"IDE_ACTIVATED"}
{"ts":1751903089096,"action":"IDE_DEACTIVATED"}
{"ts":1751903093854,"action":"IDE_ACTIVATED"}
{"ts":1751903113158,"action":"IDE_DEACTIVATED"}
{"ts":1751903116160,"action":"IDE_ACTIVATED"}
{"ts":1751903118248,"action":"IDE_DEACTIVATED"}
{"ts":1751903118619,"action":"IDE_ACTIVATED"}
{"ts":1751903118871,"action":"IDE_DEACTIVATED"}
{"ts":1751903120549,"action":"IDE_ACTIVATED"}
{"ts":1751903139958,"action":"FILE_CLOSED","file":"/src/main/java/com/yourcompany/game/App.java","tags":{"FILE_LINE_OF_CODE":"131"}}
{"ts":1751903139989,"action":"FILE_OPENED","file":"/src/main/java/com/yourcompany/game/HistoricalAnalyzer.java","tags":{"FILE_LINE_OF_CODE":"151"}}
{"ts":1751903140517,"action":"FILE_CLOSED","file":"/src/main/java/com/yourcompany/game/HistoricalAnalyzer.java","tags":{"FILE_LINE_OF_CODE":"151"}}
{"ts":1751903140536,"action":"FILE_OPENED","file":"/src/main/java/com/yourcompany/game/PatternMatchingSwitchAnalyzer.java","tags":{"FILE_LINE_OF_CODE":"85"}}
{"ts":1751903141206,"action":"FILE_CLOSED","file":"/src/main/java/com/yourcompany/game/PatternMatchingSwitchAnalyzer.java","tags":{"FILE_LINE_OF_CODE":"85"}}
{"ts":1751903141222,"action":"FILE_OPENED","file":"/src/main/java/com/yourcompany/game/Main.java","tags":{"FILE_LINE_OF_CODE":"121"}}
{"ts":1751903148049,"action":"IDE_DEACTIVATED"}
{"ts":1751903150219,"action":"IDE_ACTIVATED"}
{"ts":1751903152398,"action":"FILE_CLOSED","file":"/src/main/java/com/yourcompany/game/Main.java","tags":{"FILE_LINE_OF_CODE":"121"}}
{"ts":1751903152398,"action":"FILE_OPENED","file":"/src/main/java/com/yourcompany/game/App.java","tags":{"FILE_LINE_OF_CODE":"131"}}
{"ts":1751903154731,"action":"FILE_CLOSED","file":"/src/main/java/com/yourcompany/game/App.java","tags":{"FILE_LINE_OF_CODE":"131"}}
{"ts":1751903154731,"action":"FILE_OPENED","file":"/src/main/java/com/yourcompany/game/Main.java","tags":{"FILE_LINE_OF_CODE":"121"}}
{"ts":1751903155630,"action":"FILE_CLOSED","file":"/src/main/java/com/yourcompany/game/Main.java","tags":{"FILE_LINE_OF_CODE":"121"}}
{"ts":1751903155630,"action":"FILE_OPENED","file":"/src/main/java/com/yourcompany/game/App.java","tags":{"FILE_LINE_OF_CODE":"131"}}
{"ts":1751903157591,"action":"FILE_CLOSED","file":"/src/main/java/com/yourcompany/game/App.java","tags":{"FILE_LINE_OF_CODE":"131"}}
{"ts":1751903157591,"action":"FILE_OPENED","file":"/src/main/java/com/yourcompany/game/Main.java","tags":{"FILE_LINE_OF_CODE":"121"}}
{"ts":1751903169074,"action":"FILE_CLOSED","file":"/src/main/java/com/yourcompany/game/Main.java","tags":{"FILE_LINE_OF_CODE":"121"}}
{"ts":1751903169074,"action":"FILE_OPENED","file":"/src/main/java/com/yourcompany/game/App.java","tags":{"FILE_LINE_OF_CODE":"131"}}
{"ts":1751903172094,"action":"FILE_CLOSED","file":"/src/main/java/com/yourcompany/game/App.java","tags":{"FILE_LINE_OF_CODE":"131"}}
{"ts":1751903172094,"action":"FILE_OPENED","file":"/src/main/java/com/yourcompany/game/Main.java","tags":{"FILE_LINE_OF_CODE":"121"}}
{"ts":1751903173927,"action":"FILE_OPENED","file":"/src/main/java/com/yourcompany/game/App.java","tags":{"FILE_LINE_OF_CODE":"131"}}
{"ts":1751903176693,"action":"IDE_DEACTIVATED"}
{"ts":1751903218285,"action":"IDE_ACTIVATED"}
{"ts":1751903269505,"action":"IDE_DEACTIVATED"}
{"ts":1751903563560,"action":"IDE_ACTIVATED"}
{"ts":1751903568023,"action":"IDE_DEACTIVATED"}
{"ts":1751903613287,"action":"IDE_ACTIVATED"}
{"ts":1751903613560,"action":"IDE_DEACTIVATED"}
{"ts":1751903617597,"action":"IDE_ACTIVATED"}
{"ts":1751903650740,"action":"IDE_DEACTIVATED"}
{"ts":1751903674837,"action":"IDE_ACTIVATED"}
{"ts":1751903723026,"action":"IDE_DEACTIVATED"}
{"ts":1751903726853,"action":"IDE_ACTIVATED"}
{"ts":1751903727190,"action":"IDE_DEACTIVATED"}
{"ts":1751903729252,"action":"IDE_ACTIVATED"}
{"ts":1751903730331,"action":"IDE_DEACTIVATED"}
{"ts":1751903730602,"action":"IDE_ACTIVATED"}
{"ts":1751903731016,"action":"IDE_DEACTIVATED"}
{"ts":1751903731354,"action":"IDE_ACTIVATED"}
{"ts":1751903732665,"action":"FILE_CLOSED","file":"/src/main/java/com/yourcompany/game/App.java","tags":{"FILE_LINE_OF_CODE":"131"}}
{"ts":1751903732665,"action":"FILE_OPENED","file":"/src/main/java/com/yourcompany/game/SealedClassAnalyzer.java","tags":{"FILE_LINE_OF_CODE":"59"}}
{"ts":1751903738557,"action":"FILE_CLOSED","file":"/src/main/java/com/yourcompany/game/SealedClassAnalyzer.java","tags":{"FILE_LINE_OF_CODE":"59"}}
{"ts":1751903738574,"action":"FILE_OPENED","file":"/src/main/java/com/yourcompany/game/HistoricalAnalyzer.java","tags":{"FILE_LINE_OF_CODE":"151"}}
{"ts":1751903743925,"action":"FILE_CLOSED","file":"/src/main/java/com/yourcompany/game/HistoricalAnalyzer.java","tags":{"FILE_LINE_OF_CODE":"151"}}
{"ts":1751903749635,"action":"FILE_OPENED","file":"/src/main/java/com/yourcompany/game/HistoricalAnalyzer.java","tags":{"FILE_LINE_OF_CODE":"151"}}
{"ts":1751903752183,"action":"FILE_CLOSED","file":"/src/main/java/com/yourcompany/game/HistoricalAnalyzer.java","tags":{"FILE_LINE_OF_CODE":"151"}}
{"ts":1751903754498,"action":"FILE_OPENED","file":"/src/main/java/com/yourcompany/game/VarUsageAnalyzer.java","tags":{"FILE_LINE_OF_CODE":"54"}}
{"ts":1751903754788,"action":"IDE_DEACTIVATED"}
{"ts":1751903755945,"action":"IDE_ACTIVATED"}
{"ts":1751903757204,"action":"FILE_CLOSED","file":"/src/main/java/com/yourcompany/game/VarUsageAnalyzer.java","tags":{"FILE_LINE_OF_CODE":"54"}}
{"ts":1751903757225,"action":"FILE_OPENED","file":"/src/main/java/com/yourcompany/game/TextBlockAnalyzer.java","tags":{"FILE_LINE_OF_CODE":"54"}}
{"ts":1751903757668,"action":"FILE_CLOSED","file":"/src/main/java/com/yourcompany/game/TextBlockAnalyzer.java","tags":{"FILE_LINE_OF_CODE":"54"}}
{"ts":1751903757688,"action":"FILE_OPENED","file":"/src/main/java/com/yourcompany/game/VarUsageAnalyzer.java","tags":{"FILE_LINE_OF_CODE":"54"}}
{"ts":1751903762121,"action":"FILE_CLOSED","file":"/src/main/java/com/yourcompany/game/VarUsageAnalyzer.java","tags":{"FILE_LINE_OF_CODE":"54"}}
{"ts":1751903762140,"action":"FILE_OPENED","file":"/src/main/java/com/yourcompany/game/TextBlockAnalyzer.java","tags":{"FILE_LINE_OF_CODE":"54"}}
{"ts":1751903764825,"action":"FILE_CLOSED","file":"/src/main/java/com/yourcompany/game/TextBlockAnalyzer.java","tags":{"FILE_LINE_OF_CODE":"54"}}
{"ts":1751903764852,"action":"FILE_OPENED","file":"/src/main/java/com/yourcompany/game/SyntaxAnalyzerStrategy.java","tags":{"FILE_LINE_OF_CODE":"15"}}
{"ts":1751903765484,"action":"FILE_CLOSED","file":"/src/main/java/com/yourcompany/game/SyntaxAnalyzerStrategy.java","tags":{"FILE_LINE_OF_CODE":"15"}}
{"ts":1751903765504,"action":"FILE_OPENED","file":"/src/main/java/com/yourcompany/game/SwitchExpressionAnalyzer.java","tags":{"FILE_LINE_OF_CODE":"54"}}
{"ts":1751903765890,"action":"FILE_CLOSED","file":"/src/main/java/com/yourcompany/game/SwitchExpressionAnalyzer.java","tags":{"FILE_LINE_OF_CODE":"54"}}
{"ts":1751903765890,"action":"FILE_OPENED","file":"/src/main/java/com/yourcompany/game/SealedClassAnalyzer.java","tags":{"FILE_LINE_OF_CODE":"59"}}
{"ts":1751903774117,"action":"FILE_CLOSED","file":"/src/main/java/com/yourcompany/game/SealedClassAnalyzer.java","tags":{"FILE_LINE_OF_CODE":"59"}}
{"ts":1751903774117,"action":"FILE_OPENED","file":"/src/main/java/com/yourcompany/game/App.java","tags":{"FILE_LINE_OF_CODE":"145"}}
{"ts":1751903782554,"action":"FILE_CLOSED","file":"/src/main/java/com/yourcompany/game/App.java","tags":{"FILE_LINE_OF_CODE":"145"}}
{"ts":1751903782572,"action":"FILE_OPENED","file":"/src/main/java/com/yourcompany/game/RepositoryAnalyzer.java","tags":{"FILE_LINE_OF_CODE":"114"}}
{"ts":1751903784450,"action":"FILE_CLOSED","file":"/src/main/java/com/yourcompany/game/RepositoryAnalyzer.java","tags":{"FILE_LINE_OF_CODE":"114"}}
{"ts":1751903784450,"action":"FILE_OPENED","file":"/src/main/java/com/yourcompany/game/SealedClassAnalyzer.java","tags":{"FILE_LINE_OF_CODE":"59"}}
{"ts":1751903824536,"action":"IDE_DEACTIVATED"}
{"ts":1751903825055,"action":"IDE_ACTIVATED"}
{"ts":1751903830131,"action":"IDE_DEACTIVATED"}
{"ts":1751903830549,"action":"IDE_ACTIVATED"}
{"ts":1751903831135,"action":"IDE_DEACTIVATED"}
{"ts":1751903836859,"action":"IDE_ACTIVATED"}
{"ts":1751903842783,"action":"IDE_DEACTIVATED"}
{"ts":1751903851762,"action":"IDE_ACTIVATED"}
{"ts":1751903852515,"action":"IDE_DEACTIVATED"}
{"ts":1751903854042,"action":"IDE_ACTIVATED"}
{"ts":1751903856064,"action":"IDE_DEACTIVATED"}
{"ts":1751903859877,"action":"IDE_ACTIVATED"}
{"ts":1751903860202,"action":"IDE_DEACTIVATED"}
{"ts":1751903863246,"action":"IDE_ACTIVATED"}
{"ts":1751903873584,"action":"IDE_DEACTIVATED"}
{"ts":1751903873887,"action":"IDE_ACTIVATED"}
{"ts":1751903888820,"action":"IDE_DEACTIVATED"}
{"ts":1751903890913,"action":"IDE_ACTIVATED"}
{"ts":1751903891423,"action":"IDE_DEACTIVATED"}
{"ts":1751903892080,"action":"IDE_ACTIVATED"}
{"ts":1751903892442,"action":"IDE_DEACTIVATED"}
{"ts":1751903898886,"action":"IDE_ACTIVATED"}
{"ts":1751903918043,"action":"IDE_DEACTIVATED"}
{"ts":1751903930000,"action":"IDE_ACTIVATED"}
{"ts":1751903931657,"action":"FILE_CLOSED","file":"/src/main/java/com/yourcompany/game/SealedClassAnalyzer.java","tags":{"FILE_LINE_OF_CODE":"64"}}
{"ts":1751903931657,"action":"FILE_OPENED","file":"/src/main/java/com/yourcompany/game/App.java","tags":{"FILE_LINE_OF_CODE":"145"}}
{"ts":1751903938742,"action":"IDE_DEACTIVATED"}
{"ts":1751903942216,"action":"IDE_ACTIVATED"}
{"ts":1751903955427,"action":"IDE_DEACTIVATED"}
{"ts":1751903956915,"action":"IDE_ACTIVATED"}
{"ts":1751903957129,"action":"IDE_DEACTIVATED"}
{"ts":1751903957654,"action":"IDE_ACTIVATED"}
{"ts":1751903957813,"action":"IDE_DEACTIVATED"}
{"ts":1751903959248,"action":"IDE_ACTIVATED"}
{"ts":1751903966500,"action":"FILE_CLOSED","file":"/src/main/java/com/yourcompany/game/App.java","tags":{"FILE_LINE_OF_CODE":"145"}}
{"ts":1751903966500,"action":"FILE_OPENED","file":"/src/main/java/com/yourcompany/game/HistoricalAnalyzer.java","tags":{"FILE_LINE_OF_CODE":"151"}}
{"ts":1751903970875,"action":"IDE_DEACTIVATED"}
{"ts":1751903971689,"action":"IDE_ACTIVATED"}
{"ts":1751903973446,"action":"IDE_DEACTIVATED"}
{"ts":1751903976533,"action":"IDE_ACTIVATED"}
{"ts":1751904007973,"action":"IDE_DEACTIVATED"}
{"ts":1751904016930,"action":"IDE_ACTIVATED"}
{"ts":1751904017678,"action":"IDE_DEACTIVATED"}
{"ts":1751904025645,"action":"IDE_ACTIVATED"}
{"ts":1751904046903,"action":"IDE_DEACTIVATED"}
{"ts":1751904047468,"action":"IDE_ACTIVATED"}
{"ts":1751904081349,"action":"IDE_DEACTIVATED"}
{"ts":1751904081669,"action":"IDE_ACTIVATED"}
{"ts":1751904082140,"action":"IDE_DEACTIVATED"}
{"ts":1751904082998,"action":"IDE_ACTIVATED"}
{"ts":1751904087547,"action":"IDE_DEACTIVATED"}
{"ts":1751904092454,"action":"IDE_ACTIVATED"}
{"ts":1751904094035,"action":"IDE_DEACTIVATED"}
{"ts":1751904096507,"action":"IDE_ACTIVATED"}
{"ts":1751904101414,"action":"IDE_DEACTIVATED"}
{"ts":1751904104250,"action":"IDE_ACTIVATED"}
{"ts":1751904114421,"action":"IDE_DEACTIVATED"}
{"ts":1751904114939,"action":"IDE_ACTIVATED"}
{"ts":1751904115606,"action":"IDE_DEACTIVATED"}
{"ts":1751904116611,"action":"IDE_ACTIVATED"}
{"ts":1751904126629,"action":"FILE_CLOSED","file":"/src/main/java/com/yourcompany/game/HistoricalAnalyzer.java","tags":{"FILE_LINE_OF_CODE":"153"}}
{"ts":1751904126629,"action":"FILE_OPENED","file":"/src/main/java/com/yourcompany/game/App.java","tags":{"FILE_LINE_OF_CODE":"145"}}
{"ts":1751904133029,"action":"FILE_CLOSED","file":"/src/main/java/com/yourcompany/game/App.java","tags":{"FILE_LINE_OF_CODE":"145"}}
{"ts":1751904133029,"action":"FILE_OPENED","file":"/src/main/java/com/yourcompany/game/HistoricalAnalyzer.java","tags":{"FILE_LINE_OF_CODE":"153"}}
{"ts":1751904138485,"action":"IDE_DEACTIVATED"}
{"ts":1751904162323,"action":"IDE_ACTIVATED"}
{"ts":1751904474459,"action":"IDE_DEACTIVATED"}
{"ts":1751904501258,"action":"IDE_ACTIVATED"}
{"ts":1751904575106,"action":"IDE_DEACTIVATED"}
{"ts":1751904586888,"action":"IDE_ACTIVATED"}
{"ts":1751904615951,"action":"FILE_CLOSED","file":"/src/main/java/com/yourcompany/game/HistoricalAnalyzer.java","tags":{"FILE_LINE_OF_CODE":"189"}}
{"ts":1751904615968,"action":"FILE_OPENED","file":"/pom.xml","tags":{"FILE_LINE_OF_CODE":"69"}}
{"ts":1751904638520,"action":"IDE_DEACTIVATED"}
{"ts":1751904640528,"action":"IDE_ACTIVATED"}
{"ts":1751904644802,"action":"IDE_DEACTIVATED"}
{"ts":1751904646359,"action":"IDE_ACTIVATED"}
{"ts":1751904650035,"action":"FILE_CLOSED","file":"/pom.xml","tags":{"FILE_LINE_OF_CODE":"69"}}
{"ts":1751904650035,"action":"FILE_OPENED","file":"/src/main/java/com/yourcompany/game/App.java","tags":{"FILE_LINE_OF_CODE":"210"}}
{"ts":1751904922599,"action":"FILE_CLOSED","file":"/src/main/java/com/yourcompany/game/App.java","tags":{"FILE_LINE_OF_CODE":"152"}}
{"ts":1751904922636,"action":"FILE_OPENED","file":"/src/main/java/com/yourcompany/game/PatternMatchingSwitchAnalyzer.java","tags":{"FILE_LINE_OF_CODE":"98"}}
{"ts":1751904955603,"action":"FILE_CLOSED","file":"/src/main/java/com/yourcompany/game/PatternMatchingSwitchAnalyzer.java","tags":{"FILE_LINE_OF_CODE":"100"}}
{"ts":1751904955634,"action":"FILE_OPENED","file":"/src/main/java/com/yourcompany/game/RepositoryAnalyzer.java","tags":{"FILE_LINE_OF_CODE":"114"}}
{"ts":1751905084422,"action":"FILE_CLOSED","file":"/src/main/java/com/yourcompany/game/RepositoryAnalyzer.java","tags":{"FILE_LINE_OF_CODE":"114"}}
{"ts":1751905084446,"action":"FILE_OPENED","file":"/src/main/java/com/yourcompany/game/SyntaxAnalyzerStrategy.java","tags":{"FILE_LINE_OF_CODE":"32"}}
{"ts":1751905087838,"action":"FILE_CLOSED","file":"/src/main/java/com/yourcompany/game/SyntaxAnalyzerStrategy.java","tags":{"FILE_LINE_OF_CODE":"32"}}
{"ts":1751905087867,"action":"FILE_OPENED","file":"/src/main/java/com/yourcompany/game/SwitchExpressionAnalyzer.java","tags":{"FILE_LINE_OF_CODE":"67"}}
{"ts":1751905094108,"action":"FILE_CLOSED","file":"/src/main/java/com/yourcompany/game/SwitchExpressionAnalyzer.java","tags":{"FILE_LINE_OF_CODE":"68"}}
{"ts":1751905094108,"action":"FILE_OPENED","file":"/pom.xml","tags":{"FILE_LINE_OF_CODE":"69"}}
{"ts":1751905097777,"action":"FILE_CLOSED","file":"/pom.xml","tags":{"FILE_LINE_OF_CODE":"69"}}
{"ts":1751905097792,"action":"FILE_OPENED","file":"/src/main/java/com/yourcompany/game/FeatureMetrics.java","tags":{"FILE_LINE_OF_CODE":"18"}}
{"ts":1751905098855,"action":"FILE_CLOSED","file":"/src/main/java/com/yourcompany/game/FeatureMetrics.java","tags":{"FILE_LINE_OF_CODE":"18"}}
{"ts":1751905098855,"action":"FILE_OPENED","file":"/src/main/java/com/yourcompany/game/HistoricalAnalyzer.java","tags":{"FILE_LINE_OF_CODE":"189"}}
{"ts":1751905100862,"action":"FILE_CLOSED","file":"/src/main/java/com/yourcompany/game/HistoricalAnalyzer.java","tags":{"FILE_LINE_OF_CODE":"189"}}
{"ts":1751905100862,"action":"FILE_OPENED","file":"/src/main/java/com/yourcompany/game/RepositoryAnalyzer.java","tags":{"FILE_LINE_OF_CODE":"114"}}
{"ts":1751905104219,"action":"FILE_CLOSED","file":"/src/main/java/com/yourcompany/game/RepositoryAnalyzer.java","tags":{"FILE_LINE_OF_CODE":"114"}}
{"ts":1751905104234,"action":"FILE_OPENED","file":"/src/main/java/com/yourcompany/game/RepositoryMetrics.java","tags":{"FILE_LINE_OF_CODE":"20"}}
{"ts":1751905106351,"action":"FILE_CLOSED","file":"/src/main/java/com/yourcompany/game/RepositoryMetrics.java","tags":{"FILE_LINE_OF_CODE":"20"}}
{"ts":1751905106363,"action":"FILE_OPENED","file":"/src/main/java/com/yourcompany/game/RecordDeclarationAnalyzer.java","tags":{"FILE_LINE_OF_CODE":"67"}}
{"ts":1751905111956,"action":"FILE_CLOSED","file":"/src/main/java/com/yourcompany/game/RecordDeclarationAnalyzer.java","tags":{"FILE_LINE_OF_CODE":"68"}}
{"ts":1751905111973,"action":"FILE_OPENED","file":"/src/main/java/com/yourcompany/game/VarUsageAnalyzer.java","tags":{"FILE_LINE_OF_CODE":"67"}}
{"ts":1751905115625,"action":"FILE_CLOSED","file":"/src/main/java/com/yourcompany/game/VarUsageAnalyzer.java","tags":{"FILE_LINE_OF_CODE":"68"}}
{"ts":1751905115648,"action":"FILE_OPENED","file":"/src/main/java/com/yourcompany/game/TextBlockAnalyzer.java","tags":{"FILE_LINE_OF_CODE":"67"}}
{"ts":1751905118001,"action":"FILE_CLOSED","file":"/src/main/java/com/yourcompany/game/TextBlockAnalyzer.java","tags":{"FILE_LINE_OF_CODE":"68"}}
{"ts":1751905118020,"action":"FILE_OPENED","file":"/src/main/java/com/yourcompany/game/SyntaxAnalyzerStrategy.java","tags":{"FILE_LINE_OF_CODE":"32"}}
{"ts":1751905119473,"action":"FILE_CLOSED","file":"/src/main/java/com/yourcompany/game/SyntaxAnalyzerStrategy.java","tags":{"FILE_LINE_OF_CODE":"32"}}
{"ts":1751905119473,"action":"FILE_OPENED","file":"/src/main/java/com/yourcompany/game/SwitchExpressionAnalyzer.java","tags":{"FILE_LINE_OF_CODE":"68"}}
{"ts":1751905128829,"action":"FILE_CLOSED","file":"/src/main/java/com/yourcompany/game/SwitchExpressionAnalyzer.java","tags":{"FILE_LINE_OF_CODE":"68"}}
{"ts":1751905128829,"action":"FILE_OPENED","file":"/src/main/java/com/yourcompany/game/SealedClassAnalyzer.java","tags":{"FILE_LINE_OF_CODE":"75"}}
{"ts":1751905132666,"action":"FILE_CLOSED","file":"/src/main/java/com/yourcompany/game/SealedClassAnalyzer.java","tags":{"FILE_LINE_OF_CODE":"76"}}
{"ts":1751905132666,"action":"FILE_OPENED","file":"/src/main/java/com/yourcompany/game/RepositoryMetrics.java","tags":{"FILE_LINE_OF_CODE":"20"}}
{"ts":1751905134071,"action":"FILE_CLOSED","file":"/src/main/java/com/yourcompany/game/RepositoryMetrics.java","tags":{"FILE_LINE_OF_CODE":"20"}}
{"ts":1751905134071,"action":"FILE_OPENED","file":"/src/main/java/com/yourcompany/game/RepositoryAnalyzer.java","tags":{"FILE_LINE_OF_CODE":"114"}}
{"ts":1751905135457,"action":"FILE_CLOSED","file":"/src/main/java/com/yourcompany/game/RepositoryAnalyzer.java","tags":{"FILE_LINE_OF_CODE":"141"}}
{"ts":1751905135457,"action":"FILE_OPENED","file":"/src/main/java/com/yourcompany/game/RecordDeclarationAnalyzer.java","tags":{"FILE_LINE_OF_CODE":"68"}}
{"ts":1751905137379,"action":"FILE_CLOSED","file":"/src/main/java/com/yourcompany/game/RecordDeclarationAnalyzer.java","tags":{"FILE_LINE_OF_CODE":"68"}}
{"ts":1751905137379,"action":"FILE_OPENED","file":"/src/main/java/com/yourcompany/game/PatternMatchingSwitchAnalyzer.java","tags":{"FILE_LINE_OF_CODE":"100"}}
{"ts":1751905138330,"action":"FILE_CLOSED","file":"/src/main/java/com/yourcompany/game/PatternMatchingSwitchAnalyzer.java","tags":{"FILE_LINE_OF_CODE":"100"}}
{"ts":1751905138330,"action":"FILE_OPENED","file":"/src/main/java/com/yourcompany/game/HistoricalAnalyzer.java","tags":{"FILE_LINE_OF_CODE":"189"}}
{"ts":1751905139625,"action":"FILE_CLOSED","file":"/src/main/java/com/yourcompany/game/HistoricalAnalyzer.java","tags":{"FILE_LINE_OF_CODE":"189"}}
{"ts":1751905139625,"action":"FILE_OPENED","file":"/src/main/java/com/yourcompany/game/FeatureMetrics.java","tags":{"FILE_LINE_OF_CODE":"18"}}
{"ts":1751905140796,"action":"FILE_CLOSED","file":"/src/main/java/com/yourcompany/game/FeatureMetrics.java","tags":{"FILE_LINE_OF_CODE":"18"}}
{"ts":1751905140796,"action":"FILE_OPENED","file":"/src/main/java/com/yourcompany/game/VarUsageAnalyzer.java","tags":{"FILE_LINE_OF_CODE":"68"}}
{"ts":1751905141187,"action":"FILE_CLOSED","file":"/src/main/java/com/yourcompany/game/VarUsageAnalyzer.java","tags":{"FILE_LINE_OF_CODE":"68"}}
{"ts":1751905141187,"action":"FILE_OPENED","file":"/src/main/java/com/yourcompany/game/TextBlockAnalyzer.java","tags":{"FILE_LINE_OF_CODE":"68"}}
{"ts":1751905141568,"action":"FILE_CLOSED","file":"/src/main/java/com/yourcompany/game/TextBlockAnalyzer.java","tags":{"FILE_LINE_OF_CODE":"68"}}
{"ts":1751905141568,"action":"FILE_OPENED","file":"/src/main/java/com/yourcompany/game/SyntaxAnalyzerStrategy.java","tags":{"FILE_LINE_OF_CODE":"32"}}
{"ts":1751905142028,"action":"FILE_CLOSED","file":"/src/main/java/com/yourcompany/game/SyntaxAnalyzerStrategy.java","tags":{"FILE_LINE_OF_CODE":"32"}}
{"ts":1751905142028,"action":"FILE_OPENED","file":"/src/main/java/com/yourcompany/game/SwitchExpressionAnalyzer.java","tags":{"FILE_LINE_OF_CODE":"68"}}
{"ts":1751905142348,"action":"FILE_CLOSED","file":"/src/main/java/com/yourcompany/game/SwitchExpressionAnalyzer.java","tags":{"FILE_LINE_OF_CODE":"68"}}
{"ts":1751905142348,"action":"FILE_OPENED","file":"/src/main/java/com/yourcompany/game/RepositoryMetrics.java","tags":{"FILE_LINE_OF_CODE":"20"}}
{"ts":1751905142680,"action":"FILE_CLOSED","file":"/src/main/java/com/yourcompany/game/RepositoryMetrics.java","tags":{"FILE_LINE_OF_CODE":"20"}}
{"ts":1751905142680,"action":"FILE_OPENED","file":"/src/main/java/com/yourcompany/game/SealedClassAnalyzer.java","tags":{"FILE_LINE_OF_CODE":"76"}}
{"ts":1751905142995,"action":"FILE_CLOSED","file":"/src/main/java/com/yourcompany/game/SealedClassAnalyzer.java","tags":{"FILE_LINE_OF_CODE":"76"}}
{"ts":1751905142995,"action":"FILE_OPENED","file":"/src/main/java/com/yourcompany/game/RepositoryAnalyzer.java","tags":{"FILE_LINE_OF_CODE":"141"}}
{"ts":1751905148597,"action":"IDE_DEACTIVATED"}
{"ts":1751905149424,"action":"IDE_ACTIVATED"}
{"ts":1751905152101,"action":"FILE_CLOSED","file":"/src/main/java/com/yourcompany/game/RepositoryAnalyzer.java","tags":{"FILE_LINE_OF_CODE":"141"}}
{"ts":1751905152101,"action":"FILE_OPENED","file":"/src/main/java/com/yourcompany/game/App.java","tags":{"FILE_LINE_OF_CODE":"152"}}
{"ts":1751905201673,"action":"FILE_CLOSED","file":"/src/main/java/com/yourcompany/game/App.java","tags":{"FILE_LINE_OF_CODE":"152"}}
{"ts":1751905201673,"action":"FILE_OPENED","file":"/src/main/java/com/yourcompany/game/RepositoryAnalyzer.java","tags":{"FILE_LINE_OF_CODE":"141"}}
{"ts":1751905214843,"action":"IDE_DEACTIVATED"}
{"ts":1751905215157,"action":"IDE_ACTIVATED"}
{"ts":1751905216009,"action":"FILE_CLOSED","file":"/src/main/java/com/yourcompany/game/RepositoryAnalyzer.java","tags":{"FILE_LINE_OF_CODE":"141"}}
{"ts":1751905216009,"action":"FILE_OPENED","file":"/src/main/java/com/yourcompany/game/FeatureMetrics.java","tags":{"FILE_LINE_OF_CODE":"18"}}
{"ts":1751905216952,"action":"FILE_CLOSED","file":"/src/main/java/com/yourcompany/game/FeatureMetrics.java","tags":{"FILE_LINE_OF_CODE":"18"}}
{"ts":1751905216952,"action":"FILE_OPENED","file":"/pom.xml","tags":{"FILE_LINE_OF_CODE":"69"}}
{"ts":1751905225792,"action":"FILE_CLOSED","file":"/pom.xml","tags":{"FILE_LINE_OF_CODE":"69"}}
{"ts":1751905225792,"action":"FILE_OPENED","file":"/src/main/java/com/yourcompany/game/App.java","tags":{"FILE_LINE_OF_CODE":"152"}}
{"ts":1751905268449,"action":"IDE_DEACTIVATED"}
{"ts":1751905268927,"action":"IDE_ACTIVATED"}
{"ts":1751905269510,"action":"IDE_DEACTIVATED"}
{"ts":1751905271692,"action":"IDE_ACTIVATED"}
{"ts":1751905272756,"action":"IDE_DEACTIVATED"}
{"ts":1751905279498,"action":"IDE_ACTIVATED"}
{"ts":1751905345568,"action":"IDE_DEACTIVATED"}
{"ts":1751905346069,"action":"IDE_ACTIVATED"}
{"ts":1751905346243,"action":"IDE_DEACTIVATED"}
{"ts":1751905346877,"action":"IDE_ACTIVATED"}
{"ts":1751905381254,"action":"IDE_DEACTIVATED"}
{"ts":1751905381587,"action":"IDE_ACTIVATED"}
{"ts":1751905381889,"action":"IDE_DEACTIVATED"}
{"ts":1751905382387,"action":"IDE_ACTIVATED"}
{"ts":1751905391757,"action":"FILE_CLOSED","file":"/src/main/java/com/yourcompany/game/App.java","tags":{"FILE_LINE_OF_CODE":"159"}}
{"ts":1751905391757,"action":"FILE_OPENED","file":"/src/main/java/com/yourcompany/game/HistoricalAnalyzer.java","tags":{"FILE_LINE_OF_CODE":"189"}}
{"ts":1751905419676,"action":"FILE_CLOSED","file":"/src/main/java/com/yourcompany/game/HistoricalAnalyzer.java","tags":{"FILE_LINE_OF_CODE":"189"}}
{"ts":1751905421871,"action":"FILE_OPENED","file":"/src/main/java/com/yourcompany/game/HistoricalAnalyzer.java","tags":{"FILE_LINE_OF_CODE":"189"}}
{"ts":1751905422490,"action":"FILE_CLOSED","file":"/src/main/java/com/yourcompany/game/HistoricalAnalyzer.java","tags":{"FILE_LINE_OF_CODE":"189"}}
{"ts":1751905426021,"action":"FILE_OPENED","file":"/src/main/java/com/yourcompany/game/HistoricalAnalyzer.java","tags":{"FILE_LINE_OF_CODE":"189"}}
{"ts":1751905450463,"action":"FILE_CLOSED","file":"/src/main/java/com/yourcompany/game/HistoricalAnalyzer.java","tags":{"FILE_LINE_OF_CODE":"189"}}
{"ts":1751905450463,"action":"FILE_OPENED","file":"/src/main/java/com/yourcompany/game/App.java","tags":{"FILE_LINE_OF_CODE":"159"}}
{"ts":1751905457261,"action":"IDE_DEACTIVATED"}
{"ts":1751905457782,"action":"IDE_ACTIVATED"}
{"ts":1751905457972,"action":"IDE_DEACTIVATED"}
{"ts":1751905461739,"action":"IDE_ACTIVATED"}
{"ts":1751905520395,"action":"IDE_DEACTIVATED"}
{"ts":1751905524845,"action":"IDE_ACTIVATED"}
{"ts":1751905602016,"action":"IDE_DEACTIVATED"}
{"ts":1751905602437,"action":"IDE_ACTIVATED"}
{"ts":1751905602691,"action":"IDE_DEACTIVATED"}
{"ts":1751905603383,"action":"IDE_ACTIVATED"}
{"ts":1751905603578,"action":"IDE_DEACTIVATED"}
{"ts":1751905604158,"action":"IDE_ACTIVATED"}
{"ts":1751905694165,"action":"IDE_DEACTIVATED"}
{"ts":1751905696220,"action":"IDE_ACTIVATED"}
{"ts":1751905783010,"action":"FILE_CLOSED","file":"/src/main/java/com/yourcompany/game/App.java","tags":{"FILE_LINE_OF_CODE":"164"}}
{"ts":1751905783028,"action":"FILE_OPENED","file":"/jackson-annotations_manual_log.csv","tags":{"FILE_LINE_OF_CODE":"null"}}
{"ts":1751905783738,"action":"FILE_CLOSED","file":"/jackson-annotations_manual_log.csv","tags":{"FILE_LINE_OF_CODE":"null"}}
{"ts":1751905783741,"action":"FILE_OPENED","file":"/commons-logging_manual_log.csv","tags":{"FILE_LINE_OF_CODE":"null"}}
{"ts":1751905786134,"action":"FILE_CLOSED","file":"/commons-logging_manual_log.csv","tags":{"FILE_LINE_OF_CODE":"null"}}
{"ts":1751905786136,"action":"FILE_OPENED","file":"/analysis_results.csv","tags":{"FILE_LINE_OF_CODE":"null"}}
{"ts":1751905788828,"action":"IDE_DEACTIVATED"}
{"ts":1751905789067,"action":"IDE_ACTIVATED"}
{"ts":1751905794533,"action":"FILE_CLOSED","file":"/analysis_results.csv","tags":{"FILE_LINE_OF_CODE":"null"}}
{"ts":1751905794537,"action":"FILE_OPENED","file":"/commons-cli_manual_log.csv","tags":{"FILE_LINE_OF_CODE":"null"}}
{"ts":1751905795122,"action":"FILE_CLOSED","file":"/commons-cli_manual_log.csv","tags":{"FILE_LINE_OF_CODE":"null"}}
{"ts":1751905795125,"action":"FILE_OPENED","file":"/commons-logging_manual_log.csv","tags":{"FILE_LINE_OF_CODE":"null"}}
{"ts":1751905795570,"action":"FILE_CLOSED","file":"/commons-logging_manual_log.csv","tags":{"FILE_LINE_OF_CODE":"null"}}
{"ts":1751905795573,"action":"FILE_OPENED","file":"/jackson-annotations_manual_log.csv","tags":{"FILE_LINE_OF_CODE":"null"}}
{"ts":1751905795948,"action":"FILE_CLOSED","file":"/jackson-annotations_manual_log.csv","tags":{"FILE_LINE_OF_CODE":"null"}}
{"ts":1751905795950,"action":"FILE_OPENED","file":"/java-annotations_manual_log.csv","tags":{"FILE_LINE_OF_CODE":"null"}}
{"ts":1751905796362,"action":"FILE_CLOSED","file":"/java-annotations_manual_log.csv","tags":{"FILE_LINE_OF_CODE":"null"}}
{"ts":1751905796364,"action":"FILE_OPENED","file":"/JSON-java_manual_log.csv","tags":{"FILE_LINE_OF_CODE":"null"}}
{"ts":1751905796945,"action":"FILE_CLOSED","file":"/JSON-java_manual_log.csv","tags":{"FILE_LINE_OF_CODE":"null"}}
{"ts":1751905796950,"action":"FILE_OPENED","file":"/java-annotations_manual_log.csv","tags":{"FILE_LINE_OF_CODE":"null"}}
{"ts":1751905799880,"action":"FILE_CLOSED","file":"/java-annotations_manual_log.csv","tags":{"FILE_LINE_OF_CODE":"null"}}
{"ts":1751905799882,"action":"FILE_OPENED","file":"/analysis_results.csv","tags":{"FILE_LINE_OF_CODE":"null"}}
{"ts":1751905866341,"action":"FILE_CLOSED","file":"/analysis_results.csv","tags":{"FILE_LINE_OF_CODE":"null"}}
{"ts":1751905866341,"action":"FILE_OPENED","file":"/src/main/java/com/yourcompany/game/App.java","tags":{"FILE_LINE_OF_CODE":"164"}}
{"ts":1751905891722,"action":"IDE_DEACTIVATED"}
{"ts":1751905906427,"action":"IDE_ACTIVATED"}
{"ts":1751905923115,"action":"IDE_DEACTIVATED"}
{"ts":1751905951464,"action":"IDE_ACTIVATED"}
{"ts":1751905957337,"action":"IDE_DEACTIVATED"}
{"ts":1751905978099,"action":"IDE_ACTIVATED"}
{"ts":1751905979708,"action":"IDE_DEACTIVATED"}
{"ts":1751906465031,"action":"IDE_ACTIVATED"}
{"ts":1751906469419,"action":"IDE_DEACTIVATED"}
{"ts":1751906532738,"action":"IDE_ACTIVATED"}
{"ts":1751906568124,"action":"FILE_CLOSED","file":"/src/main/java/com/yourcompany/game/App.java","tags":{"FILE_LINE_OF_CODE":"164"}}
{"ts":1751906568124,"action":"FILE_OPENED","file":"/analysis_results.csv","tags":{"FILE_LINE_OF_CODE":"null"}}
{"ts":1751906571463,"action":"FILE_CLOSED","file":"/analysis_results.csv","tags":{"FILE_LINE_OF_CODE":"null"}}
{"ts":1751906571466,"action":"FILE_OPENED","file":"/maven-plugin-tools_manual_log.csv","tags":{"FILE_LINE_OF_CODE":"null"}}
{"ts":1751906572388,"action":"FILE_CLOSED","file":"/maven-plugin-tools_manual_log.csv","tags":{"FILE_LINE_OF_CODE":"null"}}
{"ts":1751906572390,"action":"FILE_OPENED","file":"/target_manual_log.csv","tags":{"FILE_LINE_OF_CODE":"null"}}
{"ts":1751906572890,"action":"FILE_CLOSED","file":"/target_manual_log.csv","tags":{"FILE_LINE_OF_CODE":"null"}}
{"ts":1751906572892,"action":"FILE_OPENED","file":"/JSON-java_manual_log.csv","tags":{"FILE_LINE_OF_CODE":"null"}}
{"ts":1751906573231,"action":"FILE_CLOSED","file":"/JSON-java_manual_log.csv","tags":{"FILE_LINE_OF_CODE":"null"}}
{"ts":1751906573233,"action":"FILE_OPENED","file":"/java-annotations_manual_log.csv","tags":{"FILE_LINE_OF_CODE":"null"}}
{"ts":1751906573566,"action":"FILE_CLOSED","file":"/java-annotations_manual_log.csv","tags":{"FILE_LINE_OF_CODE":"null"}}
{"ts":1751906573569,"action":"FILE_OPENED","file":"/jackson-modules-java8_manual_log.csv","tags":{"FILE_LINE_OF_CODE":"null"}}
{"ts":1751906573881,"action":"FILE_CLOSED","file":"/jackson-modules-java8_manual_log.csv","tags":{"FILE_LINE_OF_CODE":"null"}}
{"ts":1751906573885,"action":"FILE_OPENED","file":"/jackson-annotations_manual_log.csv","tags":{"FILE_LINE_OF_CODE":"null"}}
{"ts":1751906574246,"action":"FILE_CLOSED","file":"/jackson-annotations_manual_log.csv","tags":{"FILE_LINE_OF_CODE":"null"}}
{"ts":1751906574248,"action":"FILE_OPENED","file":"/gson_manual_log.csv","tags":{"FILE_LINE_OF_CODE":"null"}}
{"ts":1751906574577,"action":"FILE_CLOSED","file":"/gson_manual_log.csv","tags":{"FILE_LINE_OF_CODE":"null"}}
{"ts":1751906574579,"action":"FILE_OPENED","file":"/easymock_manual_log.csv","tags":{"FILE_LINE_OF_CODE":"null"}}
{"ts":1751906575189,"action":"FILE_CLOSED","file":"/easymock_manual_log.csv","tags":{"FILE_LINE_OF_CODE":"null"}}
{"ts":1751906575192,"action":"FILE_OPENED","file":"/commons-codec_manual_log.csv","tags":{"FILE_LINE_OF_CODE":"null"}}
{"ts":1751906575543,"action":"FILE_CLOSED","file":"/commons-codec_manual_log.csv","tags":{"FILE_LINE_OF_CODE":"null"}}
{"ts":1751906575546,"action":"FILE_OPENED","file":"/commons-logging_manual_log.csv","tags":{"FILE_LINE_OF_CODE":"null"}}
{"ts":1751906575954,"action":"FILE_CLOSED","file":"/commons-logging_manual_log.csv","tags":{"FILE_LINE_OF_CODE":"null"}}
{"ts":1751906575958,"action":"FILE_OPENED","file":"/commons-cli_manual_log.csv","tags":{"FILE_LINE_OF_CODE":"null"}}
{"ts":1751906576309,"action":"FILE_CLOSED","file":"/commons-cli_manual_log.csv","tags":{"FILE_LINE_OF_CODE":"null"}}
{"ts":1751906576311,"action":"FILE_OPENED","file":"/analysis_results.csv","tags":{"FILE_LINE_OF_CODE":"null"}}
{"ts":1751907478402,"action":"IDE_DEACTIVATED"}
{"ts":1751912812654,"action":"IDE_ACTIVATED"}
{"ts":1751912839943,"action":"FILE_CLOSED","file":"/analysis_results.csv","tags":{"FILE_LINE_OF_CODE":"null"}}
{"ts":1751912839943,"action":"FILE_OPENED","file":"/src/main/java/com/yourcompany/game/App.java","tags":{"FILE_LINE_OF_CODE":"164"}}
{"ts":1751912899157,"action":"IDE_DEACTIVATED"}
{"ts":1751912900097,"action":"IDE_ACTIVATED"}
{"ts":1751912901908,"action":"FILE_CLOSED","file":"/src/main/java/com/yourcompany/game/App.java","tags":{"FILE_LINE_OF_CODE":"161"}}
{"ts":1751912901912,"action":"FILE_OPENED","file":"/JSON-java_manual_log.csv","tags":{"FILE_LINE_OF_CODE":"null"}}
{"ts":1751912904873,"action":"FILE_CLOSED","file":"/JSON-java_manual_log.csv","tags":{"FILE_LINE_OF_CODE":"null"}}
{"ts":1751912904876,"action":"FILE_OPENED","file":"/maven-plugin-tools_manual_log.csv","tags":{"FILE_LINE_OF_CODE":"null"}}
{"ts":1751912905379,"action":"FILE_CLOSED","file":"/maven-plugin-tools_manual_log.csv","tags":{"FILE_LINE_OF_CODE":"null"}}
{"ts":1751912905382,"action":"FILE_OPENED","file":"/java-annotations_manual_log.csv","tags":{"FILE_LINE_OF_CODE":"null"}}
{"ts":1751912905961,"action":"FILE_CLOSED","file":"/java-annotations_manual_log.csv","tags":{"FILE_LINE_OF_CODE":"null"}}
{"ts":1751912905964,"action":"FILE_OPENED","file":"/jackson-modules-java8_manual_log.csv","tags":{"FILE_LINE_OF_CODE":"null"}}
{"ts":1751912906482,"action":"FILE_CLOSED","file":"/jackson-modules-java8_manual_log.csv","tags":{"FILE_LINE_OF_CODE":"null"}}
{"ts":1751912906485,"action":"FILE_OPENED","file":"/gson_manual_log.csv","tags":{"FILE_LINE_OF_CODE":"null"}}
{"ts":1751912907073,"action":"FILE_CLOSED","file":"/gson_manual_log.csv","tags":{"FILE_LINE_OF_CODE":"null"}}
{"ts":1751912907077,"action":"FILE_OPENED","file":"/jackson-annotations_manual_log.csv","tags":{"FILE_LINE_OF_CODE":"null"}}
{"ts":1751912907728,"action":"FILE_CLOSED","file":"/jackson-annotations_manual_log.csv","tags":{"FILE_LINE_OF_CODE":"null"}}
{"ts":1751912907731,"action":"FILE_OPENED","file":"/easymock_manual_log.csv","tags":{"FILE_LINE_OF_CODE":"null"}}
{"ts":1751912908293,"action":"FILE_CLOSED","file":"/easymock_manual_log.csv","tags":{"FILE_LINE_OF_CODE":"null"}}
{"ts":1751912908301,"action":"FILE_OPENED","file":"/commons-logging_manual_log.csv","tags":{"FILE_LINE_OF_CODE":"null"}}
{"ts":1751912908884,"action":"FILE_CLOSED","file":"/commons-logging_manual_log.csv","tags":{"FILE_LINE_OF_CODE":"null"}}
{"ts":1751912908887,"action":"FILE_OPENED","file":"/commons-codec_manual_log.csv","tags":{"FILE_LINE_OF_CODE":"null"}}
{"ts":1751912909460,"action":"FILE_CLOSED","file":"/commons-codec_manual_log.csv","tags":{"FILE_LINE_OF_CODE":"null"}}
{"ts":1751912909482,"action":"FILE_OPENED","file":"/commons-cli_manual_log.csv","tags":{"FILE_LINE_OF_CODE":"null"}}
{"ts":1751912910169,"action":"FILE_CLOSED","file":"/commons-cli_manual_log.csv","tags":{"FILE_LINE_OF_CODE":"null"}}
{"ts":1751912910189,"action":"FILE_OPENED","file":"/.gitignore","tags":{"FILE_LINE_OF_CODE":"38"}}
{"ts":1751912910635,"action":"FILE_CLOSED","file":"/.gitignore","tags":{"FILE_LINE_OF_CODE":"38"}}
{"ts":1751912910648,"action":"FILE_OPENED","file":"/commons-cli_manual_log.csv","tags":{"FILE_LINE_OF_CODE":"null"}}
{"ts":1751912911070,"action":"FILE_CLOSED","file":"/commons-cli_manual_log.csv","tags":{"FILE_LINE_OF_CODE":"null"}}
{"ts":1751912911100,"action":"FILE_OPENED","file":"/.gitignore","tags":{"FILE_LINE_OF_CODE":"38"}}
{"ts":1751912912636,"action":"FILE_CLOSED","file":"/.gitignore","tags":{"FILE_LINE_OF_CODE":"38"}}
{"ts":1751912912639,"action":"FILE_OPENED","file":"/target_manual_log.csv","tags":{"FILE_LINE_OF_CODE":"null"}}
{"ts":1751912913499,"action":"FILE_CLOSED","file":"/target_manual_log.csv","tags":{"FILE_LINE_OF_CODE":"null"}}
{"ts":1751912913502,"action":"FILE_OPENED","file":"/JSON-java_manual_log.csv","tags":{"FILE_LINE_OF_CODE":"null"}}
{"ts":1751912926623,"action":"FILE_CLOSED","file":"/JSON-java_manual_log.csv","tags":{"FILE_LINE_OF_CODE":"null"}}
{"ts":1751912926623,"action":"FILE_OPENED","file":"/src/main/java/com/yourcompany/game/FeatureMetrics.java","tags":{"FILE_LINE_OF_CODE":"18"}}
{"ts":1751912928235,"action":"FILE_CLOSED","file":"/src/main/java/com/yourcompany/game/FeatureMetrics.java","tags":{"FILE_LINE_OF_CODE":"18"}}
{"ts":1751912928235,"action":"FILE_OPENED","file":"/src/main/java/com/yourcompany/game/HistoricalAnalyzer.java","tags":{"FILE_LINE_OF_CODE":"189"}}
{"ts":1751912971910,"action":"IDE_DEACTIVATED"}
{"ts":1751912972724,"action":"IDE_ACTIVATED"}
{"ts":1751912972963,"action":"IDE_DEACTIVATED"}
{"ts":1751913057299,"action":"IDE_ACTIVATED"}
{"ts":1751913068632,"action":"FILE_CLOSED","file":"/src/main/java/com/yourcompany/game/HistoricalAnalyzer.java","tags":{"FILE_LINE_OF_CODE":"190"}}
{"ts":1751913068635,"action":"FILE_OPENED","file":"/testng_manual_log.csv","tags":{"FILE_LINE_OF_CODE":"null"}}
{"ts":1751913068987,"action":"FILE_CLOSED","file":"/testng_manual_log.csv","tags":{"FILE_LINE_OF_CODE":"null"}}
{"ts":1751913068991,"action":"FILE_OPENED","file":"/target_manual_log.csv","tags":{"FILE_LINE_OF_CODE":"null"}}
{"ts":1751913069305,"action":"FILE_CLOSED","file":"/target_manual_log.csv","tags":{"FILE_LINE_OF_CODE":"null"}}
{"ts":1751913069307,"action":"FILE_OPENED","file":"/spring-framework_manual_log.csv","tags":{"FILE_LINE_OF_CODE":"null"}}
{"ts":1751913070030,"action":"FILE_CLOSED","file":"/spring-framework_manual_log.csv","tags":{"FILE_LINE_OF_CODE":"null"}}
{"ts":1751913070033,"action":"FILE_OPENED","file":"/snakeyaml_manual_log.csv","tags":{"FILE_LINE_OF_CODE":"null"}}
{"ts":1751913070386,"action":"FILE_CLOSED","file":"/snakeyaml_manual_log.csv","tags":{"FILE_LINE_OF_CODE":"null"}}
{"ts":1751913070389,"action":"FILE_OPENED","file":"/slf4j_manual_log.csv","tags":{"FILE_LINE_OF_CODE":"null"}}
{"ts":1751913070859,"action":"FILE_CLOSED","file":"/slf4j_manual_log.csv","tags":{"FILE_LINE_OF_CODE":"null"}}
{"ts":1751913070859,"action":"FILE_OPENED","file":"/pom.xml","tags":{"FILE_LINE_OF_CODE":"69"}}
{"ts":1751913071288,"action":"FILE_CLOSED","file":"/pom.xml","tags":{"FILE_LINE_OF_CODE":"69"}}
{"ts":1751913071292,"action":"FILE_OPENED","file":"/pgjdbc_manual_log.csv","tags":{"FILE_LINE_OF_CODE":"null"}}
{"ts":1751913072104,"action":"FILE_CLOSED","file":"/pgjdbc_manual_log.csv","tags":{"FILE_LINE_OF_CODE":"null"}}
{"ts":1751913072107,"action":"FILE_OPENED","file":"/mysql-connector-j_manual_log.csv","tags":{"FILE_LINE_OF_CODE":"null"}}
{"ts":1751913072526,"action":"FILE_CLOSED","file":"/mysql-connector-j_manual_log.csv","tags":{"FILE_LINE_OF_CODE":"null"}}
{"ts":1751913072529,"action":"FILE_OPENED","file":"/mockito_manual_log.csv","tags":{"FILE_LINE_OF_CODE":"null"}}
{"ts":1751913072916,"action":"FILE_CLOSED","file":"/mockito_manual_log.csv","tags":{"FILE_LINE_OF_CODE":"null"}}
{"ts":1751913072919,"action":"FILE_OPENED","file":"/maven-plugin-tools_manual_log.csv","tags":{"FILE_LINE_OF_CODE":"null"}}
{"ts":1751913073409,"action":"FILE_CLOSED","file":"/maven-plugin-tools_manual_log.csv","tags":{"FILE_LINE_OF_CODE":"null"}}
{"ts":1751913073412,"action":"FILE_OPENED","file":"/lombok_manual_log.csv","tags":{"FILE_LINE_OF_CODE":"null"}}
{"ts":1751913074012,"action":"FILE_CLOSED","file":"/lombok_manual_log.csv","tags":{"FILE_LINE_OF_CODE":"null"}}
{"ts":1751913074017,"action":"FILE_OPENED","file":"/maven-plugin-tools_manual_log.csv","tags":{"FILE_LINE_OF_CODE":"null"}}
{"ts":1751913075764,"action":"FILE_CLOSED","file":"/maven-plugin-tools_manual_log.csv","tags":{"FILE_LINE_OF_CODE":"null"}}
{"ts":1751913075766,"action":"FILE_OPENED","file":"/lombok_manual_log.csv","tags":{"FILE_LINE_OF_CODE":"null"}}
{"ts":1751913076124,"action":"FILE_CLOSED","file":"/lombok_manual_log.csv","tags":{"FILE_LINE_OF_CODE":"null"}}
{"ts":1751913076127,"action":"FILE_OPENED","file":"/logging-log4j2_manual_log.csv","tags":{"FILE_LINE_OF_CODE":"null"}}
{"ts":1751913077479,"action":"FILE_CLOSED","file":"/logging-log4j2_manual_log.csv","tags":{"FILE_LINE_OF_CODE":"null"}}
{"ts":1751913077482,"action":"FILE_OPENED","file":"/logback_manual_log.csv","tags":{"FILE_LINE_OF_CODE":"null"}}
{"ts":1751913077983,"action":"FILE_CLOSED","file":"/logback_manual_log.csv","tags":{"FILE_LINE_OF_CODE":"null"}}
{"ts":1751913077986,"action":"FILE_OPENED","file":"/junit-framework_manual_log.csv","tags":{"FILE_LINE_OF_CODE":"null"}}
{"ts":1751913079052,"action":"FILE_CLOSED","file":"/junit-framework_manual_log.csv","tags":{"FILE_LINE_OF_CODE":"null"}}
{"ts":1751913079055,"action":"FILE_OPENED","file":"/JSON-java_manual_log.csv","tags":{"FILE_LINE_OF_CODE":"null"}}
{"ts":1751913079381,"action":"FILE_CLOSED","file":"/JSON-java_manual_log.csv","tags":{"FILE_LINE_OF_CODE":"null"}}
{"ts":1751913079384,"action":"FILE_OPENED","file":"/joda-time_manual_log.csv","tags":{"FILE_LINE_OF_CODE":"null"}}
{"ts":1751913080371,"action":"FILE_CLOSED","file":"/joda-time_manual_log.csv","tags":{"FILE_LINE_OF_CODE":"null"}}
{"ts":1751913080374,"action":"FILE_OPENED","file":"/JSON-java_manual_log.csv","tags":{"FILE_LINE_OF_CODE":"null"}}
{"ts":1751913109577,"action":"FILE_CLOSED","file":"/JSON-java_manual_log.csv","tags":{"FILE_LINE_OF_CODE":"null"}}
{"ts":1751913109581,"action":"FILE_OPENED","file":"/testng_manual_log.csv","tags":{"FILE_LINE_OF_CODE":"null"}}
{"ts":1751913109942,"action":"FILE_CLOSED","file":"/testng_manual_log.csv","tags":{"FILE_LINE_OF_CODE":"null"}}
{"ts":1751913109945,"action":"FILE_OPENED","file":"/target_manual_log.csv","tags":{"FILE_LINE_OF_CODE":"null"}}
{"ts":1751913110273,"action":"FILE_CLOSED","file":"/target_manual_log.csv","tags":{"FILE_LINE_OF_CODE":"null"}}
{"ts":1751913110275,"action":"FILE_OPENED","file":"/spring-framework_manual_log.csv","tags":{"FILE_LINE_OF_CODE":"null"}}
{"ts":1751913110663,"action":"FILE_CLOSED","file":"/spring-framework_manual_log.csv","tags":{"FILE_LINE_OF_CODE":"null"}}
{"ts":1751913110666,"action":"FILE_OPENED","file":"/snakeyaml_manual_log.csv","tags":{"FILE_LINE_OF_CODE":"null"}}
{"ts":1751913110949,"action":"FILE_CLOSED","file":"/snakeyaml_manual_log.csv","tags":{"FILE_LINE_OF_CODE":"null"}}
{"ts":1751913110952,"action":"FILE_OPENED","file":"/slf4j_manual_log.csv","tags":{"FILE_LINE_OF_CODE":"null"}}
{"ts":1751913111765,"action":"FILE_CLOSED","file":"/slf4j_manual_log.csv","tags":{"FILE_LINE_OF_CODE":"null"}}
{"ts":1751913111773,"action":"FILE_OPENED","file":"/pgjdbc_manual_log.csv","tags":{"FILE_LINE_OF_CODE":"null"}}
{"ts":1751913112087,"action":"FILE_CLOSED","file":"/pgjdbc_manual_log.csv","tags":{"FILE_LINE_OF_CODE":"null"}}
{"ts":1751913112090,"action":"FILE_OPENED","file":"/mysql-connector-j_manual_log.csv","tags":{"FILE_LINE_OF_CODE":"null"}}
{"ts":1751913112484,"action":"FILE_CLOSED","file":"/mysql-connector-j_manual_log.csv","tags":{"FILE_LINE_OF_CODE":"null"}}
{"ts":1751913112487,"action":"FILE_OPENED","file":"/mockito_manual_log.csv","tags":{"FILE_LINE_OF_CODE":"null"}}
{"ts":1751913112931,"action":"FILE_CLOSED","file":"/mockito_manual_log.csv","tags":{"FILE_LINE_OF_CODE":"null"}}
{"ts":1751913112935,"action":"FILE_OPENED","file":"/maven-plugin-tools_manual_log.csv","tags":{"FILE_LINE_OF_CODE":"null"}}
{"ts":1751913114284,"action":"FILE_CLOSED","file":"/maven-plugin-tools_manual_log.csv","tags":{"FILE_LINE_OF_CODE":"null"}}
{"ts":1751913114286,"action":"FILE_OPENED","file":"/lombok_manual_log.csv","tags":{"FILE_LINE_OF_CODE":"null"}}
{"ts":1751913114704,"action":"FILE_CLOSED","file":"/lombok_manual_log.csv","tags":{"FILE_LINE_OF_CODE":"null"}}
{"ts":1751913114707,"action":"FILE_OPENED","file":"/maven-plugin-tools_manual_log.csv","tags":{"FILE_LINE_OF_CODE":"null"}}
{"ts":1751913227944,"action":"IDE_DEACTIVATED"}
{"ts":1751913354234,"action":"IDE_ACTIVATED"}
{"ts":1751913359272,"action":"FILE_CLOSED","file":"/maven-plugin-tools_manual_log.csv","tags":{"FILE_LINE_OF_CODE":"null"}}
{"ts":1751913359275,"action":"FILE_OPENED","file":"/target_manual_log.csv","tags":{"FILE_LINE_OF_CODE":"null"}}
{"ts":1751913360119,"action":"FILE_CLOSED","file":"/target_manual_log.csv","tags":{"FILE_LINE_OF_CODE":"null"}}
{"ts":1751913360123,"action":"FILE_OPENED","file":"/spring-framework_manual_log.csv","tags":{"FILE_LINE_OF_CODE":"null"}}
{"ts":1751913360780,"action":"FILE_CLOSED","file":"/spring-framework_manual_log.csv","tags":{"FILE_LINE_OF_CODE":"null"}}
{"ts":1751913360782,"action":"FILE_OPENED","file":"/snakeyaml_manual_log.csv","tags":{"FILE_LINE_OF_CODE":"null"}}
{"ts":1751913360982,"action":"FILE_CLOSED","file":"/snakeyaml_manual_log.csv","tags":{"FILE_LINE_OF_CODE":"null"}}
{"ts":1751913360984,"action":"FILE_OPENED","file":"/slf4j_manual_log.csv","tags":{"FILE_LINE_OF_CODE":"null"}}
{"ts":1751913361187,"action":"FILE_CLOSED","file":"/slf4j_manual_log.csv","tags":{"FILE_LINE_OF_CODE":"null"}}
{"ts":1751913361187,"action":"FILE_OPENED","file":"/pom.xml","tags":{"FILE_LINE_OF_CODE":"69"}}
{"ts":1751913361497,"action":"FILE_CLOSED","file":"/pom.xml","tags":{"FILE_LINE_OF_CODE":"69"}}
{"ts":1751913361501,"action":"FILE_OPENED","file":"/mysql-connector-j_manual_log.csv","tags":{"FILE_LINE_OF_CODE":"null"}}
{"ts":1751913361997,"action":"FILE_CLOSED","file":"/mysql-connector-j_manual_log.csv","tags":{"FILE_LINE_OF_CODE":"null"}}
{"ts":1751913361999,"action":"FILE_OPENED","file":"/mockito_manual_log.csv","tags":{"FILE_LINE_OF_CODE":"null"}}
{"ts":1751913362238,"action":"FILE_CLOSED","file":"/mockito_manual_log.csv","tags":{"FILE_LINE_OF_CODE":"null"}}
{"ts":1751913362240,"action":"FILE_OPENED","file":"/maven-plugin-tools_manual_log.csv","tags":{"FILE_LINE_OF_CODE":"null"}}
{"ts":1751913362511,"action":"FILE_CLOSED","file":"/maven-plugin-tools_manual_log.csv","tags":{"FILE_LINE_OF_CODE":"null"}}
{"ts":1751913362524,"action":"FILE_OPENED","file":"/lombok_manual_log.csv","tags":{"FILE_LINE_OF_CODE":"null"}}
{"ts":1751913362697,"action":"FILE_CLOSED","file":"/lombok_manual_log.csv","tags":{"FILE_LINE_OF_CODE":"null"}}
{"ts":1751913362701,"action":"FILE_OPENED","file":"/logging-log4j2_manual_log.csv","tags":{"FILE_LINE_OF_CODE":"null"}}
{"ts":1751913362906,"action":"FILE_CLOSED","file":"/logging-log4j2_manual_log.csv","tags":{"FILE_LINE_OF_CODE":"null"}}
{"ts":1751913362909,"action":"FILE_OPENED","file":"/logback_manual_log.csv","tags":{"FILE_LINE_OF_CODE":"null"}}
{"ts":1751913363054,"action":"FILE_CLOSED","file":"/logback_manual_log.csv","tags":{"FILE_LINE_OF_CODE":"null"}}
{"ts":1751913363057,"action":"FILE_OPENED","file":"/junit-framework_manual_log.csv","tags":{"FILE_LINE_OF_CODE":"null"}}
{"ts":1751913363219,"action":"FILE_CLOSED","file":"/junit-framework_manual_log.csv","tags":{"FILE_LINE_OF_CODE":"null"}}
{"ts":1751913363221,"action":"FILE_OPENED","file":"/JSON-java_manual_log.csv","tags":{"FILE_LINE_OF_CODE":"null"}}
{"ts":1751913363370,"action":"FILE_CLOSED","file":"/JSON-java_manual_log.csv","tags":{"FILE_LINE_OF_CODE":"null"}}
{"ts":1751913363373,"action":"FILE_OPENED","file":"/joda-time_manual_log.csv","tags":{"FILE_LINE_OF_CODE":"null"}}
{"ts":1751913363534,"action":"FILE_CLOSED","file":"/joda-time_manual_log.csv","tags":{"FILE_LINE_OF_CODE":"null"}}
{"ts":1751913363538,"action":"FILE_OPENED","file":"/java-annotations_manual_log.csv","tags":{"FILE_LINE_OF_CODE":"null"}}
{"ts":1751913363732,"action":"FILE_CLOSED","file":"/java-annotations_manual_log.csv","tags":{"FILE_LINE_OF_CODE":"null"}}
{"ts":1751913363735,"action":"FILE_OPENED","file":"/jackson-modules-java8_manual_log.csv","tags":{"FILE_LINE_OF_CODE":"null"}}
{"ts":1751913363909,"action":"FILE_CLOSED","file":"/jackson-modules-java8_manual_log.csv","tags":{"FILE_LINE_OF_CODE":"null"}}
{"ts":1751913363920,"action":"FILE_OPENED","file":"/jackson-databind_manual_log.csv","tags":{"FILE_LINE_OF_CODE":"null"}}
{"ts":1751913364063,"action":"FILE_CLOSED","file":"/jackson-databind_manual_log.csv","tags":{"FILE_LINE_OF_CODE":"null"}}
{"ts":1751913364066,"action":"FILE_OPENED","file":"/jackson-core_manual_log.csv","tags":{"FILE_LINE_OF_CODE":"null"}}
{"ts":1751913364247,"action":"FILE_CLOSED","file":"/jackson-core_manual_log.csv","tags":{"FILE_LINE_OF_CODE":"null"}}
{"ts":1751913364251,"action":"FILE_OPENED","file":"/jackson-annotations_manual_log.csv","tags":{"FILE_LINE_OF_CODE":"null"}}
{"ts":1751913364441,"action":"FILE_CLOSED","file":"/jackson-annotations_manual_log.csv","tags":{"FILE_LINE_OF_CODE":"null"}}
{"ts":1751913364444,"action":"FILE_OPENED","file":"/h2database_manual_log.csv","tags":{"FILE_LINE_OF_CODE":"null"}}
{"ts":1751913364596,"action":"FILE_CLOSED","file":"/h2database_manual_log.csv","tags":{"FILE_LINE_OF_CODE":"null"}}
{"ts":1751913364599,"action":"FILE_OPENED","file":"/guava_manual_log.csv","tags":{"FILE_LINE_OF_CODE":"null"}}
{"ts":1751913364836,"action":"FILE_CLOSED","file":"/guava_manual_log.csv","tags":{"FILE_LINE_OF_CODE":"null"}}
{"ts":1751913364839,"action":"FILE_OPENED","file":"/gson_manual_log.csv","tags":{"FILE_LINE_OF_CODE":"null"}}
{"ts":1751913365038,"action":"FILE_CLOSED","file":"/gson_manual_log.csv","tags":{"FILE_LINE_OF_CODE":"null"}}
{"ts":1751913365041,"action":"FILE_OPENED","file":"/easymock_manual_log.csv","tags":{"FILE_LINE_OF_CODE":"null"}}
{"ts":1751913365237,"action":"FILE_CLOSED","file":"/easymock_manual_log.csv","tags":{"FILE_LINE_OF_CODE":"null"}}
{"ts":1751913365240,"action":"FILE_OPENED","file":"/commons-logging_manual_log.csv","tags":{"FILE_LINE_OF_CODE":"null"}}
{"ts":1751913365389,"action":"FILE_CLOSED","file":"/commons-logging_manual_log.csv","tags":{"FILE_LINE_OF_CODE":"null"}}
{"ts":1751913365391,"action":"FILE_OPENED","file":"/commons-lang_manual_log.csv","tags":{"FILE_LINE_OF_CODE":"null"}}
{"ts":1751913365574,"action":"FILE_CLOSED","file":"/commons-lang_manual_log.csv","tags":{"FILE_LINE_OF_CODE":"null"}}
{"ts":1751913365578,"action":"FILE_OPENED","file":"/commons-io_manual_log.csv","tags":{"FILE_LINE_OF_CODE":"null"}}
{"ts":1751913365789,"action":"FILE_CLOSED","file":"/commons-io_manual_log.csv","tags":{"FILE_LINE_OF_CODE":"null"}}
{"ts":1751913365808,"action":"FILE_OPENED","file":"/commons-collections_manual_log.csv","tags":{"FILE_LINE_OF_CODE":"null"}}
{"ts":1751913366098,"action":"FILE_CLOSED","file":"/commons-collections_manual_log.csv","tags":{"FILE_LINE_OF_CODE":"null"}}
{"ts":1751913366155,"action":"FILE_OPENED","file":"/commons-codec_manual_log.csv","tags":{"FILE_LINE_OF_CODE":"null"}}
{"ts":1751913366371,"action":"FILE_CLOSED","file":"/commons-codec_manual_log.csv","tags":{"FILE_LINE_OF_CODE":"null"}}
{"ts":1751913366383,"action":"FILE_OPENED","file":"/commons-cli_manual_log.csv","tags":{"FILE_LINE_OF_CODE":"null"}}
{"ts":1751913366451,"action":"FILE_CLOSED","file":"/commons-cli_manual_log.csv","tags":{"FILE_LINE_OF_CODE":"null"}}
{"ts":1751913366454,"action":"FILE_OPENED","file":"/assertj_manual_log.csv","tags":{"FILE_LINE_OF_CODE":"null"}}
{"ts":1751913366654,"action":"FILE_CLOSED","file":"/assertj_manual_log.csv","tags":{"FILE_LINE_OF_CODE":"null"}}
{"ts":1751913366657,"action":"FILE_OPENED","file":"/analysis_results.csv","tags":{"FILE_LINE_OF_CODE":"null"}}
{"ts":1751913366873,"action":"FILE_CLOSED","file":"/analysis_results.csv","tags":{"FILE_LINE_OF_CODE":"null"}}
{"ts":1751913366884,"action":"FILE_OPENED","file":"/.gitignore","tags":{"FILE_LINE_OF_CODE":"38"}}
{"ts":1751913367569,"action":"FILE_CLOSED","file":"/.gitignore","tags":{"FILE_LINE_OF_CODE":"38"}}
{"ts":1751913367583,"action":"FILE_OPENED","file":"/analysis_results.csv","tags":{"FILE_LINE_OF_CODE":"null"}}
{"ts":1751913368290,"action":"FILE_CLOSED","file":"/analysis_results.csv","tags":{"FILE_LINE_OF_CODE":"null"}}
{"ts":1751913368292,"action":"FILE_OPENED","file":"/assertj_manual_log.csv","tags":{"FILE_LINE_OF_CODE":"null"}}
{"ts":1751913392606,"action":"FILE_CLOSED","file":"/assertj_manual_log.csv","tags":{"FILE_LINE_OF_CODE":"null"}}
{"ts":1751913392609,"action":"FILE_OPENED","file":"/analysis_results.csv","tags":{"FILE_LINE_OF_CODE":"null"}}
{"ts":1751913403651,"action":"IDE_DEACTIVATED"}
{"ts":1751913498509,"action":"IDE_ACTIVATED"}
{"ts":1751913521880,"action":"FILE_CLOSED","file":"/analysis_results.csv","tags":{"FILE_LINE_OF_CODE":"null"}}
{"ts":1751913521880,"action":"FILE_OPENED","file":"/src/main/java/com/yourcompany/game/App.java","tags":{"FILE_LINE_OF_CODE":"161"}}
{"ts":1751913526678,"action":"IDE_DEACTIVATED"}
{"ts":1751913529087,"action":"IDE_ACTIVATED"}
{"ts":1751913550620,"action":"IDE_DEACTIVATED"}
{"ts":1751913987062,"action":"IDE_ACTIVATED"}
{"ts":1751913988062,"action":"IDE_DEACTIVATED"}
{"ts":1751919660573,"action":"IDE_ACTIVATED"}
{"ts":1751919681153,"action":"FILE_CLOSED","file":"/src/main/java/com/yourcompany/game/App.java","tags":{"FILE_LINE_OF_CODE":"161"}}
{"ts":1751919681153,"action":"FILE_OPENED","file":"/analysis_results.csv","tags":{"FILE_LINE_OF_CODE":"null"}}
{"ts":1751919700047,"action":"FILE_CLOSED","file":"/analysis_results.csv","tags":{"FILE_LINE_OF_CODE":"null"}}
{"ts":1751919700051,"action":"FILE_OPENED","file":"/assertj_manual_log.csv","tags":{"FILE_LINE_OF_CODE":"null"}}
{"ts":1751919701267,"action":"FILE_CLOSED","file":"/assertj_manual_log.csv","tags":{"FILE_LINE_OF_CODE":"null"}}
{"ts":1751919701269,"action":"FILE_OPENED","file":"/commons-cli_manual_log.csv","tags":{"FILE_LINE_OF_CODE":"null"}}
{"ts":1751919701604,"action":"FILE_CLOSED","file":"/commons-cli_manual_log.csv","tags":{"FILE_LINE_OF_CODE":"null"}}
{"ts":1751919701607,"action":"FILE_OPENED","file":"/commons-codec_manual_log.csv","tags":{"FILE_LINE_OF_CODE":"null"}}
{"ts":1751919701958,"action":"FILE_CLOSED","file":"/commons-codec_manual_log.csv","tags":{"FILE_LINE_OF_CODE":"null"}}
{"ts":1751919701961,"action":"FILE_OPENED","file":"/commons-collections_manual_log.csv","tags":{"FILE_LINE_OF_CODE":"null"}}
{"ts":1751919703226,"action":"FILE_CLOSED","file":"/commons-collections_manual_log.csv","tags":{"FILE_LINE_OF_CODE":"null"}}
{"ts":1751919703228,"action":"FILE_OPENED","file":"/commons-io_manual_log.csv","tags":{"FILE_LINE_OF_CODE":"null"}}
{"ts":1751919703502,"action":"FILE_CLOSED","file":"/commons-io_manual_log.csv","tags":{"FILE_LINE_OF_CODE":"null"}}
{"ts":1751919703506,"action":"FILE_OPENED","file":"/commons-lang_manual_log.csv","tags":{"FILE_LINE_OF_CODE":"null"}}
{"ts":1751919703865,"action":"FILE_CLOSED","file":"/commons-lang_manual_log.csv","tags":{"FILE_LINE_OF_CODE":"null"}}
{"ts":1751919703870,"action":"FILE_OPENED","file":"/commons-logging_manual_log.csv","tags":{"FILE_LINE_OF_CODE":"null"}}
{"ts":1751919704168,"action":"FILE_CLOSED","file":"/commons-logging_manual_log.csv","tags":{"FILE_LINE_OF_CODE":"null"}}
{"ts":1751919704186,"action":"FILE_OPENED","file":"/easymock_manual_log.csv","tags":{"FILE_LINE_OF_CODE":"null"}}
{"ts":1751919704446,"action":"FILE_CLOSED","file":"/easymock_manual_log.csv","tags":{"FILE_LINE_OF_CODE":"null"}}
{"ts":1751919704449,"action":"FILE_OPENED","file":"/gson_manual_log.csv","tags":{"FILE_LINE_OF_CODE":"null"}}
{"ts":1751919705056,"action":"FILE_CLOSED","file":"/gson_manual_log.csv","tags":{"FILE_LINE_OF_CODE":"null"}}
{"ts":1751919705058,"action":"FILE_OPENED","file":"/guava_manual_log.csv","tags":{"FILE_LINE_OF_CODE":"null"}}
{"ts":1751919707003,"action":"FILE_CLOSED","file":"/guava_manual_log.csv","tags":{"FILE_LINE_OF_CODE":"null"}}
{"ts":1751919707006,"action":"FILE_OPENED","file":"/h2database_manual_log.csv","tags":{"FILE_LINE_OF_CODE":"null"}}
{"ts":1751919707328,"action":"FILE_CLOSED","file":"/h2database_manual_log.csv","tags":{"FILE_LINE_OF_CODE":"null"}}
{"ts":1751919707330,"action":"FILE_OPENED","file":"/jackson-core_manual_log.csv","tags":{"FILE_LINE_OF_CODE":"null"}}
{"ts":1751919707674,"action":"FILE_CLOSED","file":"/jackson-core_manual_log.csv","tags":{"FILE_LINE_OF_CODE":"null"}}
{"ts":1751919707677,"action":"FILE_OPENED","file":"/jackson-annotations_manual_log.csv","tags":{"FILE_LINE_OF_CODE":"null"}}
{"ts":1751919708065,"action":"FILE_CLOSED","file":"/jackson-annotations_manual_log.csv","tags":{"FILE_LINE_OF_CODE":"null"}}
{"ts":1751919708067,"action":"FILE_OPENED","file":"/h2database_manual_log.csv","tags":{"FILE_LINE_OF_CODE":"null"}}
{"ts":1751919708457,"action":"FILE_CLOSED","file":"/h2database_manual_log.csv","tags":{"FILE_LINE_OF_CODE":"null"}}
{"ts":1751919708459,"action":"FILE_OPENED","file":"/jackson-core_manual_log.csv","tags":{"FILE_LINE_OF_CODE":"null"}}
{"ts":1751919708918,"action":"FILE_CLOSED","file":"/jackson-core_manual_log.csv","tags":{"FILE_LINE_OF_CODE":"null"}}
{"ts":1751919708919,"action":"FILE_OPENED","file":"/jackson-databind_manual_log.csv","tags":{"FILE_LINE_OF_CODE":"null"}}
{"ts":1751919709263,"action":"FILE_CLOSED","file":"/jackson-databind_manual_log.csv","tags":{"FILE_LINE_OF_CODE":"null"}}
{"ts":1751919709267,"action":"FILE_OPENED","file":"/jackson-modules-java8_manual_log.csv","tags":{"FILE_LINE_OF_CODE":"null"}}
{"ts":1751919709616,"action":"FILE_CLOSED","file":"/jackson-modules-java8_manual_log.csv","tags":{"FILE_LINE_OF_CODE":"null"}}
{"ts":1751919709619,"action":"FILE_OPENED","file":"/java-annotations_manual_log.csv","tags":{"FILE_LINE_OF_CODE":"null"}}
{"ts":1751919710827,"action":"FILE_CLOSED","file":"/java-annotations_manual_log.csv","tags":{"FILE_LINE_OF_CODE":"null"}}
{"ts":1751919710829,"action":"FILE_OPENED","file":"/joda-time_manual_log.csv","tags":{"FILE_LINE_OF_CODE":"null"}}
{"ts":1751919711333,"action":"FILE_CLOSED","file":"/joda-time_manual_log.csv","tags":{"FILE_LINE_OF_CODE":"null"}}
{"ts":1751919711335,"action":"FILE_OPENED","file":"/JSON-java_manual_log.csv","tags":{"FILE_LINE_OF_CODE":"null"}}
{"ts":1751919712526,"action":"FILE_CLOSED","file":"/JSON-java_manual_log.csv","tags":{"FILE_LINE_OF_CODE":"null"}}
{"ts":1751919712528,"action":"FILE_OPENED","file":"/junit-framework_manual_log.csv","tags":{"FILE_LINE_OF_CODE":"null"}}
{"ts":1751919713891,"action":"FILE_CLOSED","file":"/junit-framework_manual_log.csv","tags":{"FILE_LINE_OF_CODE":"null"}}
{"ts":1751919713894,"action":"FILE_OPENED","file":"/logback_manual_log.csv","tags":{"FILE_LINE_OF_CODE":"null"}}
{"ts":1751919714235,"action":"FILE_CLOSED","file":"/logback_manual_log.csv","tags":{"FILE_LINE_OF_CODE":"null"}}
{"ts":1751919714237,"action":"FILE_OPENED","file":"/logging-log4j2_manual_log.csv","tags":{"FILE_LINE_OF_CODE":"null"}}
{"ts":1751919714625,"action":"FILE_CLOSED","file":"/logging-log4j2_manual_log.csv","tags":{"FILE_LINE_OF_CODE":"null"}}
{"ts":1751919714627,"action":"FILE_OPENED","file":"/lombok_manual_log.csv","tags":{"FILE_LINE_OF_CODE":"null"}}
{"ts":1751919715025,"action":"FILE_CLOSED","file":"/lombok_manual_log.csv","tags":{"FILE_LINE_OF_CODE":"null"}}
{"ts":1751919715027,"action":"FILE_OPENED","file":"/mockito_manual_log.csv","tags":{"FILE_LINE_OF_CODE":"null"}}
{"ts":1751919715422,"action":"FILE_CLOSED","file":"/mockito_manual_log.csv","tags":{"FILE_LINE_OF_CODE":"null"}}
{"ts":1751919715424,"action":"FILE_OPENED","file":"/maven-plugin-tools_manual_log.csv","tags":{"FILE_LINE_OF_CODE":"null"}}
{"ts":1751919715783,"action":"FILE_CLOSED","file":"/maven-plugin-tools_manual_log.csv","tags":{"FILE_LINE_OF_CODE":"null"}}
{"ts":1751919715786,"action":"FILE_OPENED","file":"/lombok_manual_log.csv","tags":{"FILE_LINE_OF_CODE":"null"}}
{"ts":1751919716151,"action":"FILE_CLOSED","file":"/lombok_manual_log.csv","tags":{"FILE_LINE_OF_CODE":"null"}}
{"ts":1751919716154,"action":"FILE_OPENED","file":"/mysql-connector-j_manual_log.csv","tags":{"FILE_LINE_OF_CODE":"null"}}
{"ts":1751919716498,"action":"FILE_CLOSED","file":"/mysql-connector-j_manual_log.csv","tags":{"FILE_LINE_OF_CODE":"null"}}
{"ts":1751919716501,"action":"FILE_OPENED","file":"/mockito_manual_log.csv","tags":{"FILE_LINE_OF_CODE":"null"}}
{"ts":1751919717432,"action":"FILE_CLOSED","file":"/mockito_manual_log.csv","tags":{"FILE_LINE_OF_CODE":"null"}}
{"ts":1751919717435,"action":"FILE_OPENED","file":"/pgjdbc_manual_log.csv","tags":{"FILE_LINE_OF_CODE":"null"}}
{"ts":1751919718057,"action":"FILE_CLOSED","file":"/pgjdbc_manual_log.csv","tags":{"FILE_LINE_OF_CODE":"null"}}
{"ts":1751919718061,"action":"FILE_OPENED","file":"/mysql-connector-j_manual_log.csv","tags":{"FILE_LINE_OF_CODE":"null"}}
{"ts":1751919718687,"action":"FILE_CLOSED","file":"/mysql-connector-j_manual_log.csv","tags":{"FILE_LINE_OF_CODE":"null"}}
{"ts":1751919718689,"action":"FILE_OPENED","file":"/slf4j_manual_log.csv","tags":{"FILE_LINE_OF_CODE":"null"}}
{"ts":1751919718987,"action":"FILE_CLOSED","file":"/slf4j_manual_log.csv","tags":{"FILE_LINE_OF_CODE":"null"}}
{"ts":1751919718989,"action":"FILE_OPENED","file":"/snakeyaml_manual_log.csv","tags":{"FILE_LINE_OF_CODE":"null"}}
{"ts":1751919719339,"action":"FILE_CLOSED","file":"/snakeyaml_manual_log.csv","tags":{"FILE_LINE_OF_CODE":"null"}}
{"ts":1751919719341,"action":"FILE_OPENED","file":"/spring-framework_manual_log.csv","tags":{"FILE_LINE_OF_CODE":"null"}}
{"ts":1751919719648,"action":"FILE_CLOSED","file":"/spring-framework_manual_log.csv","tags":{"FILE_LINE_OF_CODE":"null"}}
{"ts":1751919719650,"action":"FILE_OPENED","file":"/target_manual_log.csv","tags":{"FILE_LINE_OF_CODE":"null"}}
{"ts":1751919720254,"action":"FILE_CLOSED","file":"/target_manual_log.csv","tags":{"FILE_LINE_OF_CODE":"null"}}
{"ts":1751919720256,"action":"FILE_OPENED","file":"/testng_manual_log.csv","tags":{"FILE_LINE_OF_CODE":"null"}}
{"ts":1751919738157,"action":"FILE_CLOSED","file":"/testng_manual_log.csv","tags":{"FILE_LINE_OF_CODE":"null"}}
{"ts":1751919738157,"action":"FILE_OPENED","file":"/src/main/java/com/yourcompany/game/App.java","tags":{"FILE_LINE_OF_CODE":"161"}}
{"ts":1751919762391,"action":"FILE_CLOSED","file":"/src/main/java/com/yourcompany/game/App.java","tags":{"FILE_LINE_OF_CODE":"161"}}
{"ts":1751919762403,"action":"FILE_OPENED","file":"/analysis_results.csv","tags":{"FILE_LINE_OF_CODE":"null"}}
{"ts":1751919764045,"action":"FILE_OPENED","file":"/src/main/java/com/yourcompany/game/App.java","tags":{"FILE_LINE_OF_CODE":"161"}}
{"ts":1751919815514,"action":"FILE_CLOSED","file":"/src/main/java/com/yourcompany/game/App.java","tags":{"FILE_LINE_OF_CODE":"161"}}
{"ts":1751919815517,"action":"FILE_OPENED","file":"/analysis_results.csv","tags":{"FILE_LINE_OF_CODE":"null"}}
{"ts":1751919818353,"action":"FILE_CLOSED","file":"/analysis_results.csv","tags":{"FILE_LINE_OF_CODE":"null"}}
{"ts":1751919818356,"action":"FILE_OPENED","file":"/assertj_manual_log.csv","tags":{"FILE_LINE_OF_CODE":"null"}}
{"ts":1751919819159,"action":"FILE_CLOSED","file":"/assertj_manual_log.csv","tags":{"FILE_LINE_OF_CODE":"null"}}
{"ts":1751919819162,"action":"FILE_OPENED","file":"/analysis_results.csv","tags":{"FILE_LINE_OF_CODE":"null"}}
{"ts":1751919823372,"action":"IDE_DEACTIVATED"}
{"ts":1751919823757,"action":"IDE_ACTIVATED"}
{"ts":1751919823897,"action":"IDE_DEACTIVATED"}
{"ts":1751919834833,"action":"IDE_ACTIVATED"}
{"ts":1751919842718,"action":"FILE_CLOSED","file":"/analysis_results.csv","tags":{"FILE_LINE_OF_CODE":"null"}}
{"ts":1751919842720,"action":"FILE_OPENED","file":"/testng_manual_log.csv","tags":{"FILE_LINE_OF_CODE":"null"}}
{"ts":1751919843029,"action":"FILE_CLOSED","file":"/testng_manual_log.csv","tags":{"FILE_LINE_OF_CODE":"null"}}
{"ts":1751919843031,"action":"FILE_OPENED","file":"/target_manual_log.csv","tags":{"FILE_LINE_OF_CODE":"null"}}
{"ts":1751919843370,"action":"FILE_CLOSED","file":"/target_manual_log.csv","tags":{"FILE_LINE_OF_CODE":"null"}}
{"ts":1751919843373,"action":"FILE_OPENED","file":"/spring-framework_manual_log.csv","tags":{"FILE_LINE_OF_CODE":"null"}}
{"ts":1751919843719,"action":"FILE_CLOSED","file":"/spring-framework_manual_log.csv","tags":{"FILE_LINE_OF_CODE":"null"}}
{"ts":1751919843722,"action":"FILE_OPENED","file":"/snakeyaml_manual_log.csv","tags":{"FILE_LINE_OF_CODE":"null"}}
{"ts":1751919844006,"action":"FILE_CLOSED","file":"/snakeyaml_manual_log.csv","tags":{"FILE_LINE_OF_CODE":"null"}}
{"ts":1751919844009,"action":"FILE_OPENED","file":"/slf4j_manual_log.csv","tags":{"FILE_LINE_OF_CODE":"null"}}
{"ts":1751919845015,"action":"FILE_CLOSED","file":"/slf4j_manual_log.csv","tags":{"FILE_LINE_OF_CODE":"null"}}
{"ts":1751919845017,"action":"FILE_OPENED","file":"/pgjdbc_manual_log.csv","tags":{"FILE_LINE_OF_CODE":"null"}}
{"ts":1751919845237,"action":"FILE_CLOSED","file":"/pgjdbc_manual_log.csv","tags":{"FILE_LINE_OF_CODE":"null"}}
{"ts":1751919845237,"action":"FILE_OPENED","file":"/src/main/java/com/yourcompany/game/App.java","tags":{"FILE_LINE_OF_CODE":"161"}}
{"ts":1751919845240,"action":"FILE_CLOSED","file":"/src/main/java/com/yourcompany/game/App.java","tags":{"FILE_LINE_OF_CODE":"161"}}
{"ts":1751919845247,"action":"FILE_OPENED","file":"/mysql-connector-j_manual_log.csv","tags":{"FILE_LINE_OF_CODE":"null"}}
{"ts":1751919846621,"action":"FILE_CLOSED","file":"/mysql-connector-j_manual_log.csv","tags":{"FILE_LINE_OF_CODE":"null"}}
{"ts":1751919846624,"action":"FILE_OPENED","file":"/assertj_manual_log.csv","tags":{"FILE_LINE_OF_CODE":"null"}}
{"ts":1751919847850,"action":"FILE_CLOSED","file":"/assertj_manual_log.csv","tags":{"FILE_LINE_OF_CODE":"null"}}
{"ts":1751919847853,"action":"FILE_OPENED","file":"/analysis_results.csv","tags":{"FILE_LINE_OF_CODE":"null"}}
{"ts":1751919848354,"action":"FILE_CLOSED","file":"/analysis_results.csv","tags":{"FILE_LINE_OF_CODE":"null"}}
{"ts":1751919848357,"action":"FILE_OPENED","file":"/commons-collections_manual_log.csv","tags":{"FILE_LINE_OF_CODE":"null"}}
{"ts":1751919848728,"action":"FILE_CLOSED","file":"/commons-collections_manual_log.csv","tags":{"FILE_LINE_OF_CODE":"null"}}
{"ts":1751919848731,"action":"FILE_OPENED","file":"/easymock_manual_log.csv","tags":{"FILE_LINE_OF_CODE":"null"}}
{"ts":1751919849058,"action":"FILE_CLOSED","file":"/easymock_manual_log.csv","tags":{"FILE_LINE_OF_CODE":"null"}}
{"ts":1751919849061,"action":"FILE_OPENED","file":"/jackson-databind_manual_log.csv","tags":{"FILE_LINE_OF_CODE":"null"}}
{"ts":1751919862174,"action":"FILE_CLOSED","file":"/jackson-databind_manual_log.csv","tags":{"FILE_LINE_OF_CODE":"null"}}
{"ts":1751919862174,"action":"FILE_OPENED","file":"/mysql-connector-j_manual_log.csv","tags":{"FILE_LINE_OF_CODE":"null"}}
{"ts":1751919862633,"action":"FILE_CLOSED","file":"/mysql-connector-j_manual_log.csv","tags":{"FILE_LINE_OF_CODE":"null"}}
{"ts":1751919862633,"action":"FILE_OPENED","file":"/src/main/java/com/yourcompany/game/App.java","tags":{"FILE_LINE_OF_CODE":"161"}}
{"ts":1751919876459,"action":"FILE_CLOSED","file":"/src/main/java/com/yourcompany/game/App.java","tags":{"FILE_LINE_OF_CODE":"161"}}
{"ts":1751919876459,"action":"FILE_OPENED","file":"/src/main/java/com/yourcompany/game/HistoricalAnalyzer.java","tags":{"FILE_LINE_OF_CODE":"192"}}
{"ts":1751919914169,"action":"IDE_DEACTIVATED"}
{"ts":1751919918467,"action":"IDE_ACTIVATED"}
{"ts":1751920072945,"action":"IDE_DEACTIVATED"}
{"ts":1751920080840,"action":"IDE_ACTIVATED"}
{"ts":1751920089225,"action":"IDE_DEACTIVATED"}
{"ts":1751920133641,"action":"IDE_ACTIVATED"}
{"ts":1751920134119,"action":"IDE_DEACTIVATED"}
{"ts":1751920146430,"action":"IDE_ACTIVATED"}
{"ts":1751920152428,"action":"IDE_DEACTIVATED"}
{"ts":1751920163813,"action":"IDE_ACTIVATED"}
{"ts":1751920166469,"action":"IDE_DEACTIVATED"}
{"ts":1751920170314,"action":"IDE_ACTIVATED"}
{"ts":1751920218819,"action":"IDE_DEACTIVATED"}
{"ts":1751920226472,"action":"IDE_ACTIVATED"}
{"ts":1751920234864,"action":"FILE_CLOSED","file":"/src/main/java/com/yourcompany/game/HistoricalAnalyzer.java","tags":{"FILE_LINE_OF_CODE":"180"}}
{"ts":1751920234880,"action":"FILE_OPENED","file":"/analysis_results.csv","tags":{"FILE_LINE_OF_CODE":"null"}}
{"ts":1751920238948,"action":"IDE_DEACTIVATED"}
{"ts":1751920487070,"action":"IDE_ACTIVATED"}
{"ts":1751920494268,"action":"IDE_DEACTIVATED"}
{"ts":1751920688836,"action":"IDE_ACTIVATED"}
{"ts":1751921384592,"action":"IDE_DEACTIVATED"}
{"ts":1751921493920,"action":"IDE_ACTIVATED"}
{"ts":1751921535552,"action":"FILE_CLOSED","file":"/analysis_results.csv","tags":{"FILE_LINE_OF_CODE":"null"}}
{"ts":1751921535557,"action":"FILE_OPENED","file":"/assertj_manual_log.csv","tags":{"FILE_LINE_OF_CODE":"null"}}
{"ts":1751921536146,"action":"FILE_CLOSED","file":"/assertj_manual_log.csv","tags":{"FILE_LINE_OF_CODE":"null"}}
{"ts":1751921536149,"action":"FILE_OPENED","file":"/analysis_results.csv","tags":{"FILE_LINE_OF_CODE":"null"}}
{"ts":1751921536762,"action":"FILE_CLOSED","file":"/analysis_results.csv","tags":{"FILE_LINE_OF_CODE":"null"}}
{"ts":1751921536765,"action":"FILE_OPENED","file":"/commons-codec_manual_log.csv","tags":{"FILE_LINE_OF_CODE":"null"}}
{"ts":1751921537405,"action":"FILE_CLOSED","file":"/commons-codec_manual_log.csv","tags":{"FILE_LINE_OF_CODE":"null"}}
{"ts":1751921537407,"action":"FILE_OPENED","file":"/commons-cli_manual_log.csv","tags":{"FILE_LINE_OF_CODE":"null"}}
{"ts":1751921538430,"action":"FILE_CLOSED","file":"/commons-cli_manual_log.csv","tags":{"FILE_LINE_OF_CODE":"null"}}
{"ts":1751921538434,"action":"FILE_OPENED","file":"/jackson-modules-java8_manual_log.csv","tags":{"FILE_LINE_OF_CODE":"null"}}
{"ts":1751921539678,"action":"FILE_CLOSED","file":"/jackson-modules-java8_manual_log.csv","tags":{"FILE_LINE_OF_CODE":"null"}}
{"ts":1751921539680,"action":"FILE_OPENED","file":"/java-annotations_manual_log.csv","tags":{"FILE_LINE_OF_CODE":"null"}}
{"ts":1751921539874,"action":"FILE_CLOSED","file":"/java-annotations_manual_log.csv","tags":{"FILE_LINE_OF_CODE":"null"}}
{"ts":1751921539877,"action":"FILE_OPENED","file":"/joda-time_manual_log.csv","tags":{"FILE_LINE_OF_CODE":"null"}}
{"ts":1751921540029,"action":"FILE_CLOSED","file":"/joda-time_manual_log.csv","tags":{"FILE_LINE_OF_CODE":"null"}}
{"ts":1751921540031,"action":"FILE_OPENED","file":"/JSON-java_manual_log.csv","tags":{"FILE_LINE_OF_CODE":"null"}}
{"ts":1751921540202,"action":"FILE_CLOSED","file":"/JSON-java_manual_log.csv","tags":{"FILE_LINE_OF_CODE":"null"}}
{"ts":1751921540205,"action":"FILE_OPENED","file":"/junit-framework_manual_log.csv","tags":{"FILE_LINE_OF_CODE":"null"}}
{"ts":1751921627350,"action":"FILE_CLOSED","file":"/junit-framework_manual_log.csv","tags":{"FILE_LINE_OF_CODE":"null"}}
{"ts":1751921627353,"action":"FILE_OPENED","file":"/analysis_results.csv","tags":{"FILE_LINE_OF_CODE":"null"}}
{"ts":1751921629797,"action":"FILE_CLOSED","file":"/analysis_results.csv","tags":{"FILE_LINE_OF_CODE":"null"}}
{"ts":1751921629801,"action":"FILE_OPENED","file":"/assertj_manual_log.csv","tags":{"FILE_LINE_OF_CODE":"null"}}
{"ts":1751921630269,"action":"FILE_CLOSED","file":"/assertj_manual_log.csv","tags":{"FILE_LINE_OF_CODE":"null"}}
{"ts":1751921630271,"action":"FILE_OPENED","file":"/commons-cli_manual_log.csv","tags":{"FILE_LINE_OF_CODE":"null"}}
{"ts":1751921630584,"action":"FILE_CLOSED","file":"/commons-cli_manual_log.csv","tags":{"FILE_LINE_OF_CODE":"null"}}
{"ts":1751921630587,"action":"FILE_OPENED","file":"/commons-codec_manual_log.csv","tags":{"FILE_LINE_OF_CODE":"null"}}
{"ts":1751921630792,"action":"FILE_CLOSED","file":"/commons-codec_manual_log.csv","tags":{"FILE_LINE_OF_CODE":"null"}}
{"ts":1751921630794,"action":"FILE_OPENED","file":"/commons-collections_manual_log.csv","tags":{"FILE_LINE_OF_CODE":"null"}}
{"ts":1751921630980,"action":"FILE_CLOSED","file":"/commons-collections_manual_log.csv","tags":{"FILE_LINE_OF_CODE":"null"}}
{"ts":1751921630984,"action":"FILE_OPENED","file":"/commons-io_manual_log.csv","tags":{"FILE_LINE_OF_CODE":"null"}}
{"ts":1751921631158,"action":"FILE_CLOSED","file":"/commons-io_manual_log.csv","tags":{"FILE_LINE_OF_CODE":"null"}}
{"ts":1751921631161,"action":"FILE_OPENED","file":"/commons-lang_manual_log.csv","tags":{"FILE_LINE_OF_CODE":"null"}}
{"ts":1751921631319,"action":"FILE_CLOSED","file":"/commons-lang_manual_log.csv","tags":{"FILE_LINE_OF_CODE":"null"}}
{"ts":1751921631322,"action":"FILE_OPENED","file":"/commons-logging_manual_log.csv","tags":{"FILE_LINE_OF_CODE":"null"}}
{"ts":1751921631500,"action":"FILE_CLOSED","file":"/commons-logging_manual_log.csv","tags":{"FILE_LINE_OF_CODE":"null"}}
{"ts":1751921631503,"action":"FILE_OPENED","file":"/easymock_manual_log.csv","tags":{"FILE_LINE_OF_CODE":"null"}}
{"ts":1751921631670,"action":"FILE_CLOSED","file":"/easymock_manual_log.csv","tags":{"FILE_LINE_OF_CODE":"null"}}
{"ts":1751921631673,"action":"FILE_OPENED","file":"/gson_manual_log.csv","tags":{"FILE_LINE_OF_CODE":"null"}}
{"ts":1751921631842,"action":"FILE_CLOSED","file":"/gson_manual_log.csv","tags":{"FILE_LINE_OF_CODE":"null"}}
{"ts":1751921631845,"action":"FILE_OPENED","file":"/guava_manual_log.csv","tags":{"FILE_LINE_OF_CODE":"null"}}
{"ts":1751921632002,"action":"FILE_CLOSED","file":"/guava_manual_log.csv","tags":{"FILE_LINE_OF_CODE":"null"}}
{"ts":1751921632006,"action":"FILE_OPENED","file":"/h2database_manual_log.csv","tags":{"FILE_LINE_OF_CODE":"null"}}
{"ts":1751921632170,"action":"FILE_CLOSED","file":"/h2database_manual_log.csv","tags":{"FILE_LINE_OF_CODE":"null"}}
{"ts":1751921632173,"action":"FILE_OPENED","file":"/jackson-annotations_manual_log.csv","tags":{"FILE_LINE_OF_CODE":"null"}}
{"ts":1751921632320,"action":"FILE_CLOSED","file":"/jackson-annotations_manual_log.csv","tags":{"FILE_LINE_OF_CODE":"null"}}
{"ts":1751921632328,"action":"FILE_OPENED","file":"/jackson-core_manual_log.csv","tags":{"FILE_LINE_OF_CODE":"null"}}
{"ts":1751921632503,"action":"FILE_CLOSED","file":"/jackson-core_manual_log.csv","tags":{"FILE_LINE_OF_CODE":"null"}}
{"ts":1751921632505,"action":"FILE_OPENED","file":"/jackson-databind_manual_log.csv","tags":{"FILE_LINE_OF_CODE":"null"}}
{"ts":1751921632632,"action":"FILE_CLOSED","file":"/jackson-databind_manual_log.csv","tags":{"FILE_LINE_OF_CODE":"null"}}
{"ts":1751921632638,"action":"FILE_OPENED","file":"/jackson-modules-java8_manual_log.csv","tags":{"FILE_LINE_OF_CODE":"null"}}
{"ts":1751921632810,"action":"FILE_CLOSED","file":"/jackson-modules-java8_manual_log.csv","tags":{"FILE_LINE_OF_CODE":"null"}}
{"ts":1751921632857,"action":"FILE_OPENED","file":"/java-annotations_manual_log.csv","tags":{"FILE_LINE_OF_CODE":"null"}}
{"ts":1751921632966,"action":"FILE_CLOSED","file":"/java-annotations_manual_log.csv","tags":{"FILE_LINE_OF_CODE":"null"}}
{"ts":1751921632968,"action":"FILE_OPENED","file":"/joda-time_manual_log.csv","tags":{"FILE_LINE_OF_CODE":"null"}}
{"ts":1751921633106,"action":"FILE_CLOSED","file":"/joda-time_manual_log.csv","tags":{"FILE_LINE_OF_CODE":"null"}}
{"ts":1751921633109,"action":"FILE_OPENED","file":"/JSON-java_manual_log.csv","tags":{"FILE_LINE_OF_CODE":"null"}}
{"ts":1751921633259,"action":"FILE_CLOSED","file":"/JSON-java_manual_log.csv","tags":{"FILE_LINE_OF_CODE":"null"}}
{"ts":1751921633261,"action":"FILE_OPENED","file":"/junit-framework_manual_log.csv","tags":{"FILE_LINE_OF_CODE":"null"}}
{"ts":1751921633417,"action":"FILE_CLOSED","file":"/junit-framework_manual_log.csv","tags":{"FILE_LINE_OF_CODE":"null"}}
{"ts":1751921633424,"action":"FILE_OPENED","file":"/logback_manual_log.csv","tags":{"FILE_LINE_OF_CODE":"null"}}
{"ts":1751921633571,"action":"FILE_CLOSED","file":"/logback_manual_log.csv","tags":{"FILE_LINE_OF_CODE":"null"}}
{"ts":1751921633578,"action":"FILE_OPENED","file":"/logging-log4j2_manual_log.csv","tags":{"FILE_LINE_OF_CODE":"null"}}
{"ts":1751921633752,"action":"FILE_CLOSED","file":"/logging-log4j2_manual_log.csv","tags":{"FILE_LINE_OF_CODE":"null"}}
{"ts":1751921633756,"action":"FILE_OPENED","file":"/lombok_manual_log.csv","tags":{"FILE_LINE_OF_CODE":"null"}}
{"ts":1751921633908,"action":"FILE_CLOSED","file":"/lombok_manual_log.csv","tags":{"FILE_LINE_OF_CODE":"null"}}
{"ts":1751921633910,"action":"FILE_OPENED","file":"/maven-plugin-tools_manual_log.csv","tags":{"FILE_LINE_OF_CODE":"null"}}
{"ts":1751921634060,"action":"FILE_CLOSED","file":"/maven-plugin-tools_manual_log.csv","tags":{"FILE_LINE_OF_CODE":"null"}}
{"ts":1751921634068,"action":"FILE_OPENED","file":"/mockito_manual_log.csv","tags":{"FILE_LINE_OF_CODE":"null"}}
{"ts":1751921634218,"action":"FILE_CLOSED","file":"/mockito_manual_log.csv","tags":{"FILE_LINE_OF_CODE":"null"}}
{"ts":1751921634218,"action":"FILE_OPENED","file":"/mysql-connector-j_manual_log.csv","tags":{"FILE_LINE_OF_CODE":"null"}}
{"ts":1751921634383,"action":"FILE_CLOSED","file":"/mysql-connector-j_manual_log.csv","tags":{"FILE_LINE_OF_CODE":"null"}}
{"ts":1751921634385,"action":"FILE_OPENED","file":"/pgjdbc_manual_log.csv","tags":{"FILE_LINE_OF_CODE":"null"}}
{"ts":1751921634919,"action":"FILE_CLOSED","file":"/pgjdbc_manual_log.csv","tags":{"FILE_LINE_OF_CODE":"null"}}
{"ts":1751921634919,"action":"FILE_OPENED","file":"/pom.xml","tags":{"FILE_LINE_OF_CODE":"69"}}
{"ts":1751921635094,"action":"FILE_CLOSED","file":"/pom.xml","tags":{"FILE_LINE_OF_CODE":"69"}}
{"ts":1751921635097,"action":"FILE_OPENED","file":"/slf4j_manual_log.csv","tags":{"FILE_LINE_OF_CODE":"null"}}
{"ts":1751921635640,"action":"FILE_CLOSED","file":"/slf4j_manual_log.csv","tags":{"FILE_LINE_OF_CODE":"null"}}
{"ts":1751921635642,"action":"FILE_OPENED","file":"/snakeyaml_manual_log.csv","tags":{"FILE_LINE_OF_CODE":"null"}}
{"ts":1751921635875,"action":"FILE_CLOSED","file":"/snakeyaml_manual_log.csv","tags":{"FILE_LINE_OF_CODE":"null"}}
{"ts":1751921635877,"action":"FILE_OPENED","file":"/spring-framework_manual_log.csv","tags":{"FILE_LINE_OF_CODE":"null"}}
{"ts":1751921636045,"action":"FILE_CLOSED","file":"/spring-framework_manual_log.csv","tags":{"FILE_LINE_OF_CODE":"null"}}
{"ts":1751921636048,"action":"FILE_OPENED","file":"/target_manual_log.csv","tags":{"FILE_LINE_OF_CODE":"null"}}
{"ts":1751921636233,"action":"FILE_CLOSED","file":"/target_manual_log.csv","tags":{"FILE_LINE_OF_CODE":"null"}}
{"ts":1751921636236,"action":"FILE_OPENED","file":"/testng_manual_log.csv","tags":{"FILE_LINE_OF_CODE":"null"}}
{"ts":1751921662151,"action":"FILE_CLOSED","file":"/testng_manual_log.csv","tags":{"FILE_LINE_OF_CODE":"null"}}
{"ts":1751921662160,"action":"FILE_OPENED","file":"/analysis_results.csv","tags":{"FILE_LINE_OF_CODE":"null"}}
{"ts":1751921680880,"action":"IDE_DEACTIVATED"}
{"ts":1751921683944,"action":"IDE_ACTIVATED"}
{"ts":1751921688543,"action":"IDE_DEACTIVATED"}
{"ts":1751921700141,"action":"IDE_ACTIVATED"}
{"ts":1751921741740,"action":"FILE_CLOSED","file":"/analysis_results.csv","tags":{"FILE_LINE_OF_CODE":"null"}}
{"ts":1751921741740,"action":"FILE_OPENED","file":"/src/main/java/com/yourcompany/game/App.java","tags":{"FILE_LINE_OF_CODE":"164"}}
{"ts":1751921770113,"action":"IDE_DEACTIVATED"}
{"ts":1751921792756,"action":"IDE_ACTIVATED"}
{"ts":1751921793174,"action":"IDE_DEACTIVATED"}
{"ts":1751921803677,"action":"IDE_ACTIVATED"}
{"ts":1751921874809,"action":"IDE_DEACTIVATED"}
{"ts":1751921887445,"action":"IDE_ACTIVATED"}
{"ts":1751921890451,"action":"IDE_DEACTIVATED"}
{"ts":1751921892178,"action":"IDE_ACTIVATED"}
{"ts":1751921892808,"action":"IDE_DEACTIVATED"}
{"ts":1751921894736,"action":"IDE_ACTIVATED"}
{"ts":1751921895205,"action":"IDE_DEACTIVATED"}
{"ts":1751921899472,"action":"IDE_ACTIVATED"}
{"ts":1751921900014,"action":"IDE_DEACTIVATED"}
{"ts":1751921941307,"action":"IDE_ACTIVATED"}
{"ts":1751921943379,"action":"FILE_CLOSED","file":"/src/main/java/com/yourcompany/game/App.java","tags":{"FILE_LINE_OF_CODE":"164"}}
{"ts":1751921943379,"action":"FILE_OPENED","file":"/src/main/java/com/yourcompany/game/FeatureMetrics.java","tags":{"FILE_LINE_OF_CODE":"18"}}
{"ts":1751921945598,"action":"FILE_CLOSED","file":"/src/main/java/com/yourcompany/game/FeatureMetrics.java","tags":{"FILE_LINE_OF_CODE":"18"}}
{"ts":1751921945598,"action":"FILE_OPENED","file":"/pom.xml","tags":{"FILE_LINE_OF_CODE":"69"}}
{"ts":1751921947360,"action":"FILE_CLOSED","file":"/pom.xml","tags":{"FILE_LINE_OF_CODE":"69"}}
{"ts":1751921947360,"action":"FILE_OPENED","file":"/src/main/java/com/yourcompany/game/HistoricalAnalyzer.java","tags":{"FILE_LINE_OF_CODE":"180"}}
{"ts":1751921948548,"action":"FILE_CLOSED","file":"/src/main/java/com/yourcompany/game/HistoricalAnalyzer.java","tags":{"FILE_LINE_OF_CODE":"180"}}
{"ts":1751921948548,"action":"FILE_OPENED","file":"/src/main/java/com/yourcompany/game/SealedClassAnalyzer.java","tags":{"FILE_LINE_OF_CODE":"76"}}
{"ts":1751921949440,"action":"FILE_CLOSED","file":"/src/main/java/com/yourcompany/game/SealedClassAnalyzer.java","tags":{"FILE_LINE_OF_CODE":"76"}}
{"ts":1751921949440,"action":"FILE_OPENED","file":"/src/main/java/com/yourcompany/game/FeatureMetrics.java","tags":{"FILE_LINE_OF_CODE":"18"}}
{"ts":1751921949761,"action":"FILE_CLOSED","file":"/src/main/java/com/yourcompany/game/FeatureMetrics.java","tags":{"FILE_LINE_OF_CODE":"18"}}
{"ts":1751921949761,"action":"FILE_OPENED","file":"/src/main/java/com/yourcompany/game/App.java","tags":{"FILE_LINE_OF_CODE":"164"}}
{"ts":1751921950557,"action":"FILE_CLOSED","file":"/src/main/java/com/yourcompany/game/App.java","tags":{"FILE_LINE_OF_CODE":"164"}}
{"ts":1751921950557,"action":"FILE_OPENED","file":"/src/main/java/com/yourcompany/game/FeatureMetrics.java","tags":{"FILE_LINE_OF_CODE":"18"}}
{"ts":1751921951420,"action":"FILE_CLOSED","file":"/src/main/java/com/yourcompany/game/FeatureMetrics.java","tags":{"FILE_LINE_OF_CODE":"18"}}
{"ts":1751921951420,"action":"FILE_OPENED","file":"/src/main/java/com/yourcompany/game/App.java","tags":{"FILE_LINE_OF_CODE":"164"}}
{"ts":1751921953671,"action":"FILE_CLOSED","file":"/src/main/java/com/yourcompany/game/App.java","tags":{"FILE_LINE_OF_CODE":"164"}}
{"ts":1751921953671,"action":"FILE_OPENED","file":"/analysis_results.csv","tags":{"FILE_LINE_OF_CODE":"null"}}
{"ts":1751921956265,"action":"FILE_CLOSED","file":"/analysis_results.csv","tags":{"FILE_LINE_OF_CODE":"null"}}
{"ts":1751921956265,"action":"FILE_OPENED","file":"/mysql-connector-j_manual_log.csv","tags":{"FILE_LINE_OF_CODE":"null"}}
{"ts":1751921957181,"action":"FILE_CLOSED","file":"/mysql-connector-j_manual_log.csv","tags":{"FILE_LINE_OF_CODE":"null"}}
{"ts":1751921957181,"action":"FILE_OPENED","file":"/src/main/java/com/yourcompany/game/App.java","tags":{"FILE_LINE_OF_CODE":"164"}}
{"ts":1751921968925,"action":"IDE_DEACTIVATED"}
{"ts":1751921982186,"action":"IDE_ACTIVATED"}
{"ts":1751922004702,"action":"IDE_DEACTIVATED"}
{"ts":1751922022292,"action":"IDE_ACTIVATED"}
{"ts":1751922044319,"action":"FILE_CLOSED","file":"/src/main/java/com/yourcompany/game/App.java","tags":{"FILE_LINE_OF_CODE":"164"}}
{"ts":1751922044338,"action":"FILE_OPENED","file":"/src/main/java/com/yourcompany/game/HistoricalAnalyzer.java","tags":{"FILE_LINE_OF_CODE":"180"}}
{"ts":1751922046872,"action":"FILE_CLOSED","file":"/src/main/java/com/yourcompany/game/HistoricalAnalyzer.java","tags":{"FILE_LINE_OF_CODE":"180"}}
{"ts":1751922046887,"action":"FILE_OPENED","file":"/src/main/java/com/yourcompany/game/FeatureMetrics.java","tags":{"FILE_LINE_OF_CODE":"18"}}
{"ts":1751922049978,"action":"FILE_CLOSED","file":"/src/main/java/com/yourcompany/game/FeatureMetrics.java","tags":{"FILE_LINE_OF_CODE":"18"}}
{"ts":1751922049978,"action":"FILE_OPENED","file":"/src/main/java/com/yourcompany/game/RepositoryMetrics.java","tags":{"FILE_LINE_OF_CODE":"20"}}
{"ts":1751922053757,"action":"FILE_CLOSED","file":"/src/main/java/com/yourcompany/game/RepositoryMetrics.java","tags":{"FILE_LINE_OF_CODE":"20"}}
{"ts":1751922053757,"action":"FILE_OPENED","file":"/src/main/java/com/yourcompany/game/RepositoryAnalyzer.java","tags":{"FILE_LINE_OF_CODE":"141"}}
{"ts":1751922065904,"action":"IDE_DEACTIVATED"}
{"ts":1751922071873,"action":"IDE_ACTIVATED"}
{"ts":1751922089886,"action":"FILE_CLOSED","file":"/src/main/java/com/yourcompany/game/RepositoryAnalyzer.java","tags":{"FILE_LINE_OF_CODE":"141"}}
{"ts":1751922089886,"action":"FILE_OPENED","file":"/src/main/java/com/yourcompany/game/App.java","tags":{"FILE_LINE_OF_CODE":"164"}}
{"ts":1751922109700,"action":"FILE_CLOSED","file":"/src/main/java/com/yourcompany/game/App.java","tags":{"FILE_LINE_OF_CODE":"164"}}
{"ts":1751922109700,"action":"FILE_OPENED","file":"/src/main/java/com/yourcompany/game/RepositoryAnalyzer.java","tags":{"FILE_LINE_OF_CODE":"141"}}
{"ts":1751922123088,"action":"FILE_CLOSED","file":"/src/main/java/com/yourcompany/game/RepositoryAnalyzer.java","tags":{"FILE_LINE_OF_CODE":"140"}}
{"ts":1751922123088,"action":"FILE_OPENED","file":"/src/main/java/com/yourcompany/game/FeatureMetrics.java","tags":{"FILE_LINE_OF_CODE":"18"}}
{"ts":1751922124258,"action":"FILE_CLOSED","file":"/src/main/java/com/yourcompany/game/FeatureMetrics.java","tags":{"FILE_LINE_OF_CODE":"18"}}
{"ts":1751922124258,"action":"FILE_OPENED","file":"/src/main/java/com/yourcompany/game/HistoricalAnalyzer.java","tags":{"FILE_LINE_OF_CODE":"180"}}
{"ts":1751922137573,"action":"FILE_CLOSED","file":"/src/main/java/com/yourcompany/game/HistoricalAnalyzer.java","tags":{"FILE_LINE_OF_CODE":"180"}}
{"ts":1751922137573,"action":"FILE_OPENED","file":"/src/main/java/com/yourcompany/game/RepositoryMetrics.java","tags":{"FILE_LINE_OF_CODE":"20"}}
{"ts":1751922147079,"action":"FILE_CLOSED","file":"/src/main/java/com/yourcompany/game/RepositoryMetrics.java","tags":{"FILE_LINE_OF_CODE":"20"}}
{"ts":1751922147079,"action":"FILE_OPENED","file":"/src/main/java/com/yourcompany/game/RepositoryAnalyzer.java","tags":{"FILE_LINE_OF_CODE":"140"}}
{"ts":1751922361199,"action":"IDE_DEACTIVATED"}
{"ts":1751922370310,"action":"IDE_ACTIVATED"}
{"ts":1751922401913,"action":"FILE_CLOSED","file":"/src/main/java/com/yourcompany/game/RepositoryAnalyzer.java","tags":{"FILE_LINE_OF_CODE":"134"}}
{"ts":1751922401916,"action":"FILE_OPENED","file":"/slf4j_manual_log.csv","tags":{"FILE_LINE_OF_CODE":"null"}}
{"ts":1751922403565,"action":"FILE_CLOSED","file":"/slf4j_manual_log.csv","tags":{"FILE_LINE_OF_CODE":"null"}}
{"ts":1751922403565,"action":"FILE_OPENED","file":"/src/main/java/com/yourcompany/game/RepositoryAnalyzer.java","tags":{"FILE_LINE_OF_CODE":"134"}}
{"ts":1751922465761,"action":"FILE_CLOSED","file":"/src/main/java/com/yourcompany/game/RepositoryAnalyzer.java","tags":{"FILE_LINE_OF_CODE":"134"}}
{"ts":1751922465764,"action":"FILE_OPENED","file":"/logging-log4j2_manual_log.csv","tags":{"FILE_LINE_OF_CODE":"null"}}
{"ts":1751922549850,"action":"IDE_DEACTIVATED"}
{"ts":1751922559442,"action":"IDE_ACTIVATED"}
{"ts":1751922620531,"action":"FILE_CLOSED","file":"/logging-log4j2_manual_log.csv","tags":{"FILE_LINE_OF_CODE":"null"}}
{"ts":1751922620531,"action":"FILE_OPENED","file":"/src/main/java/com/yourcompany/game/App.java","tags":{"FILE_LINE_OF_CODE":"138"}}
{"ts":1751922760794,"action":"FILE_CLOSED","file":"/src/main/java/com/yourcompany/game/App.java","tags":{"FILE_LINE_OF_CODE":"138"}}
{"ts":1751922760794,"action":"FILE_OPENED","file":"/logging-log4j2_manual_log.csv","tags":{"FILE_LINE_OF_CODE":"null"}}
{"ts":1751922764148,"action":"FILE_CLOSED","file":"/logging-log4j2_manual_log.csv","tags":{"FILE_LINE_OF_CODE":"null"}}
{"ts":1751922764151,"action":"FILE_OPENED","file":"/logback_manual_log.csv","tags":{"FILE_LINE_OF_CODE":"null"}}
{"ts":1751922766860,"action":"FILE_CLOSED","file":"/logback_manual_log.csv","tags":{"FILE_LINE_OF_CODE":"null"}}
{"ts":1751922766875,"action":"FILE_OPENED","file":"/logging-log4j2_manual_log.csv","tags":{"FILE_LINE_OF_CODE":"null"}}
{"ts":1751922773796,"action":"IDE_DEACTIVATED"}
{"ts":1751922794336,"action":"IDE_ACTIVATED"}
{"ts":1751922796155,"action":"IDE_DEACTIVATED"}
{"ts":1751922802673,"action":"IDE_ACTIVATED"}
{"ts":1751922806244,"action":"IDE_DEACTIVATED"}
{"ts":1751922806589,"action":"IDE_ACTIVATED"}
{"ts":1751922891215,"action":"IDE_DEACTIVATED"}
{"ts":1751922895358,"action":"IDE_ACTIVATED"}
{"ts":1751922896707,"action":"IDE_DEACTIVATED"}
{"ts":1751922916996,"action":"IDE_ACTIVATED"}
{"ts":1751922917423,"action":"IDE_DEACTIVATED"}
{"ts":1751922917693,"action":"IDE_ACTIVATED"}
{"ts":1751922919145,"action":"IDE_DEACTIVATED"}
{"ts":1751922926254,"action":"IDE_ACTIVATED"}
{"ts":1751923051888,"action":"IDE_DEACTIVATED"}
{"ts":1751923877300,"action":"IDE_ACTIVATED"}
{"ts":1751923993491,"action":"IDE_DEACTIVATED"}
{"ts":1751924036386,"action":"IDE_ACTIVATED"}
{"ts":1751924040860,"action":"FILE_CLOSED","file":"/logging-log4j2_manual_log.csv","tags":{"FILE_LINE_OF_CODE":"null"}}
{"ts":1751924040860,"action":"FILE_OPENED","file":"/src/main/java/com/yourcompany/game/TextBlockAnalyzer.java","tags":{"FILE_LINE_OF_CODE":"68"}}
{"ts":1751924042818,"action":"IDE_DEACTIVATED"}
{"ts":1751924145989,"action":"IDE_ACTIVATED"}
{"ts":1751924209774,"action":"IDE_DEACTIVATED"}
{"ts":1751924443403,"action":"IDE_ACTIVATED"}
{"ts":1751924461349,"action":"IDE_DEACTIVATED"}
{"ts":1751924465781,"action":"IDE_ACTIVATED"}
{"ts":1751924580038,"action":"IDE_DEACTIVATED"}
{"ts":1751947495305,"action":"IDE_ACTIVATED"}
{"ts":1751947521525,"action":"IDE_DEACTIVATED"}
{"ts":1751947521614,"action":"IDE_ACTIVATED"}
{"ts":1751947527376,"action":"IDE_DEACTIVATED"}
{"ts":1751954021923,"action":"IDE_ACTIVATED"}
{"ts":1751954085679,"action":"FILE_CLOSED","file":"/src/main/java/com/yourcompany/game/TextBlockAnalyzer.java","tags":{"FILE_LINE_OF_CODE":"68"}}
{"ts":1751954085691,"action":"FILE_OPENED","file":"/analysis_results.csv","tags":{"FILE_LINE_OF_CODE":"null"}}
{"ts":1751954091622,"action":"FILE_CLOSED","file":"/analysis_results.csv","tags":{"FILE_LINE_OF_CODE":"null"}}
{"ts":1751954091622,"action":"FILE_OPENED","file":"/logging-log4j2_manual_log.csv","tags":{"FILE_LINE_OF_CODE":"null"}}
{"ts":1751955663448,"action":"IDE_DEACTIVATED"}
{"ts":1751963803853,"action":"IDE_ACTIVATED"}
{"ts":1751963852042,"action":"IDE_DEACTIVATED"}
{"ts":1751964173457,"action":"IDE_ACTIVATED"}
{"ts":1751964255011,"action":"IDE_DEACTIVATED"}
{"ts":1751964313410,"action":"IDE_ACTIVATED"}
{"ts":1751964314012,"action":"IDE_DEACTIVATED"}
{"ts":1751964318350,"action":"IDE_ACTIVATED"}
{"ts":1751964339760,"action":"IDE_DEACTIVATED"}
{"ts":1751964404942,"action":"IDE_ACTIVATED"}
{"ts":1751964408093,"action":"IDE_DEACTIVATED"}
{"ts":1751964409014,"action":"IDE_ACTIVATED"}
{"ts":1751964414398,"action":"IDE_DEACTIVATED"}
{"ts":1751964415549,"action":"IDE_ACTIVATED"}
{"ts":1751964673840,"action":"IDE_DEACTIVATED"}
{"ts":1751964881158,"action":"IDE_ACTIVATED"}
{"ts":1751964882054,"action":"IDE_DEACTIVATED"}
{"ts":1751964930268,"action":"IDE_ACTIVATED"}
{"ts":1751965198472,"action":"IDE_DEACTIVATED"}
{"ts":1751965199856,"action":"IDE_ACTIVATED"}
{"ts":1751965222866,"action":"IDE_DEACTIVATED"}
{"ts":1751965316943,"action":"IDE_ACTIVATED"}
{"ts":1751965402001,"action":"FILE_CLOSED","file":"/logging-log4j2_manual_log.csv","tags":{"FILE_LINE_OF_CODE":"null"}}
{"ts":1751965402001,"action":"FILE_OPENED","file":"/src/main/java/com/yourcompany/game/FeatureMetrics.java","tags":{"FILE_LINE_OF_CODE":"18"}}
{"ts":1751965402988,"action":"FILE_CLOSED","file":"/src/main/java/com/yourcompany/game/FeatureMetrics.java","tags":{"FILE_LINE_OF_CODE":"18"}}
{"ts":1751965403024,"action":"FILE_OPENED","file":"/src/main/java/com/yourcompany/game/CheckpointManager.java","tags":{"FILE_LINE_OF_CODE":"77"}}
{"ts":1751965526923,"action":"IDE_DEACTIVATED"}
{"ts":1751965528041,"action":"IDE_ACTIVATED"}
{"ts":1751965528972,"action":"IDE_DEACTIVATED"}
{"ts":1751965609900,"action":"IDE_ACTIVATED"}
{"ts":1751965623936,"action":"FILE_CLOSED","file":"/src/main/java/com/yourcompany/game/CheckpointManager.java","tags":{"FILE_LINE_OF_CODE":"51"}}
{"ts":1751965623936,"action":"FILE_OPENED","file":"/src/main/java/com/yourcompany/game/HistoricalAnalyzer.java","tags":{"FILE_LINE_OF_CODE":"45"}}
{"ts":1751965694350,"action":"FILE_CLOSED","file":"/src/main/java/com/yourcompany/game/HistoricalAnalyzer.java","tags":{"FILE_LINE_OF_CODE":"180"}}
{"ts":1751965694350,"action":"FILE_OPENED","file":"/src/main/java/com/yourcompany/game/App.java","tags":{"FILE_LINE_OF_CODE":"146"}}
{"ts":1751965701669,"action":"FILE_CLOSED","file":"/src/main/java/com/yourcompany/game/App.java","tags":{"FILE_LINE_OF_CODE":"146"}}
{"ts":1751965701669,"action":"FILE_OPENED","file":"/src/main/java/com/yourcompany/game/CheckpointManager.java","tags":{"FILE_LINE_OF_CODE":"51"}}
{"ts":1751965703295,"action":"FILE_CLOSED","file":"/src/main/java/com/yourcompany/game/CheckpointManager.java","tags":{"FILE_LINE_OF_CODE":"51"}}
{"ts":1751965703295,"action":"FILE_OPENED","file":"/src/main/java/com/yourcompany/game/App.java","tags":{"FILE_LINE_OF_CODE":"146"}}
{"ts":1751965705758,"action":"FILE_CLOSED","file":"/src/main/java/com/yourcompany/game/App.java","tags":{"FILE_LINE_OF_CODE":"146"}}
{"ts":1751965705758,"action":"FILE_OPENED","file":"/src/main/java/com/yourcompany/game/HistoricalAnalyzer.java","tags":{"FILE_LINE_OF_CODE":"180"}}
{"ts":1751965716783,"action":"FILE_CLOSED","file":"/src/main/java/com/yourcompany/game/HistoricalAnalyzer.java","tags":{"FILE_LINE_OF_CODE":"180"}}
{"ts":1751965716783,"action":"FILE_OPENED","file":"/src/main/java/com/yourcompany/game/App.java","tags":{"FILE_LINE_OF_CODE":"146"}}
{"ts":1751965727391,"action":"IDE_DEACTIVATED"}
{"ts":1751965760603,"action":"IDE_ACTIVATED"}
{"ts":1751965837996,"action":"IDE_DEACTIVATED"}
{"ts":1751965843490,"action":"IDE_ACTIVATED"}
{"ts":1751965851481,"action":"FILE_CLOSED","file":"/src/main/java/com/yourcompany/game/App.java","tags":{"FILE_LINE_OF_CODE":"147"}}
{"ts":1751965851481,"action":"FILE_OPENED","file":"/src/main/java/com/yourcompany/game/HistoricalAnalyzer.java","tags":{"FILE_LINE_OF_CODE":"192"}}
{"ts":1751965876865,"action":"FILE_CLOSED","file":"/src/main/java/com/yourcompany/game/HistoricalAnalyzer.java","tags":{"FILE_LINE_OF_CODE":"192"}}
{"ts":1751965876865,"action":"FILE_OPENED","file":"/src/main/java/com/yourcompany/game/App.java","tags":{"FILE_LINE_OF_CODE":"147"}}
{"ts":1751965926359,"action":"IDE_DEACTIVATED"}
{"ts":1751965926744,"action":"IDE_ACTIVATED"}
{"ts":1751965927013,"action":"IDE_DEACTIVATED"}
{"ts":1751965928347,"action":"IDE_ACTIVATED"}
{"ts":1751965929837,"action":"IDE_DEACTIVATED"}
{"ts":1751965930629,"action":"IDE_ACTIVATED"}
{"ts":1751965930748,"action":"IDE_DEACTIVATED"}
{"ts":1751965931829,"action":"IDE_ACTIVATED"}
{"ts":1751965962053,"action":"FILE_CLOSED","file":"/src/main/java/com/yourcompany/game/App.java","tags":{"FILE_LINE_OF_CODE":"147"}}
{"ts":1751965962061,"action":"FILE_OPENED","file":"/analysis_results.csv","tags":{"FILE_LINE_OF_CODE":"null"}}
{"ts":1751965976641,"action":"FILE_CLOSED","file":"/analysis_results.csv","tags":{"FILE_LINE_OF_CODE":"null"}}
{"ts":1751965976641,"action":"FILE_OPENED","file":"/src/main/java/com/yourcompany/game/HistoricalAnalyzer.java","tags":{"FILE_LINE_OF_CODE":"192"}}
{"ts":1751966045410,"action":"FILE_CLOSED","file":"/src/main/java/com/yourcompany/game/HistoricalAnalyzer.java","tags":{"FILE_LINE_OF_CODE":"192"}}
{"ts":1751966045420,"action":"FILE_OPENED","file":"/lombok_manual_log.csv","tags":{"FILE_LINE_OF_CODE":"null"}}
{"ts":1751966045929,"action":"FILE_CLOSED","file":"/lombok_manual_log.csv","tags":{"FILE_LINE_OF_CODE":"null"}}
{"ts":1751966045945,"action":"FILE_OPENED","file":"/logging-log4j2_checkpoint.properties","tags":{"FILE_LINE_OF_CODE":"5"}}
{"ts":1751966047170,"action":"FILE_CLOSED","file":"/logging-log4j2_checkpoint.properties","tags":{"FILE_LINE_OF_CODE":"5"}}
{"ts":1751966047170,"action":"FILE_OPENED","file":"/logging-log4j2_manual_log.csv","tags":{"FILE_LINE_OF_CODE":"null"}}
{"ts":1751966048206,"action":"FILE_CLOSED","file":"/logging-log4j2_manual_log.csv","tags":{"FILE_LINE_OF_CODE":"null"}}
{"ts":1751966048206,"action":"FILE_OPENED","file":"/logging-log4j2_checkpoint.properties","tags":{"FILE_LINE_OF_CODE":"5"}}
{"ts":1751966049717,"action":"FILE_CLOSED","file":"/logging-log4j2_checkpoint.properties","tags":{"FILE_LINE_OF_CODE":"5"}}
{"ts":1751966049717,"action":"FILE_OPENED","file":"/logging-log4j2_manual_log.csv","tags":{"FILE_LINE_OF_CODE":"null"}}
{"ts":1751966050393,"action":"FILE_CLOSED","file":"/logging-log4j2_manual_log.csv","tags":{"FILE_LINE_OF_CODE":"null"}}
{"ts":1751966050396,"action":"FILE_OPENED","file":"/lombok_manual_log.csv","tags":{"FILE_LINE_OF_CODE":"null"}}
{"ts":1751966050968,"action":"FILE_CLOSED","file":"/lombok_manual_log.csv","tags":{"FILE_LINE_OF_CODE":"null"}}
{"ts":1751966050968,"action":"FILE_OPENED","file":"/logging-log4j2_manual_log.csv","tags":{"FILE_LINE_OF_CODE":"null"}}
{"ts":1751966051669,"action":"FILE_CLOSED","file":"/logging-log4j2_manual_log.csv","tags":{"FILE_LINE_OF_CODE":"null"}}
{"ts":1751966051689,"action":"FILE_OPENED","file":"/logging-log4j2_checkpoint.properties","tags":{"FILE_LINE_OF_CODE":"5"}}
{"ts":1751966055959,"action":"FILE_CLOSED","file":"/logging-log4j2_checkpoint.properties","tags":{"FILE_LINE_OF_CODE":"5"}}
{"ts":1751966055959,"action":"FILE_OPENED","file":"/src/main/java/com/yourcompany/game/App.java","tags":{"FILE_LINE_OF_CODE":"147"}}
{"ts":1751966134803,"action":"FILE_CLOSED","file":"/src/main/java/com/yourcompany/game/App.java","tags":{"FILE_LINE_OF_CODE":"141"}}
{"ts":1751966134803,"action":"FILE_OPENED","file":"/logging-log4j2_manual_log.csv","tags":{"FILE_LINE_OF_CODE":"null"}}
{"ts":1751966140285,"action":"FILE_CLOSED","file":"/logging-log4j2_manual_log.csv","tags":{"FILE_LINE_OF_CODE":"null"}}
{"ts":1751966140287,"action":"FILE_OPENED","file":"/analysis_results.csv","tags":{"FILE_LINE_OF_CODE":"null"}}
{"ts":1751966168225,"action":"FILE_CLOSED","file":"/analysis_results.csv","tags":{"FILE_LINE_OF_CODE":"null"}}
{"ts":1751966168225,"action":"FILE_OPENED","file":"/src/main/java/com/yourcompany/game/App.java","tags":{"FILE_LINE_OF_CODE":"141"}}
{"ts":1751966177514,"action":"FILE_CLOSED","file":"/src/main/java/com/yourcompany/game/App.java","tags":{"FILE_LINE_OF_CODE":"141"}}
{"ts":1751966177514,"action":"FILE_OPENED","file":"/src/main/java/com/yourcompany/game/FeatureMetrics.java","tags":{"FILE_LINE_OF_CODE":"18"}}
{"ts":1751966178520,"action":"FILE_CLOSED","file":"/src/main/java/com/yourcompany/game/FeatureMetrics.java","tags":{"FILE_LINE_OF_CODE":"18"}}
{"ts":1751966178540,"action":"FILE_OPENED","file":"/src/main/java/com/yourcompany/game/SealedClassAnalyzer.java","tags":{"FILE_LINE_OF_CODE":"76"}}
{"ts":1751966195624,"action":"FILE_CLOSED","file":"/src/main/java/com/yourcompany/game/SealedClassAnalyzer.java","tags":{"FILE_LINE_OF_CODE":"76"}}
{"ts":1751966195624,"action":"FILE_OPENED","file":"/src/main/java/com/yourcompany/game/App.java","tags":{"FILE_LINE_OF_CODE":"141"}}
{"ts":1751966448602,"action":"FILE_CLOSED","file":"/src/main/java/com/yourcompany/game/App.java","tags":{"FILE_LINE_OF_CODE":"162"}}
{"ts":1751966448621,"action":"FILE_OPENED","file":"/pgjdbc_manual_log.csv","tags":{"FILE_LINE_OF_CODE":"null"}}
{"ts":1751966474433,"action":"FILE_CLOSED","file":"/pgjdbc_manual_log.csv","tags":{"FILE_LINE_OF_CODE":"null"}}
{"ts":1751966474445,"action":"FILE_OPENED","file":"/jackson-annotations_checkpoint.properties","tags":{"FILE_LINE_OF_CODE":"5"}}
{"ts":1751966476161,"action":"FILE_CLOSED","file":"/jackson-annotations_checkpoint.properties","tags":{"FILE_LINE_OF_CODE":"5"}}
{"ts":1751966476164,"action":"FILE_OPENED","file":"/commons-lang_manual_log.csv","tags":{"FILE_LINE_OF_CODE":"null"}}
{"ts":1751966478726,"action":"FILE_CLOSED","file":"/commons-lang_manual_log.csv","tags":{"FILE_LINE_OF_CODE":"null"}}
{"ts":1751966478728,"action":"FILE_OPENED","file":"/commons-cli_manual_log.csv","tags":{"FILE_LINE_OF_CODE":"null"}}
{"ts":1751966489273,"action":"FILE_CLOSED","file":"/commons-cli_manual_log.csv","tags":{"FILE_LINE_OF_CODE":"null"}}
{"ts":1751966489273,"action":"FILE_OPENED","file":"/src/main/java/com/yourcompany/game/HistoricalAnalyzer.java","tags":{"FILE_LINE_OF_CODE":"192"}}
{"ts":1751966580777,"action":"FILE_CLOSED","file":"/src/main/java/com/yourcompany/game/HistoricalAnalyzer.java","tags":{"FILE_LINE_OF_CODE":"192"}}
{"ts":1751966580777,"action":"FILE_OPENED","file":"/src/main/java/com/yourcompany/game/CheckpointManager.java","tags":{"FILE_LINE_OF_CODE":"51"}}
{"ts":1751966589486,"action":"FILE_CLOSED","file":"/src/main/java/com/yourcompany/game/CheckpointManager.java","tags":{"FILE_LINE_OF_CODE":"51"}}
{"ts":1751966589486,"action":"FILE_OPENED","file":"/src/main/java/com/yourcompany/game/App.java","tags":{"FILE_LINE_OF_CODE":"162"}}
{"ts":1751966617990,"action":"FILE_CLOSED","file":"/src/main/java/com/yourcompany/game/App.java","tags":{"FILE_LINE_OF_CODE":"162"}}
{"ts":1751966618002,"action":"FILE_OPENED","file":"/JSON-java_checkpoint.properties","tags":{"FILE_LINE_OF_CODE":"5"}}
{"ts":1751966750440,"action":"FILE_CLOSED","file":"/JSON-java_checkpoint.properties","tags":{"FILE_LINE_OF_CODE":"5"}}
{"ts":1751966750440,"action":"FILE_OPENED","file":"/src/main/java/com/yourcompany/game/App.java","tags":{"FILE_LINE_OF_CODE":"162"}}
{"ts":1751966752647,"action":"FILE_CLOSED","file":"/src/main/java/com/yourcompany/game/App.java","tags":{"FILE_LINE_OF_CODE":"162"}}
{"ts":1751966752647,"action":"FILE_OPENED","file":"/src/main/java/com/yourcompany/game/HistoricalAnalyzer.java","tags":{"FILE_LINE_OF_CODE":"197"}}
{"ts":1751967198676,"action":"FILE_CLOSED","file":"/src/main/java/com/yourcompany/game/HistoricalAnalyzer.java","tags":{"FILE_LINE_OF_CODE":"195"}}
{"ts":1751967198699,"action":"FILE_OPENED","file":"/commons-cli_checkpoint.properties","tags":{"FILE_LINE_OF_CODE":"5"}}
{"ts":1751967200263,"action":"FILE_CLOSED","file":"/commons-cli_checkpoint.properties","tags":{"FILE_LINE_OF_CODE":"5"}}
{"ts":1751967200275,"action":"FILE_OPENED","file":"/commons-logging_checkpoint.properties","tags":{"FILE_LINE_OF_CODE":"5"}}
{"ts":1751967202492,"action":"FILE_CLOSED","file":"/commons-logging_checkpoint.properties","tags":{"FILE_LINE_OF_CODE":"5"}}
{"ts":1751967202509,"action":"FILE_OPENED","file":"/jackson-annotations_checkpoint.properties","tags":{"FILE_LINE_OF_CODE":"5"}}
{"ts":1751967203816,"action":"FILE_CLOSED","file":"/jackson-annotations_checkpoint.properties","tags":{"FILE_LINE_OF_CODE":"5"}}
{"ts":1751967203828,"action":"FILE_OPENED","file":"/java-annotations_checkpoint.properties","tags":{"FILE_LINE_OF_CODE":"5"}}
{"ts":1751967205363,"action":"FILE_CLOSED","file":"/java-annotations_checkpoint.properties","tags":{"FILE_LINE_OF_CODE":"5"}}
{"ts":1751967205363,"action":"FILE_OPENED","file":"/JSON-java_checkpoint.properties","tags":{"FILE_LINE_OF_CODE":"5"}}
{"ts":1751967206615,"action":"FILE_CLOSED","file":"/JSON-java_checkpoint.properties","tags":{"FILE_LINE_OF_CODE":"5"}}
{"ts":1751967206634,"action":"FILE_OPENED","file":"/logging-log4j2_checkpoint.properties","tags":{"FILE_LINE_OF_CODE":"5"}}
{"ts":1751967482740,"action":"FILE_CLOSED","file":"/logging-log4j2_checkpoint.properties","tags":{"FILE_LINE_OF_CODE":"5"}}
{"ts":1751967482740,"action":"FILE_OPENED","file":"/commons-cli_checkpoint.properties","tags":{"FILE_LINE_OF_CODE":"5"}}
{"ts":1751967630660,"action":"IDE_DEACTIVATED"}
{"ts":1751968967858,"action":"IDE_ACTIVATED"}
{"ts":1751968976190,"action":"FILE_CLOSED","file":"/commons-cli_checkpoint.properties","tags":{"FILE_LINE_OF_CODE":"5"}}
{"ts":1751968976190,"action":"FILE_OPENED","file":"/src/main/java/com/yourcompany/game/HistoricalAnalyzer.java","tags":{"FILE_LINE_OF_CODE":"203"}}
{"ts":1751969424099,"action":"FILE_CLOSED","file":"/src/main/java/com/yourcompany/game/HistoricalAnalyzer.java","tags":{"FILE_LINE_OF_CODE":"206"}}
{"ts":1751969424099,"action":"FILE_OPENED","file":"/src/main/java/com/yourcompany/game/App.java","tags":{"FILE_LINE_OF_CODE":"162"}}
{"ts":1751969450557,"action":"FILE_CLOSED","file":"/src/main/java/com/yourcompany/game/App.java","tags":{"FILE_LINE_OF_CODE":"162"}}
{"ts":1751969450561,"action":"FILE_OPENED","file":"/h2database_manual_log.csv","tags":{"FILE_LINE_OF_CODE":"null"}}
{"ts":1751969451444,"action":"FILE_CLOSED","file":"/h2database_manual_log.csv","tags":{"FILE_LINE_OF_CODE":"null"}}
{"ts":1751969451444,"action":"FILE_OPENED","file":"/jackson-annotations_checkpoint.properties","tags":{"FILE_LINE_OF_CODE":"5"}}
{"ts":1751969460735,"action":"FILE_CLOSED","file":"/jackson-annotations_checkpoint.properties","tags":{"FILE_LINE_OF_CODE":"5"}}
{"ts":1751969460735,"action":"FILE_OPENED","file":"/src/main/java/com/yourcompany/game/App.java","tags":{"FILE_LINE_OF_CODE":"162"}}
{"ts":1751969749321,"action":"IDE_DEACTIVATED"}
{"ts":1751969758806,"action":"IDE_ACTIVATED"}
{"ts":1751970008897,"action":"IDE_DEACTIVATED"}
{"ts":1751970009230,"action":"IDE_ACTIVATED"}
{"ts":1751970009555,"action":"IDE_DEACTIVATED"}
{"ts":1751970171842,"action":"IDE_ACTIVATED"}
{"ts":1751970319043,"action":"FILE_CLOSED","file":"/src/main/java/com/yourcompany/game/App.java","tags":{"FILE_LINE_OF_CODE":"162"}}
{"ts":1751970319043,"action":"FILE_OPENED","file":"/analysis_results.csv","tags":{"FILE_LINE_OF_CODE":"null"}}
{"ts":1751970340558,"action":"FILE_CLOSED","file":"/analysis_results.csv","tags":{"FILE_LINE_OF_CODE":"null"}}
{"ts":1751970340558,"action":"FILE_OPENED","file":"/src/main/java/com/yourcompany/game/App.java","tags":{"FILE_LINE_OF_CODE":"162"}}
{"ts":1751970354856,"action":"FILE_CLOSED","file":"/src/main/java/com/yourcompany/game/App.java","tags":{"FILE_LINE_OF_CODE":"162"}}
{"ts":1751970354889,"action":"FILE_OPENED","file":"/gson_checkpoint.properties","tags":{"FILE_LINE_OF_CODE":"5"}}
{"ts":1751970355956,"action":"FILE_CLOSED","file":"/gson_checkpoint.properties","tags":{"FILE_LINE_OF_CODE":"5"}}
{"ts":1751970355959,"action":"FILE_OPENED","file":"/gson_manual_log.csv","tags":{"FILE_LINE_OF_CODE":"null"}}
{"ts":1751970404688,"action":"FILE_CLOSED","file":"/gson_manual_log.csv","tags":{"FILE_LINE_OF_CODE":"null"}}
{"ts":1751970404688,"action":"FILE_OPENED","file":"/src/main/java/com/yourcompany/game/App.java","tags":{"FILE_LINE_OF_CODE":"162"}}
{"ts":1751970642999,"action":"FILE_CLOSED","file":"/src/main/java/com/yourcompany/game/App.java","tags":{"FILE_LINE_OF_CODE":"162"}}
{"ts":1751970642999,"action":"FILE_OPENED","file":"/src/main/java/com/yourcompany/game/HistoricalAnalyzer.java","tags":{"FILE_LINE_OF_CODE":"206"}}
{"ts":1751971004714,"action":"FILE_CLOSED","file":"/src/main/java/com/yourcompany/game/HistoricalAnalyzer.java","tags":{"FILE_LINE_OF_CODE":"206"}}
{"ts":1751971004715,"action":"FILE_OPENED","file":"/src/main/java/com/yourcompany/game/App.java","tags":{"FILE_LINE_OF_CODE":"162"}}
{"ts":1751971187438,"action":"IDE_DEACTIVATED"}
{"ts":1751971413187,"action":"IDE_ACTIVATED"}
{"ts":1751972809713,"action":"IDE_DEACTIVATED"}
{"ts":1751972879746,"action":"IDE_ACTIVATED"}
{"ts":1751972882092,"action":"IDE_DEACTIVATED"}
{"ts":1751973732063,"action":"IDE_ACTIVATED"}
{"ts":1751973732621,"action":"IDE_DEACTIVATED"}
{"ts":1751973789327,"action":"IDE_ACTIVATED"}
{"ts":1751973790402,"action":"IDE_DEACTIVATED"}
{"ts":1751975997355,"action":"IDE_ACTIVATED"}
{"ts":1751976023069,"action":"IDE_DEACTIVATED"}
{"ts":1751976623035,"action":"IDE_ACTIVATED"}
{"ts":1751976629598,"action":"IDE_DEACTIVATED"}
{"ts":1751976630837,"action":"IDE_ACTIVATED"}
{"ts":1751976644325,"action":"IDE_DEACTIVATED"}
{"ts":1751978573847,"action":"IDE_ACTIVATED"}
{"ts":1751978591687,"action":"IDE_DEACTIVATED"}
{"ts":1751978592449,"action":"IDE_ACTIVATED"}
{"ts":1751978592666,"action":"IDE_DEACTIVATED"}
{"ts":1751981954633,"action":"IDE_ACTIVATED"}
{"ts":1751981954679,"action":"IDE_DEACTIVATED"}
{"ts":1751981954756,"action":"IDE_ACTIVATED"}
{"ts":1751981990802,"action":"IDE_DEACTIVATED"}
{"ts":1751981993541,"action":"IDE_ACTIVATED"}
{"ts":1751981994529,"action":"IDE_DEACTIVATED"}
{"ts":1751982073430,"action":"IDE_ACTIVATED"}
{"ts":1751982075153,"action":"IDE_DEACTIVATED"}
{"ts":1751982085736,"action":"IDE_ACTIVATED"}
{"ts":1751982086128,"action":"IDE_DEACTIVATED"}
{"ts":1751982337624,"action":"IDE_ACTIVATED"}
{"ts":1751982337692,"action":"IDE_DEACTIVATED"}
{"ts":1751982337762,"action":"IDE_ACTIVATED"}
{"ts":1751982349019,"action":"IDE_DEACTIVATED"}
{"ts":1751984003657,"action":"IDE_ACTIVATED"}
{"ts":1751984904173,"action":"IDE_DEACTIVATED"}
{"ts":1751985320946,"action":"IDE_ACTIVATED"}
{"ts":1751985324702,"action":"IDE_DEACTIVATED"}
{"ts":1751985646424,"action":"IDE_ACTIVATED"}
{"ts":1751985647068,"action":"IDE_DEACTIVATED"}
{"ts":1751985780661,"action":"IDE_ACTIVATED"}
{"ts":1751985780961,"action":"IDE_DEACTIVATED"}
{"ts":1751985781506,"action":"IDE_ACTIVATED"}
{"ts":1751985783819,"action":"IDE_DEACTIVATED"}
{"ts":1751989930910,"action":"IDE_ACTIVATED"}
{"ts":1751989935453,"action":"IDE_DEACTIVATED"}
{"ts":1751989937720,"action":"IDE_ACTIVATED"}
{"ts":1751989938357,"action":"IDE_DEACTIVATED"}
{"ts":1751993030530,"action":"IDE_ACTIVATED"}
{"ts":1751993040045,"action":"IDE_DEACTIVATED"}
{"ts":1751993073534,"action":"IDE_ACTIVATED"}
{"ts":1751993074016,"action":"IDE_DEACTIVATED"}
{"ts":1751993081933,"action":"IDE_ACTIVATED"}
{"ts":1751993082338,"action":"IDE_DEACTIVATED"}
{"ts":1751993083923,"action":"IDE_ACTIVATED"}
{"ts":1751993088482,"action":"IDE_DEACTIVATED"}
{"ts":1751993090522,"action":"IDE_ACTIVATED"}
{"ts":1751993096086,"action":"IDE_DEACTIVATED"}
{"ts":1751993105273,"action":"IDE_ACTIVATED"}
{"ts":1751993105813,"action":"IDE_DEACTIVATED"}
{"ts":1751993120000,"action":"IDE_ACTIVATED"}
{"ts":1751993120489,"action":"IDE_DEACTIVATED"}
{"ts":1751993131053,"action":"IDE_ACTIVATED"}
{"ts":1751993131452,"action":"IDE_DEACTIVATED"}
{"ts":1751993987181,"action":"IDE_ACTIVATED"}
{"ts":1751993990439,"action":"IDE_DEACTIVATED"}
{"ts":1751994633629,"action":"IDE_ACTIVATED"}
{"ts":1751994634409,"action":"IDE_DEACTIVATED"}
{"ts":1751994646645,"action":"IDE_ACTIVATED"}
{"ts":1751994653770,"action":"IDE_DEACTIVATED"}
{"ts":1751994826132,"action":"IDE_ACTIVATED"}
{"ts":1751994834276,"action":"IDE_DEACTIVATED"}
{"ts":1751994997252,"action":"IDE_ACTIVATED"}
{"ts":1751995001832,"action":"IDE_DEACTIVATED"}
{"ts":1751995015702,"action":"IDE_ACTIVATED"}
{"ts":1751995016332,"action":"IDE_DEACTIVATED"}
{"ts":1751995457496,"action":"IDE_ACTIVATED"}
{"ts":1751995468847,"action":"IDE_DEACTIVATED"}
{"ts":1751995474087,"action":"IDE_ACTIVATED"}
{"ts":1751995474872,"action":"IDE_DEACTIVATED"}
{"ts":1751995476738,"action":"IDE_ACTIVATED"}
{"ts":1751995476979,"action":"IDE_DEACTIVATED"}
{"ts":1751995477412,"action":"IDE_ACTIVATED"}
{"ts":1751995479722,"action":"IDE_DEACTIVATED"}
{"ts":1751995480241,"action":"IDE_ACTIVATED"}
{"ts":1751995481945,"action":"IDE_DEACTIVATED"}
{"ts":1751995788231,"action":"IDE_ACTIVATED"}
{"ts":1751995789175,"action":"IDE_DEACTIVATED"}
{"ts":1751996175276,"action":"IDE_ACTIVATED"}
{"ts":1751996186226,"action":"IDE_DEACTIVATED"}
{"ts":1751996243100,"action":"IDE_ACTIVATED"}
{"ts":1751996243308,"action":"IDE_DEACTIVATED"}
{"ts":1751996246425,"action":"IDE_ACTIVATED"}
{"ts":1751996247642,"action":"IDE_DEACTIVATED"}
{"ts":1751996251644,"action":"IDE_ACTIVATED"}
{"ts":1751996252181,"action":"IDE_DEACTIVATED"}
{"ts":1751996434992,"action":"IDE_ACTIVATED"}
{"ts":1751996435351,"action":"IDE_DEACTIVATED"}
{"ts":1751996716596,"action":"IDE_ACTIVATED"}
{"ts":1751996716980,"action":"IDE_DEACTIVATED"}
{"ts":1751996874804,"action":"IDE_ACTIVATED"}
{"ts":1751996875046,"action":"IDE_DEACTIVATED"}
{"ts":1751996909226,"action":"IDE_ACTIVATED"}
{"ts":1751996910481,"action":"IDE_DEACTIVATED"}
{"ts":1751996964783,"action":"IDE_ACTIVATED"}
{"ts":1751996965192,"action":"IDE_DEACTIVATED"}
{"ts":1751997491733,"action":"IDE_ACTIVATED"}
{"ts":1751997491934,"action":"IDE_DEACTIVATED"}
{"ts":1751997492276,"action":"IDE_ACTIVATED"}
{"ts":1751997495524,"action":"IDE_DEACTIVATED"}
{"ts":1752002130333,"action":"IDE_ACTIVATED"}
{"ts":1752002139178,"action":"IDE_DEACTIVATED"}
{"ts":1752002285285,"action":"IDE_ACTIVATED"}
{"ts":1752002287785,"action":"IDE_DEACTIVATED"}
{"ts":1752002438298,"action":"IDE_ACTIVATED"}
{"ts":1752002440461,"action":"IDE_DEACTIVATED"}
{"ts":1752008700300,"action":"IDE_ACTIVATED"}
{"ts":1752008706868,"action":"IDE_DEACTIVATED"}
{"ts":1752008837689,"action":"IDE_ACTIVATED"}
{"ts":1752008843121,"action":"IDE_DEACTIVATED"}
{"ts":1752010407085,"action":"IDE_ACTIVATED"}
{"ts":1752010410419,"action":"IDE_DEACTIVATED"}
{"ts":1752010749724,"action":"IDE_ACTIVATED"}
{"ts":1752010752643,"action":"IDE_DEACTIVATED"}
{"ts":1752010753317,"action":"IDE_ACTIVATED"}
{"ts":1752010753934,"action":"IDE_DEACTIVATED"}
{"ts":1752010759779,"action":"IDE_ACTIVATED"}
{"ts":1752010760665,"action":"IDE_DEACTIVATED"}
{"ts":1752037352580,"action":"IDE_ACTIVATED"}
{"ts":1752037357851,"action":"IDE_DEACTIVATED"}
{"ts":1752038759709,"action":"IDE_ACTIVATED"}
{"ts":1752038767439,"action":"IDE_DEACTIVATED"}
{"ts":1752071037510,"action":"IDE_ACTIVATED"}
{"ts":1752071038151,"action":"IDE_DEACTIVATED"}
{"ts":1752072063023,"action":"IDE_ACTIVATED"}
{"ts":1752072078533,"action":"IDE_DEACTIVATED"}
{"ts":1752072481594,"action":"IDE_ACTIVATED"}
{"ts":1752072483249,"action":"IDE_DEACTIVATED"}
{"ts":1752072491698,"action":"IDE_ACTIVATED"}
{"ts":1752072493695,"action":"FILE_CLOSED","file":"/src/main/java/com/yourcompany/game/App.java","tags":{"FILE_LINE_OF_CODE":"162"}}
{"ts":1752072493717,"action":"FILE_OPENED","file":"/spring-framework_checkpoint.properties","tags":{"FILE_LINE_OF_CODE":"5"}}
{"ts":1752072507225,"action":"IDE_DEACTIVATED"}
{"ts":1752074006978,"action":"IDE_ACTIVATED"}
{"ts":1752074011718,"action":"IDE_DEACTIVATED"}
{"ts":1752074332001,"action":"IDE_ACTIVATED"}
{"ts":1752074332373,"action":"IDE_DEACTIVATED"}
{"ts":1752074333448,"action":"IDE_ACTIVATED"}
{"ts":1752074346749,"action":"IDE_DEACTIVATED"}
{"ts":1752074347038,"action":"IDE_ACTIVATED"}
{"ts":1752074437374,"action":"IDE_DEACTIVATED"}
{"ts":1752074502309,"action":"IDE_ACTIVATED"}
{"ts":1752074518830,"action":"IDE_DEACTIVATED"}
{"ts":1752074815291,"action":"IDE_ACTIVATED"}
{"ts":1752074815729,"action":"IDE_DEACTIVATED"}
{"ts":1752074816487,"action":"IDE_ACTIVATED"}
{"ts":1752074847031,"action":"IDE_DEACTIVATED"}
{"ts":1752074943202,"action":"IDE_ACTIVATED"}
{"ts":1752074952103,"action":"IDE_DEACTIVATED"}
{"ts":1752074997362,"action":"IDE_ACTIVATED"}
{"ts":1752075005265,"action":"IDE_DEACTIVATED"}
{"ts":1752075293164,"action":"IDE_ACTIVATED"}
{"ts":1752075296048,"action":"IDE_DEACTIVATED"}
{"ts":1752075872052,"action":"IDE_ACTIVATED"}
{"ts":1752075889471,"action":"IDE_DEACTIVATED"}
{"ts":1752075983488,"action":"IDE_ACTIVATED"}
{"ts":1752075985135,"action":"IDE_DEACTIVATED"}
{"ts":1752124981838,"action":"IDE_ACTIVATED"}
{"ts":1752124985254,"action":"IDE_DEACTIVATED"}
{"ts":1752157340675,"action":"IDE_ACTIVATED"}
{"ts":1752157342944,"action":"IDE_DEACTIVATED"}
{"ts":1752157345285,"action":"IDE_ACTIVATED"}
{"ts":1752157346236,"action":"IDE_DEACTIVATED"}
{"ts":1752158442245,"action":"IDE_ACTIVATED"}
{"ts":1752158448297,"action":"IDE_DEACTIVATED"}
{"ts":1752172582861,"action":"IDE_ACTIVATED"}
{"ts":1752172585702,"action":"IDE_DEACTIVATED"}
{"ts":1752174923187,"action":"IDE_ACTIVATED"}
{"ts":1752175680214,"action":"IDE_DEACTIVATED"}
{"ts":1752177353774,"action":"IDE_ACTIVATED"}
{"ts":1752177356209,"action":"IDE_DEACTIVATED"}
{"ts":1752177712584,"action":"IDE_ACTIVATED"}
{"ts":1752177715413,"action":"IDE_DEACTIVATED"}
{"ts":1752180985156,"action":"IDE_ACTIVATED"}
{"ts":1752180988024,"action":"IDE_DEACTIVATED"}
{"ts":1752184924499,"action":"IDE_ACTIVATED"}
{"ts":1752185826450,"action":"IDE_DEACTIVATED"}
{"ts":1752216791357,"action":"IDE_ACTIVATED"}
{"ts":1752217135181,"action":"FILE_CLOSED","file":"/spring-framework_checkpoint.properties","tags":{"FILE_LINE_OF_CODE":"5"}}
{"ts":1752217135194,"action":"FILE_OPENED","file":"/spring-framework_manual_log.csv","tags":{"FILE_LINE_OF_CODE":"null"}}
{"ts":1752217169584,"action":"FILE_CLOSED","file":"/spring-framework_manual_log.csv","tags":{"FILE_LINE_OF_CODE":"null"}}
{"ts":1752217169584,"action":"FILE_OPENED","file":"/spring-framework_checkpoint.properties","tags":{"FILE_LINE_OF_CODE":"5"}}
{"ts":1752217852984,"action":"IDE_DEACTIVATED"}
{"ts":1752226133450,"action":"IDE_ACTIVATED"}
{"ts":1752226164630,"action":"IDE_DEACTIVATED"}
{"ts":1752227879542,"action":"IDE_ACTIVATED"}
{"ts":1752227908994,"action":"IDE_DEACTIVATED"}
{"ts":1752228855235,"action":"IDE_ACTIVATED"}
{"ts":1752228857714,"action":"IDE_DEACTIVATED"}
{"ts":1752228859421,"action":"IDE_ACTIVATED"}
{"ts":1752228860196,"action":"IDE_DEACTIVATED"}
{"ts":1752228877095,"action":"IDE_ACTIVATED"}
{"ts":1752228877722,"action":"IDE_DEACTIVATED"}
{"ts":1752229127127,"action":"IDE_ACTIVATED"}
{"ts":1752229128206,"action":"IDE_DEACTIVATED"}
{"ts":1752229135244,"action":"IDE_ACTIVATED"}
{"ts":1752229135569,"action":"IDE_DEACTIVATED"}
{"ts":1752230361800,"action":"IDE_ACTIVATED"}
{"ts":1752230364867,"action":"IDE_DEACTIVATED"}
{"ts":1752237987226,"action":"IDE_ACTIVATED"}
{"ts":1752237988462,"action":"IDE_DEACTIVATED"}
{"ts":1752238375821,"action":"IDE_ACTIVATED"}
{"ts":1752238421375,"action":"IDE_DEACTIVATED"}
{"ts":1752238423104,"action":"IDE_ACTIVATED"}
{"ts":1752238425578,"action":"IDE_DEACTIVATED"}
{"ts":1752238429555,"action":"IDE_ACTIVATED"}
{"ts":1752238429814,"action":"IDE_DEACTIVATED"}
{"ts":1752238430232,"action":"IDE_ACTIVATED"}
{"ts":1752238431281,"action":"IDE_DEACTIVATED"}
{"ts":1752238436688,"action":"IDE_ACTIVATED"}
{"ts":1752238437078,"action":"IDE_DEACTIVATED"}
{"ts":1752238438503,"action":"IDE_ACTIVATED"}
{"ts":1752238438812,"action":"IDE_DEACTIVATED"}
{"ts":1752238448230,"action":"IDE_ACTIVATED"}
{"ts":1752238448788,"action":"IDE_DEACTIVATED"}
{"ts":1752238449213,"action":"IDE_ACTIVATED"}
{"ts":1752238449396,"action":"IDE_DEACTIVATED"}
{"ts":1752238450207,"action":"IDE_ACTIVATED"}
{"ts":1752238450385,"action":"IDE_DEACTIVATED"}
{"ts":1752238451202,"action":"IDE_ACTIVATED"}
{"ts":1752238451443,"action":"IDE_DEACTIVATED"}
{"ts":1752238456587,"action":"IDE_ACTIVATED"}
{"ts":1752238459641,"action":"IDE_DEACTIVATED"}
{"ts":1752238464702,"action":"IDE_ACTIVATED"}
{"ts":1752238464926,"action":"IDE_DEACTIVATED"}
{"ts":1752238465535,"action":"IDE_ACTIVATED"}
{"ts":1752238475810,"action":"IDE_DEACTIVATED"}
{"ts":1752238841371,"action":"IDE_ACTIVATED"}
{"ts":1752238847530,"action":"IDE_DEACTIVATED"}
{"ts":1752238848434,"action":"IDE_ACTIVATED"}
{"ts":1752238870786,"action":"IDE_DEACTIVATED"}
{"ts":1752240285833,"action":"IDE_ACTIVATED"}
{"ts":1752240310503,"action":"PROJECT_CLOSED","tags":{"PROJECT_NAME":"Parsing"}}
{"ts":1752423668314,"action":"IDE_DEACTIVATED"}
{"ts":1752423670139,"action":"FILE_OPENED","file":"/spring-framework_checkpoint.properties","tags":{"FILE_LINE_OF_CODE":"5"}}
{"ts":1752423671193,"action":"PROJECT_OPENED","tags":{"PROJECT_NAME":"Parsing"}}
{"ts":1752423707160,"action":"IDE_ACTIVATED"}
{"ts":1752423759660,"action":"IDE_DEACTIVATED"}
{"ts":1752425497825,"action":"IDE_ACTIVATED"}
{"ts":1752425504907,"action":"IDE_DEACTIVATED"}
{"ts":1752428328375,"action":"IDE_ACTIVATED"}
{"ts":1752428409374,"action":"IDE_DEACTIVATED"}
{"ts":1752428417340,"action":"IDE_ACTIVATED"}
{"ts":1752428417700,"action":"IDE_DEACTIVATED"}
{"ts":1752428418320,"action":"IDE_ACTIVATED"}
{"ts":1752428509561,"action":"IDE_DEACTIVATED"}
{"ts":1752438328706,"action":"IDE_ACTIVATED"}
{"ts":1752438330707,"action":"IDE_DEACTIVATED"}
{"ts":1752438357113,"action":"IDE_ACTIVATED"}
{"ts":1752438366303,"action":"IDE_DEACTIVATED"}
{"ts":1752438379256,"action":"IDE_ACTIVATED"}
{"ts":1752438380497,"action":"IDE_DEACTIVATED"}
{"ts":1752468963434,"action":"IDE_ACTIVATED"}
{"ts":1752469003080,"action":"IDE_DEACTIVATED"}
{"ts":1752502433484,"action":"IDE_ACTIVATED"}
{"ts":1752502472803,"action":"FILE_CLOSED","file":"/spring-framework_checkpoint.properties","tags":{"FILE_LINE_OF_CODE":"5"}}
{"ts":1752502472883,"action":"FILE_OPENED","file":"/lombok_checkpoint.properties","tags":{"FILE_LINE_OF_CODE":"5"}}
{"ts":1752502607405,"action":"IDE_DEACTIVATED"}
{"ts":1752502981841,"action":"IDE_ACTIVATED"}
{"ts":1752502985854,"action":"IDE_DEACTIVATED"}
{"ts":1752503283734,"action":"IDE_ACTIVATED"}
{"ts":1752503283762,"action":"IDE_DEACTIVATED"}
{"ts":1752503686914,"action":"IDE_ACTIVATED"}
{"ts":1752503689454,"action":"IDE_DEACTIVATED"}
{"ts":1752503690221,"action":"IDE_ACTIVATED"}
{"ts":1752503690538,"action":"IDE_DEACTIVATED"}
{"ts":1752506260488,"action":"IDE_ACTIVATED"}
{"ts":1752506264593,"action":"IDE_DEACTIVATED"}
{"ts":1752506278986,"action":"IDE_ACTIVATED"}
{"ts":1752506280771,"action":"IDE_DEACTIVATED"}
{"ts":1752506284471,"action":"IDE_ACTIVATED"}
{"ts":1752506285683,"action":"IDE_DEACTIVATED"}
{"ts":1752506345267,"action":"IDE_ACTIVATED"}
{"ts":1752506346222,"action":"IDE_DEACTIVATED"}
{"ts":1752506352594,"action":"IDE_ACTIVATED"}
{"ts":1752506359886,"action":"IDE_DEACTIVATED"}
{"ts":1752513655842,"action":"IDE_ACTIVATED"}
{"ts":1752513658183,"action":"IDE_DEACTIVATED"}
{"ts":1752521087959,"action":"IDE_ACTIVATED"}
{"ts":1752521089373,"action":"IDE_DEACTIVATED"}
{"ts":1752522948699,"action":"IDE_ACTIVATED"}
{"ts":1752522950205,"action":"IDE_DEACTIVATED"}
{"ts":1752523424823,"action":"IDE_ACTIVATED"}
{"ts":1752523425667,"action":"IDE_DEACTIVATED"}
{"ts":1752524767348,"action":"IDE_ACTIVATED"}
{"ts":1752525669032,"action":"IDE_DEACTIVATED"}
{"ts":1752525956488,"action":"IDE_ACTIVATED"}
{"ts":1752525960055,"action":"IDE_DEACTIVATED"}
{"ts":1752554672339,"action":"IDE_ACTIVATED"}
{"ts":1752554724341,"action":"IDE_DEACTIVATED"}
{"ts":1752555634199,"action":"IDE_ACTIVATED"}
{"ts":1752556204320,"action":"IDE_DEACTIVATED"}
{"ts":1752556843448,"action":"IDE_ACTIVATED"}
{"ts":1752556844712,"action":"IDE_DEACTIVATED"}
{"ts":1752589554140,"action":"IDE_ACTIVATED"}
{"ts":1752589557339,"action":"IDE_DEACTIVATED"}
{"ts":1752589558460,"action":"IDE_ACTIVATED"}
{"ts":1752589564807,"action":"IDE_DEACTIVATED"}
{"ts":1752590441238,"action":"IDE_ACTIVATED"}
{"ts":1752590454093,"action":"IDE_DEACTIVATED"}
{"ts":1752590665313,"action":"IDE_ACTIVATED"}
{"ts":1752590687383,"action":"IDE_DEACTIVATED"}
{"ts":1752591120513,"action":"IDE_ACTIVATED"}
{"ts":1752591121329,"action":"IDE_DEACTIVATED"}
{"ts":1752593791123,"action":"IDE_ACTIVATED"}
{"ts":1752593791989,"action":"IDE_DEACTIVATED"}
{"ts":1752593792776,"action":"IDE_ACTIVATED"}
{"ts":1752593797654,"action":"IDE_DEACTIVATED"}
{"ts":1752593806658,"action":"IDE_ACTIVATED"}
{"ts":1752593807052,"action":"IDE_DEACTIVATED"}
{"ts":1752593818441,"action":"IDE_ACTIVATED"}
{"ts":1752593819041,"action":"IDE_DEACTIVATED"}
{"ts":1752593821542,"action":"IDE_ACTIVATED"}
{"ts":1752593821798,"action":"IDE_DEACTIVATED"}
{"ts":1752593822804,"action":"IDE_ACTIVATED"}
{"ts":1752593823308,"action":"IDE_DEACTIVATED"}
{"ts":1752594431385,"action":"IDE_ACTIVATED"}
{"ts":1752594431997,"action":"IDE_DEACTIVATED"}
{"ts":1752600650509,"action":"IDE_ACTIVATED"}
{"ts":1752600656597,"action":"IDE_DEACTIVATED"}
{"ts":1752600990625,"action":"IDE_ACTIVATED"}
{"ts":1752600993642,"action":"IDE_DEACTIVATED"}
{"ts":1752601157911,"action":"IDE_ACTIVATED"}
{"ts":1752601158518,"action":"IDE_DEACTIVATED"}
{"ts":1752605346275,"action":"IDE_ACTIVATED"}
{"ts":1752605377712,"action":"IDE_DEACTIVATED"}
{"ts":1752608194532,"action":"IDE_ACTIVATED"}
{"ts":1752608196460,"action":"IDE_DEACTIVATED"}
{"ts":1752613965866,"action":"IDE_ACTIVATED"}
{"ts":1752613970891,"action":"IDE_DEACTIVATED"}
{"ts":1752675326617,"action":"FILE_OPENED","file":"/lombok_checkpoint.properties","tags":{"FILE_LINE_OF_CODE":"5"}}
{"ts":1752675327422,"action":"PROJECT_OPENED","tags":{"PROJECT_NAME":"Parsing"}}
{"ts":1752675518941,"action":"IDE_DEACTIVATED"}
{"ts":1752675521287,"action":"IDE_ACTIVATED"}
{"ts":1752675521958,"action":"IDE_DEACTIVATED"}
{"ts":1752675799079,"action":"IDE_ACTIVATED"}
{"ts":1752675800205,"action":"IDE_DEACTIVATED"}
{"ts":1752676434947,"action":"IDE_ACTIVATED"}
{"ts":1752676436364,"action":"IDE_DEACTIVATED"}
{"ts":1752676756418,"action":"IDE_ACTIVATED"}
{"ts":1752676757518,"action":"IDE_DEACTIVATED"}
{"ts":1752676757883,"action":"IDE_ACTIVATED"}
{"ts":1752676758172,"action":"IDE_DEACTIVATED"}
{"ts":1752677183709,"action":"IDE_ACTIVATED"}
{"ts":1752677185938,"action":"IDE_DEACTIVATED"}
{"ts":1752678484918,"action":"IDE_ACTIVATED"}
{"ts":1752678485581,"action":"IDE_DEACTIVATED"}
{"ts":1752678485914,"action":"IDE_ACTIVATED"}
{"ts":1752678487135,"action":"IDE_DEACTIVATED"}
{"ts":1752679050020,"action":"IDE_ACTIVATED"}
{"ts":1752679052790,"action":"IDE_DEACTIVATED"}
{"ts":1752679219700,"action":"IDE_ACTIVATED"}
{"ts":1752679219996,"action":"IDE_DEACTIVATED"}
{"ts":1752679865838,"action":"IDE_ACTIVATED"}
{"ts":1752679866621,"action":"IDE_DEACTIVATED"}
{"ts":1752680046797,"action":"IDE_ACTIVATED"}
{"ts":1752680047169,"action":"IDE_DEACTIVATED"}
{"ts":1752680047840,"action":"IDE_ACTIVATED"}
{"ts":1752680048253,"action":"IDE_DEACTIVATED"}
{"ts":1752680048697,"action":"IDE_ACTIVATED"}
{"ts":1752680051211,"action":"IDE_DEACTIVATED"}
{"ts":1752682467355,"action":"IDE_ACTIVATED"}
{"ts":1752682468870,"action":"IDE_DEACTIVATED"}
{"ts":1752689788512,"action":"IDE_ACTIVATED"}
{"ts":1752689791893,"action":"IDE_DEACTIVATED"}
{"ts":1752689794663,"action":"IDE_ACTIVATED"}
{"ts":1752689794838,"action":"IDE_DEACTIVATED"}
{"ts":1752692017903,"action":"IDE_ACTIVATED"}
{"ts":1752692019643,"action":"IDE_DEACTIVATED"}
{"ts":1752692251897,"action":"IDE_ACTIVATED"}
{"ts":1752692252667,"action":"IDE_DEACTIVATED"}
{"ts":1752692258584,"action":"IDE_ACTIVATED"}
{"ts":1752692259378,"action":"IDE_DEACTIVATED"}
{"ts":1752692260211,"action":"IDE_ACTIVATED"}
{"ts":1752692260421,"action":"IDE_DEACTIVATED"}
{"ts":1752692261259,"action":"IDE_ACTIVATED"}
{"ts":1752692261856,"action":"IDE_DEACTIVATED"}
{"ts":1752692445233,"action":"IDE_ACTIVATED"}
{"ts":1752692447353,"action":"IDE_DEACTIVATED"}
{"ts":1752692585419,"action":"IDE_ACTIVATED"}
{"ts":1752692586075,"action":"IDE_DEACTIVATED"}
{"ts":1752694465258,"action":"IDE_ACTIVATED"}
{"ts":1752694477530,"action":"IDE_DEACTIVATED"}
{"ts":1752694477821,"action":"IDE_ACTIVATED"}
{"ts":1752694478504,"action":"IDE_DEACTIVATED"}
{"ts":1752694479125,"action":"IDE_ACTIVATED"}
{"ts":1752694495977,"action":"IDE_DEACTIVATED"}
{"ts":1752697405403,"action":"IDE_ACTIVATED"}
{"ts":1752697408699,"action":"IDE_DEACTIVATED"}
{"ts":1752699341145,"action":"IDE_ACTIVATED"}
{"ts":1752699343620,"action":"IDE_DEACTIVATED"}
{"ts":1752762460525,"action":"IDE_ACTIVATED"}
{"ts":1752762474341,"action":"IDE_DEACTIVATED"}
{"ts":1752763059866,"action":"IDE_ACTIVATED"}
{"ts":1752763059890,"action":"IDE_DEACTIVATED"}
{"ts":1752763064476,"action":"IDE_ACTIVATED"}
{"ts":1752763064500,"action":"IDE_DEACTIVATED"}
{"ts":1752766462000,"action":"IDE_ACTIVATED"}
{"ts":1752766467152,"action":"IDE_DEACTIVATED"}
{"ts":1752771669522,"action":"IDE_ACTIVATED"}
{"ts":1752771673838,"action":"IDE_DEACTIVATED"}
{"ts":1752773173044,"action":"IDE_ACTIVATED"}
{"ts":1752773175242,"action":"IDE_DEACTIVATED"}
{"ts":1752781762579,"action":"IDE_ACTIVATED"}
{"ts":1752781783845,"action":"IDE_DEACTIVATED"}
{"ts":1752781785419,"action":"IDE_ACTIVATED"}
{"ts":1752781786620,"action":"IDE_DEACTIVATED"}
{"ts":1752783211247,"action":"IDE_ACTIVATED"}
{"ts":1752783212631,"action":"IDE_DEACTIVATED"}
{"ts":1752787516906,"action":"IDE_ACTIVATED"}
{"ts":1752787523698,"action":"IDE_DEACTIVATED"}
{"ts":1752787526009,"action":"IDE_ACTIVATED"}
{"ts":1752787530812,"action":"IDE_DEACTIVATED"}
{"ts":1752787534107,"action":"IDE_ACTIVATED"}
{"ts":1752787534384,"action":"IDE_DEACTIVATED"}
{"ts":1752787606239,"action":"IDE_ACTIVATED"}
{"ts":1752787607826,"action":"IDE_DEACTIVATED"}
{"ts":1752787608498,"action":"IDE_ACTIVATED"}
{"ts":1752787613189,"action":"IDE_DEACTIVATED"}
{"ts":1752787828535,"action":"IDE_ACTIVATED"}
{"ts":1752787831146,"action":"IDE_DEACTIVATED"}
{"ts":1752814134254,"action":"IDE_ACTIVATED"}
{"ts":1752814151700,"action":"IDE_DEACTIVATED"}
{"ts":1752814950916,"action":"IDE_ACTIVATED"}
{"ts":1752814986008,"action":"FILE_CLOSED","file":"/lombok_checkpoint.properties","tags":{"FILE_LINE_OF_CODE":"5"}}
{"ts":1752814986079,"action":"FILE_OPENED","file":"/commons-codec_checkpoint.properties","tags":{"FILE_LINE_OF_CODE":"5"}}
{"ts":1752814987609,"action":"FILE_CLOSED","file":"/commons-codec_checkpoint.properties","tags":{"FILE_LINE_OF_CODE":"5"}}
{"ts":1752814987613,"action":"FILE_OPENED","file":"/commons-cli_manual_log.csv","tags":{"FILE_LINE_OF_CODE":"null"}}
{"ts":1752814988311,"action":"FILE_CLOSED","file":"/commons-cli_manual_log.csv","tags":{"FILE_LINE_OF_CODE":"null"}}
{"ts":1752814988329,"action":"FILE_OPENED","file":"/commons-codec_checkpoint.properties","tags":{"FILE_LINE_OF_CODE":"5"}}
{"ts":1752814988798,"action":"FILE_CLOSED","file":"/commons-codec_checkpoint.properties","tags":{"FILE_LINE_OF_CODE":"5"}}
{"ts":1752814988810,"action":"FILE_OPENED","file":"/commons-codec_manual_log.csv","tags":{"FILE_LINE_OF_CODE":"null"}}
{"ts":1752814990200,"action":"FILE_CLOSED","file":"/commons-codec_manual_log.csv","tags":{"FILE_LINE_OF_CODE":"null"}}
{"ts":1752814990200,"action":"FILE_OPENED","file":"/commons-cli_checkpoint.properties","tags":{"FILE_LINE_OF_CODE":"5"}}
{"ts":1752815647875,"action":"FILE_CLOSED","file":"/commons-cli_checkpoint.properties","tags":{"FILE_LINE_OF_CODE":"5"}}
{"ts":1752815647905,"action":"FILE_OPENED","file":"/commons-io_checkpoint.properties","tags":{"FILE_LINE_OF_CODE":"5"}}
{"ts":1752815648920,"action":"FILE_CLOSED","file":"/commons-io_checkpoint.properties","tags":{"FILE_LINE_OF_CODE":"5"}}
{"ts":1752815648925,"action":"FILE_OPENED","file":"/commons-io_manual_log.csv","tags":{"FILE_LINE_OF_CODE":"null"}}
{"ts":1752815651483,"action":"IDE_DEACTIVATED"}
{"ts":1752816380635,"action":"IDE_ACTIVATED"}
{"ts":1752816386032,"action":"IDE_DEACTIVATED"}
{"ts":1752921467011,"action":"FILE_OPENED","file":"/commons-io_manual_log.csv","tags":{"FILE_LINE_OF_CODE":"null"}}
{"ts":1752921467836,"action":"PROJECT_OPENED","tags":{"PROJECT_NAME":"Parsing"}}
{"ts":1752921500914,"action":"IDE_DEACTIVATED"}
{"ts":1752921671146,"action":"IDE_ACTIVATED"}
{"ts":1752921673389,"action":"IDE_DEACTIVATED"}
{"ts":1752924648778,"action":"IDE_ACTIVATED"}
{"ts":1752924649114,"action":"IDE_DEACTIVATED"}
{"ts":1752924650820,"action":"IDE_ACTIVATED"}
{"ts":1752924653116,"action":"IDE_DEACTIVATED"}
{"ts":1752925277776,"action":"IDE_ACTIVATED"}
{"ts":1752925279179,"action":"IDE_DEACTIVATED"}
{"ts":1752925522043,"action":"IDE_ACTIVATED"}
{"ts":1752925522423,"action":"IDE_DEACTIVATED"}
{"ts":1752926729733,"action":"IDE_ACTIVATED"}
{"ts":1752926730225,"action":"IDE_DEACTIVATED"}
{"ts":1752926730831,"action":"IDE_ACTIVATED"}
{"ts":1752926733004,"action":"IDE_DEACTIVATED"}
{"ts":1752932215493,"action":"IDE_ACTIVATED"}
{"ts":1752932215981,"action":"IDE_DEACTIVATED"}
{"ts":1752932217965,"action":"IDE_ACTIVATED"}
{"ts":1752932245098,"action":"IDE_DEACTIVATED"}
{"ts":1752932282304,"action":"IDE_ACTIVATED"}
{"ts":1752932288213,"action":"FILE_CLOSED","file":"/commons-io_manual_log.csv","tags":{"FILE_LINE_OF_CODE":"null"}}
{"ts":1752932288213,"action":"FILE_OPENED","file":"/analysis_results.csv","tags":{"FILE_LINE_OF_CODE":"null"}}
{"ts":1752932316661,"action":"IDE_DEACTIVATED"}
{"ts":1752932317926,"action":"IDE_ACTIVATED"}
{"ts":1752932318800,"action":"IDE_DEACTIVATED"}
{"ts":1752932327087,"action":"IDE_ACTIVATED"}
{"ts":1752932361527,"action":"IDE_DEACTIVATED"}
{"ts":1752932364442,"action":"IDE_ACTIVATED"}
{"ts":1752932364745,"action":"IDE_DEACTIVATED"}
{"ts":1752932672218,"action":"IDE_ACTIVATED"}
{"ts":1752932707349,"action":"IDE_DEACTIVATED"}
{"ts":1752933039864,"action":"IDE_ACTIVATED"}
{"ts":1752933044470,"action":"FILE_CLOSED","file":"/analysis_results.csv","tags":{"FILE_LINE_OF_CODE":"null"}}
{"ts":1752933044480,"action":"FILE_OPENED","file":"/assertj_manual_log.csv","tags":{"FILE_LINE_OF_CODE":"null"}}
{"ts":1752933047452,"action":"FILE_CLOSED","file":"/assertj_manual_log.csv","tags":{"FILE_LINE_OF_CODE":"null"}}
{"ts":1752933047472,"action":"FILE_OPENED","file":"/assertj_checkpoint.properties","tags":{"FILE_LINE_OF_CODE":"5"}}
{"ts":1752933048483,"action":"FILE_CLOSED","file":"/assertj_checkpoint.properties","tags":{"FILE_LINE_OF_CODE":"5"}}
{"ts":1752933048483,"action":"FILE_OPENED","file":"/commons-cli_checkpoint.properties","tags":{"FILE_LINE_OF_CODE":"5"}}
{"ts":1752933049307,"action":"FILE_CLOSED","file":"/commons-cli_checkpoint.properties","tags":{"FILE_LINE_OF_CODE":"5"}}
{"ts":1752933049341,"action":"FILE_OPENED","file":"/commons-codec_checkpoint.properties","tags":{"FILE_LINE_OF_CODE":"5"}}
{"ts":1752933051665,"action":"FILE_CLOSED","file":"/commons-codec_checkpoint.properties","tags":{"FILE_LINE_OF_CODE":"5"}}
{"ts":1752933051684,"action":"FILE_OPENED","file":"/commons-collections_checkpoint.properties","tags":{"FILE_LINE_OF_CODE":"5"}}
{"ts":1752933052614,"action":"FILE_CLOSED","file":"/commons-collections_checkpoint.properties","tags":{"FILE_LINE_OF_CODE":"5"}}
{"ts":1752933052647,"action":"FILE_OPENED","file":"/commons-io_checkpoint.properties","tags":{"FILE_LINE_OF_CODE":"5"}}
{"ts":1752933053771,"action":"FILE_CLOSED","file":"/commons-io_checkpoint.properties","tags":{"FILE_LINE_OF_CODE":"5"}}
{"ts":1752933053792,"action":"FILE_OPENED","file":"/commons-lang_checkpoint.properties","tags":{"FILE_LINE_OF_CODE":"5"}}
{"ts":1752933054818,"action":"FILE_CLOSED","file":"/commons-lang_checkpoint.properties","tags":{"FILE_LINE_OF_CODE":"5"}}
{"ts":1752933054818,"action":"FILE_OPENED","file":"/commons-logging_checkpoint.properties","tags":{"FILE_LINE_OF_CODE":"5"}}
{"ts":1752933055385,"action":"FILE_CLOSED","file":"/commons-logging_checkpoint.properties","tags":{"FILE_LINE_OF_CODE":"5"}}
{"ts":1752933055405,"action":"FILE_OPENED","file":"/easymock_checkpoint.properties","tags":{"FILE_LINE_OF_CODE":"5"}}
{"ts":1752933055814,"action":"FILE_CLOSED","file":"/easymock_checkpoint.properties","tags":{"FILE_LINE_OF_CODE":"5"}}
{"ts":1752933055819,"action":"FILE_OPENED","file":"/easymock_manual_log.csv","tags":{"FILE_LINE_OF_CODE":"null"}}
{"ts":1752933056325,"action":"FILE_CLOSED","file":"/easymock_manual_log.csv","tags":{"FILE_LINE_OF_CODE":"null"}}
{"ts":1752933056345,"action":"FILE_OPENED","file":"/gson_checkpoint.properties","tags":{"FILE_LINE_OF_CODE":"5"}}
{"ts":1752933057191,"action":"FILE_CLOSED","file":"/gson_checkpoint.properties","tags":{"FILE_LINE_OF_CODE":"5"}}
{"ts":1752933057208,"action":"FILE_OPENED","file":"/guava_checkpoint.properties","tags":{"FILE_LINE_OF_CODE":"5"}}
{"ts":1752933058075,"action":"FILE_CLOSED","file":"/guava_checkpoint.properties","tags":{"FILE_LINE_OF_CODE":"5"}}
{"ts":1752933058105,"action":"FILE_OPENED","file":"/h2database_checkpoint.properties","tags":{"FILE_LINE_OF_CODE":"5"}}
{"ts":1752933059638,"action":"FILE_CLOSED","file":"/h2database_checkpoint.properties","tags":{"FILE_LINE_OF_CODE":"5"}}
{"ts":1752933059638,"action":"FILE_OPENED","file":"/jackson-annotations_checkpoint.properties","tags":{"FILE_LINE_OF_CODE":"5"}}
{"ts":1752933060617,"action":"FILE_CLOSED","file":"/jackson-annotations_checkpoint.properties","tags":{"FILE_LINE_OF_CODE":"5"}}
{"ts":1752933060630,"action":"FILE_OPENED","file":"/jackson-core_checkpoint.properties","tags":{"FILE_LINE_OF_CODE":"5"}}
{"ts":1752933063219,"action":"FILE_CLOSED","file":"/jackson-core_checkpoint.properties","tags":{"FILE_LINE_OF_CODE":"5"}}
{"ts":1752933063237,"action":"FILE_OPENED","file":"/jackson-databind_checkpoint.properties","tags":{"FILE_LINE_OF_CODE":"5"}}
{"ts":1752933064106,"action":"FILE_CLOSED","file":"/jackson-databind_checkpoint.properties","tags":{"FILE_LINE_OF_CODE":"5"}}
{"ts":1752933064128,"action":"FILE_OPENED","file":"/jackson-modules-java8_checkpoint.properties","tags":{"FILE_LINE_OF_CODE":"5"}}
{"ts":1752933065700,"action":"FILE_CLOSED","file":"/jackson-modules-java8_checkpoint.properties","tags":{"FILE_LINE_OF_CODE":"5"}}
{"ts":1752933065700,"action":"FILE_OPENED","file":"/java-annotations_checkpoint.properties","tags":{"FILE_LINE_OF_CODE":"5"}}
{"ts":1752933066398,"action":"FILE_CLOSED","file":"/java-annotations_checkpoint.properties","tags":{"FILE_LINE_OF_CODE":"5"}}
{"ts":1752933066415,"action":"FILE_OPENED","file":"/joda-time_checkpoint.properties","tags":{"FILE_LINE_OF_CODE":"5"}}
{"ts":1752933067335,"action":"FILE_CLOSED","file":"/joda-time_checkpoint.properties","tags":{"FILE_LINE_OF_CODE":"5"}}
{"ts":1752933067335,"action":"FILE_OPENED","file":"/JSON-java_checkpoint.properties","tags":{"FILE_LINE_OF_CODE":"5"}}
{"ts":1752933068873,"action":"FILE_CLOSED","file":"/JSON-java_checkpoint.properties","tags":{"FILE_LINE_OF_CODE":"5"}}
{"ts":1752933068889,"action":"FILE_OPENED","file":"/junit-framework_checkpoint.properties","tags":{"FILE_LINE_OF_CODE":"5"}}
{"ts":1752933069556,"action":"FILE_CLOSED","file":"/junit-framework_checkpoint.properties","tags":{"FILE_LINE_OF_CODE":"5"}}
{"ts":1752933069572,"action":"FILE_OPENED","file":"/logback_checkpoint.properties","tags":{"FILE_LINE_OF_CODE":"5"}}
{"ts":1752933070247,"action":"FILE_CLOSED","file":"/logback_checkpoint.properties","tags":{"FILE_LINE_OF_CODE":"5"}}
{"ts":1752933070247,"action":"FILE_OPENED","file":"/logging-log4j2_checkpoint.properties","tags":{"FILE_LINE_OF_CODE":"5"}}
{"ts":1752933070999,"action":"FILE_CLOSED","file":"/logging-log4j2_checkpoint.properties","tags":{"FILE_LINE_OF_CODE":"5"}}
{"ts":1752933071017,"action":"FILE_OPENED","file":"/lombok_checkpoint.properties","tags":{"FILE_LINE_OF_CODE":"5"}}
{"ts":1752933071899,"action":"FILE_CLOSED","file":"/lombok_checkpoint.properties","tags":{"FILE_LINE_OF_CODE":"5"}}
{"ts":1752933071919,"action":"FILE_OPENED","file":"/maven-plugin-tools_checkpoint.properties","tags":{"FILE_LINE_OF_CODE":"5"}}
{"ts":1752933072711,"action":"FILE_CLOSED","file":"/maven-plugin-tools_checkpoint.properties","tags":{"FILE_LINE_OF_CODE":"5"}}
{"ts":1752933072728,"action":"FILE_OPENED","file":"/mockito_checkpoint.properties","tags":{"FILE_LINE_OF_CODE":"5"}}
{"ts":1752933073474,"action":"FILE_CLOSED","file":"/mockito_checkpoint.properties","tags":{"FILE_LINE_OF_CODE":"5"}}
{"ts":1752933073492,"action":"FILE_OPENED","file":"/mysql-connector-j_checkpoint.properties","tags":{"FILE_LINE_OF_CODE":"5"}}
{"ts":1752933074092,"action":"FILE_CLOSED","file":"/mysql-connector-j_checkpoint.properties","tags":{"FILE_LINE_OF_CODE":"5"}}
{"ts":1752933074105,"action":"FILE_OPENED","file":"/pgjdbc_checkpoint.properties","tags":{"FILE_LINE_OF_CODE":"5"}}
{"ts":1752933075769,"action":"FILE_CLOSED","file":"/pgjdbc_checkpoint.properties","tags":{"FILE_LINE_OF_CODE":"5"}}
{"ts":1752933075785,"action":"FILE_OPENED","file":"/slf4j_checkpoint.properties","tags":{"FILE_LINE_OF_CODE":"5"}}
{"ts":1752933076586,"action":"FILE_CLOSED","file":"/slf4j_checkpoint.properties","tags":{"FILE_LINE_OF_CODE":"5"}}
{"ts":1752933076599,"action":"FILE_OPENED","file":"/snakeyaml_checkpoint.properties","tags":{"FILE_LINE_OF_CODE":"5"}}
{"ts":1752933077524,"action":"FILE_CLOSED","file":"/snakeyaml_checkpoint.properties","tags":{"FILE_LINE_OF_CODE":"5"}}
{"ts":1752933077524,"action":"FILE_OPENED","file":"/spring-framework_checkpoint.properties","tags":{"FILE_LINE_OF_CODE":"5"}}
{"ts":1752933078548,"action":"FILE_CLOSED","file":"/spring-framework_checkpoint.properties","tags":{"FILE_LINE_OF_CODE":"5"}}
{"ts":1752933078565,"action":"FILE_OPENED","file":"/target_manual_log.csv","tags":{"FILE_LINE_OF_CODE":"null"}}
{"ts":1752933079303,"action":"FILE_CLOSED","file":"/target_manual_log.csv","tags":{"FILE_LINE_OF_CODE":"null"}}
{"ts":1752933079330,"action":"FILE_OPENED","file":"/spring-framework_manual_log.csv","tags":{"FILE_LINE_OF_CODE":"null"}}
{"ts":1752933081060,"action":"FILE_CLOSED","file":"/spring-framework_manual_log.csv","tags":{"FILE_LINE_OF_CODE":"null"}}
{"ts":1752933081060,"action":"FILE_OPENED","file":"/spring-framework_checkpoint.properties","tags":{"FILE_LINE_OF_CODE":"5"}}
{"ts":1752933081638,"action":"FILE_CLOSED","file":"/spring-framework_checkpoint.properties","tags":{"FILE_LINE_OF_CODE":"5"}}
{"ts":1752933081657,"action":"FILE_OPENED","file":"/snakeyaml_manual_log.csv","tags":{"FILE_LINE_OF_CODE":"null"}}
{"ts":1752933082121,"action":"FILE_CLOSED","file":"/snakeyaml_manual_log.csv","tags":{"FILE_LINE_OF_CODE":"null"}}
{"ts":1752933082137,"action":"FILE_OPENED","file":"/snakeyaml_checkpoint.properties","tags":{"FILE_LINE_OF_CODE":"5"}}
{"ts":1752933082404,"action":"FILE_CLOSED","file":"/snakeyaml_checkpoint.properties","tags":{"FILE_LINE_OF_CODE":"5"}}
{"ts":1752933082408,"action":"FILE_OPENED","file":"/snakeyaml_manual_log.csv","tags":{"FILE_LINE_OF_CODE":"null"}}
{"ts":1752933082646,"action":"FILE_CLOSED","file":"/snakeyaml_manual_log.csv","tags":{"FILE_LINE_OF_CODE":"null"}}
{"ts":1752933082646,"action":"FILE_OPENED","file":"/spring-framework_checkpoint.properties","tags":{"FILE_LINE_OF_CODE":"5"}}
{"ts":1752933083458,"action":"FILE_CLOSED","file":"/spring-framework_checkpoint.properties","tags":{"FILE_LINE_OF_CODE":"5"}}
{"ts":1752933083467,"action":"FILE_OPENED","file":"/target_manual_log.csv","tags":{"FILE_LINE_OF_CODE":"null"}}
{"ts":1752933083753,"action":"FILE_CLOSED","file":"/target_manual_log.csv","tags":{"FILE_LINE_OF_CODE":"null"}}
{"ts":1752933083768,"action":"FILE_OPENED","file":"/testng_checkpoint.properties","tags":{"FILE_LINE_OF_CODE":"5"}}
{"ts":1752933085435,"action":"FILE_CLOSED","file":"/testng_checkpoint.properties","tags":{"FILE_LINE_OF_CODE":"5"}}
{"ts":1752933085439,"action":"FILE_OPENED","file":"/testng_manual_log.csv","tags":{"FILE_LINE_OF_CODE":"null"}}
{"ts":1752933089785,"action":"IDE_DEACTIVATED"}
{"ts":1752933298580,"action":"IDE_ACTIVATED"}
{"ts":1752933298947,"action":"IDE_DEACTIVATED"}
{"ts":1752933299940,"action":"IDE_ACTIVATED"}
{"ts":1752933302346,"action":"IDE_DEACTIVATED"}
{"ts":1752933310819,"action":"IDE_ACTIVATED"}
{"ts":1752933312787,"action":"IDE_DEACTIVATED"}
{"ts":1752933318949,"action":"IDE_ACTIVATED"}
{"ts":1752933319281,"action":"IDE_DEACTIVATED"}
{"ts":1752933819016,"action":"IDE_ACTIVATED"}
{"ts":1752933821103,"action":"IDE_DEACTIVATED"}
{"ts":1752933824615,"action":"IDE_ACTIVATED"}
{"ts":1752933825077,"action":"IDE_DEACTIVATED"}
{"ts":1752934100706,"action":"IDE_ACTIVATED"}
{"ts":1752934140354,"action":"IDE_DEACTIVATED"}
{"ts":1752934448581,"action":"IDE_ACTIVATED"}
{"ts":1752934472710,"action":"IDE_DEACTIVATED"}
{"ts":1752934908112,"action":"IDE_ACTIVATED"}
{"ts":1752934908335,"action":"IDE_DEACTIVATED"}
{"ts":1752935019664,"action":"IDE_ACTIVATED"}
{"ts":1752935037372,"action":"FILE_CLOSED","file":"/testng_manual_log.csv","tags":{"FILE_LINE_OF_CODE":"null"}}
{"ts":1752935037372,"action":"FILE_OPENED","file":"/analysis_results.csv","tags":{"FILE_LINE_OF_CODE":"null"}}
{"ts":1752935058321,"action":"IDE_DEACTIVATED"}
{"ts":1752935182660,"action":"IDE_ACTIVATED"}
{"ts":1752935185616,"action":"IDE_DEACTIVATED"}
{"ts":1752935185972,"action":"IDE_ACTIVATED"}
{"ts":1752935186405,"action":"IDE_DEACTIVATED"}
{"ts":1752936081098,"action":"IDE_ACTIVATED"}
{"ts":1752936081455,"action":"IDE_DEACTIVATED"}
{"ts":1752936126007,"action":"IDE_ACTIVATED"}
{"ts":1752936127304,"action":"IDE_DEACTIVATED"}
{"ts":1752936134854,"action":"IDE_ACTIVATED"}
{"ts":1752936135588,"action":"IDE_DEACTIVATED"}
{"ts":1752936136501,"action":"IDE_ACTIVATED"}
{"ts":1752936136950,"action":"IDE_DEACTIVATED"}
{"ts":1752936137566,"action":"IDE_ACTIVATED"}
{"ts":1752936143366,"action":"IDE_DEACTIVATED"}
{"ts":1752936560785,"action":"IDE_ACTIVATED"}
{"ts":1752936561716,"action":"IDE_DEACTIVATED"}
{"ts":1752936714843,"action":"IDE_ACTIVATED"}
{"ts":1752936715727,"action":"IDE_DEACTIVATED"}
{"ts":1752936843570,"action":"FILE_OPENED","file":"/analysis_results.csv","tags":{"FILE_LINE_OF_CODE":"null"}}
{"ts":1752936845343,"action":"PROJECT_OPENED","tags":{"PROJECT_NAME":"Parsing"}}
{"ts":1752936861780,"action":"IDE_DEACTIVATED"}
{"ts":1752937332495,"action":"FILE_OPENED","file":"/analysis_results.csv","tags":{"FILE_LINE_OF_CODE":"null"}}
{"ts":1752937334279,"action":"PROJECT_OPENED","tags":{"PROJECT_NAME":"Parsing"}}
{"ts":1752937473103,"action":"FILE_OPENED","file":"/analysis_results.csv","tags":{"FILE_LINE_OF_CODE":"null"}}
{"ts":1752937474228,"action":"PROJECT_OPENED","tags":{"PROJECT_NAME":"Parsing"}}
{"ts":1752937778115,"action":"FILE_OPENED","file":"/analysis_results.csv","tags":{"FILE_LINE_OF_CODE":"null"}}
{"ts":1752937780618,"action":"PROJECT_OPENED","tags":{"PROJECT_NAME":"Parsing"}}
{"ts":1752955163999,"action":"IDE_DEACTIVATED"}
{"ts":1752955280651,"action":"IDE_ACTIVATED"}
{"ts":1752955282406,"action":"IDE_DEACTIVATED"}
{"ts":1752955283465,"action":"IDE_ACTIVATED"}
{"ts":1752955283940,"action":"IDE_DEACTIVATED"}
{"ts":1752955894027,"action":"IDE_ACTIVATED"}
{"ts":1752955895986,"action":"IDE_DEACTIVATED"}
{"ts":1752957729919,"action":"IDE_ACTIVATED"}
{"ts":1752957764036,"action":"IDE_DEACTIVATED"}
{"ts":1752983265024,"action":"IDE_ACTIVATED"}
{"ts":1752984415832,"action":"IDE_DEACTIVATED"}
{"ts":1752998239498,"action":"IDE_ACTIVATED"}
{"ts":1752998256607,"action":"IDE_DEACTIVATED"}
{"ts":1752998265756,"action":"IDE_ACTIVATED"}
{"ts":1752998268780,"action":"IDE_DEACTIVATED"}
{"ts":1753001478802,"action":"IDE_ACTIVATED"}
{"ts":1753001485022,"action":"IDE_DEACTIVATED"}
{"ts":1753001489557,"action":"IDE_ACTIVATED"}
{"ts":1753001492962,"action":"IDE_DEACTIVATED"}
{"ts":1753001617490,"action":"IDE_ACTIVATED"}
{"ts":1753001618800,"action":"IDE_DEACTIVATED"}
{"ts":1753002528105,"action":"IDE_ACTIVATED"}
{"ts":1753002530088,"action":"IDE_DEACTIVATED"}
{"ts":1753008361298,"action":"IDE_ACTIVATED"}
{"ts":1753008366197,"action":"IDE_DEACTIVATED"}
{"ts":1753008457609,"action":"IDE_ACTIVATED"}
{"ts":1753009369077,"action":"IDE_DEACTIVATED"}
{"ts":1753028360977,"action":"IDE_ACTIVATED"}
{"ts":1753028366678,"action":"IDE_DEACTIVATED"}
{"ts":1753043993121,"action":"IDE_ACTIVATED"}
{"ts":1753043993644,"action":"IDE_DEACTIVATED"}
{"ts":1753110893979,"action":"IDE_ACTIVATED"}
{"ts":1753110920464,"action":"IDE_DEACTIVATED"}
{"ts":1753110929756,"action":"IDE_ACTIVATED"}
{"ts":1753110931302,"action":"IDE_DEACTIVATED"}
{"ts":1753110935111,"action":"IDE_ACTIVATED"}
{"ts":1753110973791,"action":"IDE_DEACTIVATED"}
{"ts":1753110975594,"action":"IDE_ACTIVATED"}
{"ts":1753110976354,"action":"IDE_DEACTIVATED"}
{"ts":1753110986092,"action":"IDE_ACTIVATED"}
{"ts":1753111021804,"action":"IDE_DEACTIVATED"}
{"ts":1753111176728,"action":"IDE_ACTIVATED"}
{"ts":1753111200663,"action":"IDE_DEACTIVATED"}
{"ts":1753111206217,"action":"IDE_ACTIVATED"}
{"ts":1753111225774,"action":"FILE_CLOSED","file":"/analysis_results.csv","tags":{"FILE_LINE_OF_CODE":"null"}}
{"ts":1753111225795,"action":"FILE_OPENED","file":"/jackson-modules-java8_manual_log.csv","tags":{"FILE_LINE_OF_CODE":"null"}}
{"ts":1753111227283,"action":"FILE_CLOSED","file":"/jackson-modules-java8_manual_log.csv","tags":{"FILE_LINE_OF_CODE":"null"}}
{"ts":1753111227305,"action":"FILE_OPENED","file":"/jackson-modules-java8_checkpoint.properties","tags":{"FILE_LINE_OF_CODE":"5"}}
{"ts":1753111232814,"action":"IDE_DEACTIVATED"}
{"ts":1753111271071,"action":"IDE_ACTIVATED"}
{"ts":1753111282929,"action":"IDE_DEACTIVATED"}
{"ts":1753111946624,"action":"IDE_ACTIVATED"}
{"ts":1753111954256,"action":"IDE_DEACTIVATED"}
{"ts":1753112523922,"action":"IDE_ACTIVATED"}
{"ts":1753112528070,"action":"FILE_CLOSED","file":"/jackson-modules-java8_checkpoint.properties","tags":{"FILE_LINE_OF_CODE":"5"}}
{"ts":1753112528086,"action":"FILE_OPENED","file":"/src/main/java/com/yourcompany/game/CsvFileCleaner.java","tags":{"FILE_LINE_OF_CODE":"56"}}
{"ts":1753112530638,"action":"IDE_DEACTIVATED"}
{"ts":1753112538678,"action":"IDE_ACTIVATED"}
{"ts":1753112550568,"action":"FILE_CLOSED","file":"/src/main/java/com/yourcompany/game/CsvFileCleaner.java","tags":{"FILE_LINE_OF_CODE":"56"}}
{"ts":1753112550568,"action":"FILE_OPENED","file":"/spring-framework_checkpoint.properties","tags":{"FILE_LINE_OF_CODE":"5"}}
{"ts":1753112550577,"action":"FILE_CLOSED","file":"/spring-framework_checkpoint.properties","tags":{"FILE_LINE_OF_CODE":"5"}}
{"ts":1753112550623,"action":"FILE_OPENED","file":"/analysis_results_cleaned.csv","tags":{"FILE_LINE_OF_CODE":"null"}}
{"ts":1753112554404,"action":"IDE_DEACTIVATED"}
{"ts":1753113655025,"action":"IDE_ACTIVATED"}
{"ts":1753113657129,"action":"IDE_DEACTIVATED"}
{"ts":1753113658136,"action":"IDE_ACTIVATED"}
{"ts":1753113661276,"action":"IDE_DEACTIVATED"}
{"ts":1753113674830,"action":"IDE_ACTIVATED"}
{"ts":1753113698781,"action":"IDE_DEACTIVATED"}
{"ts":1753113702001,"action":"IDE_ACTIVATED"}
{"ts":1753113710037,"action":"IDE_DEACTIVATED"}
{"ts":1753113724212,"action":"IDE_ACTIVATED"}
{"ts":1753113762270,"action":"IDE_DEACTIVATED"}
{"ts":1753113767672,"action":"IDE_ACTIVATED"}
{"ts":1753113772778,"action":"IDE_DEACTIVATED"}
{"ts":1753113785832,"action":"IDE_ACTIVATED"}
{"ts":1753113790714,"action":"IDE_DEACTIVATED"}
{"ts":1753113810436,"action":"IDE_ACTIVATED"}
{"ts":1753113813136,"action":"IDE_DEACTIVATED"}
{"ts":1753113838877,"action":"IDE_ACTIVATED"}
{"ts":1753113913016,"action":"FILE_CLOSED","file":"/analysis_results_cleaned.csv","tags":{"FILE_LINE_OF_CODE":"null"}}
{"ts":1753113913019,"action":"FILE_OPENED","file":"/commons-lang_manual_log.csv","tags":{"FILE_LINE_OF_CODE":"null"}}
{"ts":1753113916673,"action":"FILE_CLOSED","file":"/commons-lang_manual_log.csv","tags":{"FILE_LINE_OF_CODE":"null"}}
{"ts":1753113916677,"action":"FILE_OPENED","file":"/commons-io_manual_log.csv","tags":{"FILE_LINE_OF_CODE":"null"}}
{"ts":1753113917549,"action":"FILE_CLOSED","file":"/commons-io_manual_log.csv","tags":{"FILE_LINE_OF_CODE":"null"}}
{"ts":1753113917553,"action":"FILE_OPENED","file":"/commons-collections_manual_log.csv","tags":{"FILE_LINE_OF_CODE":"null"}}
{"ts":1753113918259,"action":"FILE_CLOSED","file":"/commons-collections_manual_log.csv","tags":{"FILE_LINE_OF_CODE":"null"}}
{"ts":1753113918259,"action":"FILE_OPENED","file":"/commons-cli_checkpoint.properties","tags":{"FILE_LINE_OF_CODE":"5"}}
{"ts":1753113920645,"action":"FILE_CLOSED","file":"/commons-cli_checkpoint.properties","tags":{"FILE_LINE_OF_CODE":"5"}}
{"ts":1753113920669,"action":"FILE_OPENED","file":"/guava_checkpoint.properties","tags":{"FILE_LINE_OF_CODE":"5"}}
{"ts":1753113921489,"action":"FILE_CLOSED","file":"/guava_checkpoint.properties","tags":{"FILE_LINE_OF_CODE":"5"}}
{"ts":1753113921499,"action":"FILE_OPENED","file":"/guava_manual_log.csv","tags":{"FILE_LINE_OF_CODE":"null"}}
{"ts":1753113923751,"action":"FILE_CLOSED","file":"/guava_manual_log.csv","tags":{"FILE_LINE_OF_CODE":"null"}}
{"ts":1753113923754,"action":"FILE_OPENED","file":"/JSON-java_manual_log.csv","tags":{"FILE_LINE_OF_CODE":"null"}}
{"ts":1753113924985,"action":"FILE_CLOSED","file":"/JSON-java_manual_log.csv","tags":{"FILE_LINE_OF_CODE":"null"}}
{"ts":1753113924987,"action":"FILE_OPENED","file":"/joda-time_manual_log.csv","tags":{"FILE_LINE_OF_CODE":"null"}}
{"ts":1753113925316,"action":"FILE_CLOSED","file":"/joda-time_manual_log.csv","tags":{"FILE_LINE_OF_CODE":"null"}}
{"ts":1753113925335,"action":"FILE_OPENED","file":"/joda-time_checkpoint.properties","tags":{"FILE_LINE_OF_CODE":"5"}}
{"ts":1753113927972,"action":"FILE_CLOSED","file":"/joda-time_checkpoint.properties","tags":{"FILE_LINE_OF_CODE":"5"}}
{"ts":1753113928008,"action":"FILE_OPENED","file":"/pom.xml","tags":{"FILE_LINE_OF_CODE":"69"}}
{"ts":1753113928787,"action":"FILE_CLOSED","file":"/pom.xml","tags":{"FILE_LINE_OF_CODE":"69"}}
{"ts":1753113928798,"action":"FILE_OPENED","file":"/snakeyaml_checkpoint.properties","tags":{"FILE_LINE_OF_CODE":"5"}}
{"ts":1753113929444,"action":"FILE_CLOSED","file":"/snakeyaml_checkpoint.properties","tags":{"FILE_LINE_OF_CODE":"5"}}
{"ts":1753113929449,"action":"FILE_OPENED","file":"/slf4j_manual_log.csv","tags":{"FILE_LINE_OF_CODE":"null"}}
{"ts":1753113932780,"action":"FILE_CLOSED","file":"/slf4j_manual_log.csv","tags":{"FILE_LINE_OF_CODE":"null"}}
{"ts":1753113932780,"action":"FILE_OPENED","file":"/spring-framework_checkpoint.properties","tags":{"FILE_LINE_OF_CODE":"5"}}
{"ts":1753113933221,"action":"FILE_CLOSED","file":"/spring-framework_checkpoint.properties","tags":{"FILE_LINE_OF_CODE":"5"}}
{"ts":1753113933223,"action":"FILE_OPENED","file":"/target_manual_log.csv","tags":{"FILE_LINE_OF_CODE":"null"}}
{"ts":1753113934015,"action":"FILE_CLOSED","file":"/target_manual_log.csv","tags":{"FILE_LINE_OF_CODE":"null"}}
{"ts":1753113934018,"action":"FILE_OPENED","file":"/spring-framework_manual_log.csv","tags":{"FILE_LINE_OF_CODE":"null"}}
{"ts":1753114157570,"action":"IDE_DEACTIVATED"}
{"ts":1753114177400,"action":"IDE_ACTIVATED"}
{"ts":1753114267614,"action":"IDE_DEACTIVATED"}
{"ts":1753114301078,"action":"IDE_ACTIVATED"}
{"ts":1753114370284,"action":"IDE_DEACTIVATED"}
{"ts":1753114399430,"action":"IDE_ACTIVATED"}
{"ts":1753114453665,"action":"IDE_DEACTIVATED"}
{"ts":1753114464644,"action":"IDE_ACTIVATED"}
{"ts":1753114467064,"action":"FILE_CLOSED","file":"/spring-framework_manual_log.csv","tags":{"FILE_LINE_OF_CODE":"null"}}
{"ts":1753114467072,"action":"FILE_OPENED","file":"/slf4j_manual_log.csv","tags":{"FILE_LINE_OF_CODE":"null"}}
{"ts":1753114467478,"action":"FILE_CLOSED","file":"/slf4j_manual_log.csv","tags":{"FILE_LINE_OF_CODE":"null"}}
{"ts":1753114467494,"action":"FILE_OPENED","file":"/slf4j_checkpoint.properties","tags":{"FILE_LINE_OF_CODE":"5"}}
{"ts":1753114468355,"action":"FILE_CLOSED","file":"/slf4j_checkpoint.properties","tags":{"FILE_LINE_OF_CODE":"5"}}
{"ts":1753114468357,"action":"FILE_OPENED","file":"/snakeyaml_manual_log.csv","tags":{"FILE_LINE_OF_CODE":"null"}}
{"ts":1753114469666,"action":"FILE_CLOSED","file":"/snakeyaml_manual_log.csv","tags":{"FILE_LINE_OF_CODE":"null"}}
{"ts":1753114469679,"action":"FILE_OPENED","file":"/spring-framework_manual_log.csv","tags":{"FILE_LINE_OF_CODE":"null"}}
{"ts":1753114472394,"action":"FILE_CLOSED","file":"/spring-framework_manual_log.csv","tags":{"FILE_LINE_OF_CODE":"null"}}
{"ts":1753114472405,"action":"FILE_OPENED","file":"/target_manual_log.csv","tags":{"FILE_LINE_OF_CODE":"null"}}
{"ts":1753114473348,"action":"FILE_CLOSED","file":"/target_manual_log.csv","tags":{"FILE_LINE_OF_CODE":"null"}}
{"ts":1753114473362,"action":"FILE_OPENED","file":"/spring-framework_manual_log.csv","tags":{"FILE_LINE_OF_CODE":"null"}}
{"ts":1753114474063,"action":"FILE_CLOSED","file":"/spring-framework_manual_log.csv","tags":{"FILE_LINE_OF_CODE":"null"}}
{"ts":1753114474074,"action":"FILE_OPENED","file":"/target_manual_log.csv","tags":{"FILE_LINE_OF_CODE":"null"}}
{"ts":1753114475788,"action":"FILE_CLOSED","file":"/target_manual_log.csv","tags":{"FILE_LINE_OF_CODE":"null"}}
{"ts":1753114475791,"action":"FILE_OPENED","file":"/testng_manual_log.csv","tags":{"FILE_LINE_OF_CODE":"null"}}
{"ts":1753114477123,"action":"FILE_CLOSED","file":"/testng_manual_log.csv","tags":{"FILE_LINE_OF_CODE":"null"}}
{"ts":1753114477129,"action":"FILE_OPENED","file":"/target_manual_log.csv","tags":{"FILE_LINE_OF_CODE":"null"}}
{"ts":1753114478585,"action":"FILE_CLOSED","file":"/target_manual_log.csv","tags":{"FILE_LINE_OF_CODE":"null"}}
{"ts":1753114478595,"action":"FILE_OPENED","file":"/testng_manual_log.csv","tags":{"FILE_LINE_OF_CODE":"null"}}
{"ts":1753114481891,"action":"IDE_DEACTIVATED"}
{"ts":1753114490334,"action":"IDE_ACTIVATED"}
{"ts":1753114490997,"action":"IDE_DEACTIVATED"}
{"ts":1753114520558,"action":"IDE_ACTIVATED"}
{"ts":1753114521127,"action":"IDE_DEACTIVATED"}
{"ts":1753114525952,"action":"IDE_ACTIVATED"}
{"ts":1753114526453,"action":"IDE_DEACTIVATED"}
{"ts":1753114543522,"action":"IDE_ACTIVATED"}
{"ts":1753114550711,"action":"IDE_DEACTIVATED"}
{"ts":1753114579058,"action":"IDE_ACTIVATED"}
{"ts":1753114643754,"action":"IDE_DEACTIVATED"}
{"ts":1753114680710,"action":"IDE_ACTIVATED"}
{"ts":1753114683464,"action":"IDE_DEACTIVATED"}
{"ts":1753114709307,"action":"IDE_ACTIVATED"}
{"ts":1753114723248,"action":"IDE_DEACTIVATED"}
{"ts":1753114723738,"action":"IDE_ACTIVATED"}
{"ts":1753114724167,"action":"IDE_DEACTIVATED"}
{"ts":1753114725288,"action":"IDE_ACTIVATED"}
{"ts":1753114725488,"action":"IDE_DEACTIVATED"}
{"ts":1753114748056,"action":"IDE_ACTIVATED"}
{"ts":1753114748501,"action":"IDE_DEACTIVATED"}
{"ts":1753114759140,"action":"IDE_ACTIVATED"}
{"ts":1753114762979,"action":"IDE_DEACTIVATED"}
{"ts":1753114886311,"action":"IDE_ACTIVATED"}
{"ts":1753114887884,"action":"IDE_DEACTIVATED"}
{"ts":1753114983649,"action":"IDE_ACTIVATED"}
{"ts":1753115010874,"action":"IDE_DEACTIVATED"}
{"ts":1753115076377,"action":"IDE_ACTIVATED"}
{"ts":1753115176809,"action":"IDE_DEACTIVATED"}
{"ts":1753115184454,"action":"IDE_ACTIVATED"}
{"ts":1753115185301,"action":"IDE_DEACTIVATED"}
{"ts":1753115210003,"action":"IDE_ACTIVATED"}
{"ts":1753115269213,"action":"IDE_DEACTIVATED"}
{"ts":1753115276688,"action":"IDE_ACTIVATED"}
{"ts":1753115277655,"action":"IDE_DEACTIVATED"}
{"ts":1753115280586,"action":"IDE_ACTIVATED"}
{"ts":1753115281037,"action":"IDE_DEACTIVATED"}
{"ts":1753115293336,"action":"IDE_ACTIVATED"}
{"ts":1753115294146,"action":"IDE_DEACTIVATED"}
{"ts":1753115300777,"action":"IDE_ACTIVATED"}
{"ts":1753115303389,"action":"IDE_DEACTIVATED"}
{"ts":1753115337307,"action":"IDE_ACTIVATED"}
{"ts":1753115337626,"action":"IDE_DEACTIVATED"}
{"ts":1753115338101,"action":"IDE_ACTIVATED"}
{"ts":1753115338530,"action":"IDE_DEACTIVATED"}
{"ts":1753115339394,"action":"IDE_ACTIVATED"}
{"ts":1753115339671,"action":"IDE_DEACTIVATED"}
{"ts":1753115340697,"action":"IDE_ACTIVATED"}
{"ts":1753115340976,"action":"IDE_DEACTIVATED"}
{"ts":1753115387080,"action":"IDE_ACTIVATED"}
{"ts":1753115387369,"action":"IDE_DEACTIVATED"}
{"ts":1753115390845,"action":"IDE_ACTIVATED"}
{"ts":1753115407680,"action":"IDE_DEACTIVATED"}
{"ts":1753115430667,"action":"IDE_ACTIVATED"}
{"ts":1753115431369,"action":"IDE_DEACTIVATED"}
{"ts":1753115431815,"action":"IDE_ACTIVATED"}
{"ts":1753115433989,"action":"FILE_CLOSED","file":"/testng_manual_log.csv","tags":{"FILE_LINE_OF_CODE":"null"}}
{"ts":1753115433989,"action":"FILE_OPENED","file":"/analysis_results_cleaned.csv","tags":{"FILE_LINE_OF_CODE":"null"}}
{"ts":1753115434528,"action":"FILE_CLOSED","file":"/analysis_results_cleaned.csv","tags":{"FILE_LINE_OF_CODE":"null"}}
{"ts":1753115434557,"action":"FILE_OPENED","file":"/analysis_summary.txt","tags":{"FILE_LINE_OF_CODE":"81"}}
{"ts":1753115453637,"action":"IDE_DEACTIVATED"}
{"ts":1753115455199,"action":"IDE_ACTIVATED"}
{"ts":1753115471173,"action":"IDE_DEACTIVATED"}
{"ts":1753115472043,"action":"IDE_ACTIVATED"}
{"ts":1753115472375,"action":"IDE_DEACTIVATED"}
{"ts":1753115472901,"action":"IDE_ACTIVATED"}
{"ts":1753115657005,"action":"IDE_DEACTIVATED"}
{"ts":1753115675952,"action":"IDE_ACTIVATED"}
{"ts":1753115676189,"action":"IDE_DEACTIVATED"}
{"ts":1753115684351,"action":"IDE_ACTIVATED"}
{"ts":1753115684541,"action":"IDE_DEACTIVATED"}
{"ts":1753115686263,"action":"IDE_ACTIVATED"}
{"ts":1753115686554,"action":"IDE_DEACTIVATED"}
{"ts":1753115696674,"action":"IDE_ACTIVATED"}
{"ts":1753115696861,"action":"IDE_DEACTIVATED"}
{"ts":1753115723996,"action":"IDE_ACTIVATED"}
{"ts":1753115756605,"action":"IDE_DEACTIVATED"}
{"ts":1753115769369,"action":"IDE_ACTIVATED"}
{"ts":1753115769553,"action":"IDE_DEACTIVATED"}
{"ts":1753115789313,"action":"IDE_ACTIVATED"}
{"ts":1753115808465,"action":"IDE_DEACTIVATED"}
{"ts":1753115889539,"action":"IDE_ACTIVATED"}
{"ts":1753115921295,"action":"IDE_DEACTIVATED"}
{"ts":1753115932400,"action":"IDE_ACTIVATED"}
{"ts":1753116011871,"action":"IDE_DEACTIVATED"}
{"ts":1753116076110,"action":"IDE_ACTIVATED"}
{"ts":1753116095356,"action":"IDE_DEACTIVATED"}
{"ts":1753116143462,"action":"IDE_ACTIVATED"}
{"ts":1753116168949,"action":"IDE_DEACTIVATED"}
{"ts":1753116179993,"action":"IDE_ACTIVATED"}
{"ts":1753116345863,"action":"IDE_DEACTIVATED"}
{"ts":1753116346183,"action":"IDE_ACTIVATED"}
{"ts":1753116359717,"action":"IDE_DEACTIVATED"}
{"ts":1753116391885,"action":"IDE_ACTIVATED"}
{"ts":1753116411913,"action":"IDE_DEACTIVATED"}
{"ts":1753116445098,"action":"IDE_ACTIVATED"}
{"ts":1753116480197,"action":"FILE_CLOSED","file":"/analysis_summary.txt","tags":{"FILE_LINE_OF_CODE":"81"}}
{"ts":1753116480216,"action":"FILE_OPENED","file":"/src/main/java/com/yourcompany/game/FeatureAdoptionAnalyzer.java","tags":{"FILE_LINE_OF_CODE":"105"}}
{"ts":1753116535263,"action":"IDE_DEACTIVATED"}
{"ts":1753116555278,"action":"IDE_ACTIVATED"}
{"ts":1753116631091,"action":"FILE_CLOSED","file":"/src/main/java/com/yourcompany/game/FeatureAdoptionAnalyzer.java","tags":{"FILE_LINE_OF_CODE":"107"}}
{"ts":1753116631091,"action":"FILE_OPENED","file":"/analysis_results_cleaned.csv","tags":{"FILE_LINE_OF_CODE":"null"}}
{"ts":1753116637269,"action":"FILE_CLOSED","file":"/analysis_results_cleaned.csv","tags":{"FILE_LINE_OF_CODE":"null"}}
{"ts":1753116637269,"action":"FILE_OPENED","file":"/analysis_results.csv","tags":{"FILE_LINE_OF_CODE":"null"}}
{"ts":1753116685329,"action":"IDE_DEACTIVATED"}
{"ts":1753116812060,"action":"IDE_ACTIVATED"}
{"ts":1753116818658,"action":"FILE_CLOSED","file":"/analysis_results.csv","tags":{"FILE_LINE_OF_CODE":"null"}}
{"ts":1753116818675,"action":"FILE_OPENED","file":"/src/main/java/com/yourcompany/game/CsvFileCleaner.java","tags":{"FILE_LINE_OF_CODE":"56"}}
{"ts":1753116819967,"action":"FILE_OPENED","file":"/analysis_results.csv","tags":{"FILE_LINE_OF_CODE":"null"}}
{"ts":1753116821438,"action":"FILE_CLOSED","file":"/analysis_results.csv","tags":{"FILE_LINE_OF_CODE":"null"}}
{"ts":1753116821452,"action":"FILE_OPENED","file":"/src/main/java/com/yourcompany/game/CsvCleaner.java","tags":{"FILE_LINE_OF_CODE":"131"}}
{"ts":1753116837214,"action":"FILE_CLOSED","file":"/src/main/java/com/yourcompany/game/CsvCleaner.java","tags":{"FILE_LINE_OF_CODE":"131"}}
{"ts":1753116837214,"action":"FILE_OPENED","file":"/analysis_results.csv","tags":{"FILE_LINE_OF_CODE":"null"}}
{"ts":1753116841506,"action":"FILE_CLOSED","file":"/analysis_results.csv","tags":{"FILE_LINE_OF_CODE":"null"}}
{"ts":1753116841506,"action":"FILE_OPENED","file":"/analysis_results_cleaned.csv","tags":{"FILE_LINE_OF_CODE":"null"}}
{"ts":1753116846483,"action":"IDE_DEACTIVATED"}
{"ts":1753116906821,"action":"IDE_ACTIVATED"}
{"ts":1753117116363,"action":"FILE_CLOSED","file":"/analysis_results_cleaned.csv","tags":{"FILE_LINE_OF_CODE":"null"}}
{"ts":1753117116363,"action":"FILE_OPENED","file":"/analysis_results.csv","tags":{"FILE_LINE_OF_CODE":"null"}}
{"ts":1753117148357,"action":"IDE_DEACTIVATED"}
{"ts":1753117218650,"action":"IDE_ACTIVATED"}
{"ts":1753117220382,"action":"IDE_DEACTIVATED"}
{"ts":1753117423775,"action":"IDE_ACTIVATED"}
{"ts":1753117447103,"action":"FILE_CLOSED","file":"/analysis_results.csv","tags":{"FILE_LINE_OF_CODE":"null"}}
{"ts":1753117447103,"action":"FILE_OPENED","file":"/logging-log4j2_manual_log.csv","tags":{"FILE_LINE_OF_CODE":"null"}}
{"ts":1753117454570,"action":"IDE_DEACTIVATED"}
{"ts":1753117519573,"action":"IDE_ACTIVATED"}
{"ts":1753117535530,"action":"IDE_DEACTIVATED"}
{"ts":1753117536170,"action":"IDE_ACTIVATED"}
{"ts":1753117551618,"action":"IDE_DEACTIVATED"}
{"ts":1753117842404,"action":"IDE_ACTIVATED"}
{"ts":1753117875214,"action":"FILE_CLOSED","file":"/logging-log4j2_manual_log.csv","tags":{"FILE_LINE_OF_CODE":"null"}}
{"ts":1753117875214,"action":"FILE_OPENED","file":"/analysis_results_cleaned.csv","tags":{"FILE_LINE_OF_CODE":"null"}}
{"ts":1753117911261,"action":"IDE_DEACTIVATED"}
{"ts":1753117918695,"action":"IDE_ACTIVATED"}
{"ts":1753117923366,"action":"IDE_DEACTIVATED"}
{"ts":1753117940163,"action":"IDE_ACTIVATED"}
{"ts":1753117963462,"action":"IDE_DEACTIVATED"}
{"ts":1753117964451,"action":"IDE_ACTIVATED"}
{"ts":1753117966721,"action":"IDE_DEACTIVATED"}
{"ts":1753117967253,"action":"IDE_ACTIVATED"}
{"ts":1753117997964,"action":"IDE_DEACTIVATED"}
{"ts":1753118028767,"action":"IDE_ACTIVATED"}
{"ts":1753118029193,"action":"IDE_DEACTIVATED"}
{"ts":1753118060238,"action":"IDE_ACTIVATED"}
{"ts":1753118060991,"action":"IDE_DEACTIVATED"}
{"ts":1753118074417,"action":"IDE_ACTIVATED"}
{"ts":1753118135771,"action":"IDE_DEACTIVATED"}
{"ts":1753118260094,"action":"IDE_ACTIVATED"}
{"ts":1753118318155,"action":"IDE_DEACTIVATED"}
{"ts":1753118415198,"action":"IDE_ACTIVATED"}
{"ts":1753118436270,"action":"FILE_CLOSED","file":"/analysis_results_cleaned.csv","tags":{"FILE_LINE_OF_CODE":"null"}}
{"ts":1753118436270,"action":"FILE_OPENED","file":"/src/main/java/com/yourcompany/game/FeatureAdoptionAnalyzer.java","tags":{"FILE_LINE_OF_CODE":"111"}}
{"ts":1753118446983,"action":"FILE_CLOSED","file":"/src/main/java/com/yourcompany/game/FeatureAdoptionAnalyzer.java","tags":{"FILE_LINE_OF_CODE":"111"}}
{"ts":1753118447000,"action":"FILE_OPENED","file":"/analysis_summary.txt","tags":{"FILE_LINE_OF_CODE":"81"}}
{"ts":1753118447343,"action":"FILE_CLOSED","file":"/analysis_summary.txt","tags":{"FILE_LINE_OF_CODE":"81"}}
{"ts":1753118447343,"action":"FILE_OPENED","file":"/analysis_results_cleaned.csv","tags":{"FILE_LINE_OF_CODE":"null"}}
{"ts":1753118454006,"action":"FILE_CLOSED","file":"/analysis_results_cleaned.csv","tags":{"FILE_LINE_OF_CODE":"null"}}
{"ts":1753118454006,"action":"FILE_OPENED","file":"/spring-framework_checkpoint.properties","tags":{"FILE_LINE_OF_CODE":"5"}}
{"ts":1753118458482,"action":"FILE_CLOSED","file":"/spring-framework_checkpoint.properties","tags":{"FILE_LINE_OF_CODE":"5"}}
{"ts":1753118458482,"action":"FILE_OPENED","file":"/src/main/java/com/yourcompany/game/FeatureAdoptionAnalyzer.java","tags":{"FILE_LINE_OF_CODE":"111"}}
{"ts":1753118475690,"action":"IDE_DEACTIVATED"}
{"ts":1753118690099,"action":"IDE_ACTIVATED"}
{"ts":1753118725745,"action":"IDE_DEACTIVATED"}
{"ts":1753118731928,"action":"IDE_ACTIVATED"}
{"ts":1753118732913,"action":"IDE_DEACTIVATED"}
{"ts":1753118847119,"action":"IDE_ACTIVATED"}
{"ts":1753118937201,"action":"IDE_DEACTIVATED"}
{"ts":1753118938257,"action":"IDE_ACTIVATED"}
{"ts":1753118938845,"action":"IDE_DEACTIVATED"}
{"ts":1753118940583,"action":"IDE_ACTIVATED"}
{"ts":1753118949594,"action":"IDE_DEACTIVATED"}
{"ts":1753118956436,"action":"IDE_ACTIVATED"}
{"ts":1753118964925,"action":"FILE_CLOSED","file":"/src/main/java/com/yourcompany/game/FeatureAdoptionAnalyzer.java","tags":{"FILE_LINE_OF_CODE":"151"}}
{"ts":1753118967228,"action":"FILE_OPENED","file":"/analysis_results.csv","tags":{"FILE_LINE_OF_CODE":"null"}}
{"ts":1753118968512,"action":"FILE_CLOSED","file":"/analysis_results.csv","tags":{"FILE_LINE_OF_CODE":"null"}}
{"ts":1753118968512,"action":"FILE_OPENED","file":"/src/main/java/com/yourcompany/game/FeatureAdoptionAnalyzer.java","tags":{"FILE_LINE_OF_CODE":"151"}}
{"ts":1753119003111,"action":"IDE_DEACTIVATED"}
{"ts":1753119047268,"action":"IDE_ACTIVATED"}
{"ts":1753119151583,"action":"IDE_DEACTIVATED"}
{"ts":1753119170549,"action":"IDE_ACTIVATED"}
{"ts":1753119202062,"action":"IDE_DEACTIVATED"}
{"ts":1753119202999,"action":"IDE_ACTIVATED"}
{"ts":1753119303661,"action":"FILE_CLOSED","file":"/src/main/java/com/yourcompany/game/FeatureAdoptionAnalyzer.java","tags":{"FILE_LINE_OF_CODE":"215"}}
{"ts":1753119303668,"action":"FILE_OPENED","file":"/analysis_results_cleaned.csv","tags":{"FILE_LINE_OF_CODE":"null"}}
{"ts":1753119310102,"action":"IDE_DEACTIVATED"}
{"ts":1753119316401,"action":"IDE_ACTIVATED"}
{"ts":1753119321083,"action":"IDE_DEACTIVATED"}
{"ts":1753119350041,"action":"IDE_ACTIVATED"}
{"ts":1753119370925,"action":"FILE_CLOSED","file":"/analysis_results_cleaned.csv","tags":{"FILE_LINE_OF_CODE":"null"}}
{"ts":1753119370925,"action":"FILE_OPENED","file":"/src/main/java/com/yourcompany/game/FeatureAdoptionAnalyzer.java","tags":{"FILE_LINE_OF_CODE":"259"}}
{"ts":1753119453908,"action":"IDE_DEACTIVATED"}
{"ts":1753119464432,"action":"IDE_ACTIVATED"}
{"ts":1753119477101,"action":"IDE_DEACTIVATED"}
{"ts":1753119484325,"action":"IDE_ACTIVATED"}
{"ts":1753119492601,"action":"IDE_DEACTIVATED"}
{"ts":1753119505471,"action":"IDE_ACTIVATED"}
{"ts":1753119528935,"action":"IDE_DEACTIVATED"}
{"ts":1753119536422,"action":"IDE_ACTIVATED"}
{"ts":1753119539514,"action":"IDE_DEACTIVATED"}
{"ts":1753119543461,"action":"IDE_ACTIVATED"}
{"ts":1753119557575,"action":"FILE_CLOSED","file":"/src/main/java/com/yourcompany/game/FeatureAdoptionAnalyzer.java","tags":{"FILE_LINE_OF_CODE":"259"}}
{"ts":1753119557600,"action":"FILE_OPENED","file":"/feature_adoption_analyzer.py","tags":{"FILE_LINE_OF_CODE":"214"}}
{"ts":1753119561672,"action":"IDE_DEACTIVATED"}
{"ts":1753119562933,"action":"IDE_ACTIVATED"}
{"ts":1753119577898,"action":"IDE_DEACTIVATED"}
{"ts":1753119582662,"action":"IDE_ACTIVATED"}
{"ts":1753119605484,"action":"IDE_DEACTIVATED"}
{"ts":1753119616055,"action":"IDE_ACTIVATED"}
{"ts":1753119624138,"action":"IDE_DEACTIVATED"}
{"ts":1753119625966,"action":"IDE_ACTIVATED"}
{"ts":1753119650263,"action":"IDE_DEACTIVATED"}
{"ts":1753119654103,"action":"IDE_ACTIVATED"}
{"ts":1753119655985,"action":"IDE_DEACTIVATED"}
{"ts":1753119663491,"action":"IDE_ACTIVATED"}
{"ts":1753119664171,"action":"IDE_DEACTIVATED"}
{"ts":1753119672308,"action":"IDE_ACTIVATED"}
{"ts":1753119676308,"action":"IDE_DEACTIVATED"}
{"ts":1753119713125,"action":"IDE_ACTIVATED"}
{"ts":1753119721424,"action":"IDE_DEACTIVATED"}
{"ts":1753119750993,"action":"IDE_ACTIVATED"}
{"ts":1753119780329,"action":"IDE_DEACTIVATED"}
{"ts":1753119795494,"action":"IDE_ACTIVATED"}
{"ts":1753119806265,"action":"IDE_DEACTIVATED"}
{"ts":1753119807049,"action":"IDE_ACTIVATED"}
{"ts":1753119821165,"action":"IDE_DEACTIVATED"}
{"ts":1753119873737,"action":"IDE_ACTIVATED"}
{"ts":1753119874641,"action":"IDE_DEACTIVATED"}
{"ts":1753119879209,"action":"IDE_ACTIVATED"}
{"ts":1753119893798,"action":"IDE_DEACTIVATED"}
{"ts":1753119898653,"action":"IDE_ACTIVATED"}
{"ts":1753119904686,"action":"IDE_DEACTIVATED"}
{"ts":1753119915555,"action":"IDE_ACTIVATED"}
{"ts":1753119922827,"action":"IDE_DEACTIVATED"}
{"ts":1753119925997,"action":"IDE_ACTIVATED"}
{"ts":1753119926805,"action":"IDE_DEACTIVATED"}
{"ts":1753119948046,"action":"IDE_ACTIVATED"}
{"ts":1753119948295,"action":"IDE_DEACTIVATED"}
{"ts":1753119954075,"action":"IDE_ACTIVATED"}
{"ts":1753119954348,"action":"IDE_DEACTIVATED"}
{"ts":1753119960449,"action":"IDE_ACTIVATED"}
{"ts":1753119961063,"action":"IDE_DEACTIVATED"}
{"ts":1753119961412,"action":"IDE_ACTIVATED"}
{"ts":1753119968016,"action":"IDE_DEACTIVATED"}
{"ts":1753119969401,"action":"IDE_ACTIVATED"}
{"ts":1753119969691,"action":"IDE_DEACTIVATED"}
{"ts":1753119969985,"action":"IDE_ACTIVATED"}
{"ts":1753119970495,"action":"IDE_DEACTIVATED"}
{"ts":1753119970836,"action":"IDE_ACTIVATED"}
{"ts":1753119975454,"action":"IDE_DEACTIVATED"}
{"ts":1753119976565,"action":"IDE_ACTIVATED"}
{"ts":1753119983512,"action":"IDE_DEACTIVATED"}
{"ts":1753119989722,"action":"IDE_ACTIVATED"}
{"ts":1753119996335,"action":"IDE_DEACTIVATED"}
{"ts":1753120020196,"action":"IDE_ACTIVATED"}
{"ts":1753120045337,"action":"IDE_DEACTIVATED"}
{"ts":1753120045698,"action":"IDE_ACTIVATED"}
{"ts":1753120052147,"action":"IDE_DEACTIVATED"}
{"ts":1753120058558,"action":"IDE_ACTIVATED"}
{"ts":1753120069727,"action":"IDE_DEACTIVATED"}
{"ts":1753120116377,"action":"IDE_ACTIVATED"}
{"ts":1753120136061,"action":"FILE_CLOSED","file":"/feature_adoption_analyzer.py","tags":{"FILE_LINE_OF_CODE":"214"}}
{"ts":1753120136071,"action":"FILE_OPENED","file":"/analysis_results_cleaned.csv","tags":{"FILE_LINE_OF_CODE":"null"}}
{"ts":1753120142148,"action":"IDE_DEACTIVATED"}
{"ts":1753120186806,"action":"IDE_ACTIVATED"}
{"ts":1753120187219,"action":"IDE_DEACTIVATED"}
{"ts":1753120187564,"action":"IDE_ACTIVATED"}
{"ts":1753120210835,"action":"IDE_DEACTIVATED"}
{"ts":1753120250014,"action":"IDE_ACTIVATED"}
{"ts":1753120272195,"action":"IDE_DEACTIVATED"}
{"ts":1753120314265,"action":"IDE_ACTIVATED"}
{"ts":1753120333717,"action":"IDE_DEACTIVATED"}
{"ts":1753120438338,"action":"IDE_ACTIVATED"}
{"ts":1753120455658,"action":"FILE_CLOSED","file":"/analysis_results_cleaned.csv","tags":{"FILE_LINE_OF_CODE":"null"}}
{"ts":1753120455675,"action":"FILE_OPENED","file":"/clean_csv.py","tags":{"FILE_LINE_OF_CODE":"31"}}
{"ts":1753120480763,"action":"IDE_DEACTIVATED"}
{"ts":1753120525475,"action":"IDE_ACTIVATED"}
{"ts":1753120538630,"action":"IDE_DEACTIVATED"}
{"ts":1753120550077,"action":"IDE_ACTIVATED"}
{"ts":1753120551721,"action":"IDE_DEACTIVATED"}
{"ts":1753120552648,"action":"IDE_ACTIVATED"}
{"ts":1753120555007,"action":"IDE_DEACTIVATED"}
{"ts":1753120555098,"action":"IDE_ACTIVATED"}
{"ts":1753120555999,"action":"IDE_DEACTIVATED"}
{"ts":1753120568507,"action":"IDE_ACTIVATED"}
{"ts":1753120575771,"action":"IDE_DEACTIVATED"}
{"ts":1753120687812,"action":"IDE_ACTIVATED"}
{"ts":1753120727737,"action":"IDE_DEACTIVATED"}
{"ts":1753120795361,"action":"IDE_ACTIVATED"}
{"ts":1753120807363,"action":"IDE_DEACTIVATED"}
{"ts":1753120821030,"action":"IDE_ACTIVATED"}
{"ts":1753120828424,"action":"IDE_DEACTIVATED"}
{"ts":1753120829048,"action":"IDE_ACTIVATED"}
{"ts":1753120831723,"action":"FILE_CLOSED","file":"/clean_csv.py","tags":{"FILE_LINE_OF_CODE":"31"}}
{"ts":1753120831727,"action":"FILE_OPENED","file":"/analysis_results_cleaned.csv","tags":{"FILE_LINE_OF_CODE":"null"}}
{"ts":1753120835619,"action":"FILE_CLOSED","file":"/analysis_results_cleaned.csv","tags":{"FILE_LINE_OF_CODE":"null"}}
{"ts":1753120835619,"action":"FILE_OPENED","file":"/analysis_results.csv","tags":{"FILE_LINE_OF_CODE":"null"}}
{"ts":1753120844984,"action":"IDE_DEACTIVATED"}
{"ts":1753121048500,"action":"IDE_ACTIVATED"}
{"ts":1753121075719,"action":"FILE_CLOSED","file":"/analysis_results.csv","tags":{"FILE_LINE_OF_CODE":"null"}}
{"ts":1753121075731,"action":"FILE_OPENED","file":"/analysis_summary.txt","tags":{"FILE_LINE_OF_CODE":"81"}}
{"ts":1753121076040,"action":"FILE_CLOSED","file":"/analysis_summary.txt","tags":{"FILE_LINE_OF_CODE":"81"}}
{"ts":1753121076043,"action":"FILE_OPENED","file":"/analysis_results_cleaned.csv","tags":{"FILE_LINE_OF_CODE":"null"}}
{"ts":1753121098096,"action":"IDE_DEACTIVATED"}
{"ts":1753121104159,"action":"IDE_ACTIVATED"}
{"ts":1753121111643,"action":"IDE_DEACTIVATED"}
{"ts":1753121115173,"action":"IDE_ACTIVATED"}
{"ts":1753121116034,"action":"IDE_DEACTIVATED"}
{"ts":1753121231388,"action":"IDE_ACTIVATED"}
{"ts":1753121235533,"action":"IDE_DEACTIVATED"}
{"ts":1753121243251,"action":"IDE_ACTIVATED"}
{"ts":1753121253838,"action":"IDE_DEACTIVATED"}
{"ts":1753121255101,"action":"IDE_ACTIVATED"}
{"ts":1753121258280,"action":"IDE_DEACTIVATED"}
{"ts":1753121259109,"action":"IDE_ACTIVATED"}
{"ts":1753121271001,"action":"IDE_DEACTIVATED"}
{"ts":1753121272052,"action":"IDE_ACTIVATED"}
{"ts":1753121273702,"action":"IDE_DEACTIVATED"}
{"ts":1753121275375,"action":"IDE_ACTIVATED"}
{"ts":1753121290890,"action":"IDE_DEACTIVATED"}
{"ts":1753121291565,"action":"IDE_ACTIVATED"}
{"ts":1753121291717,"action":"IDE_DEACTIVATED"}
{"ts":1753121406949,"action":"IDE_ACTIVATED"}
{"ts":1753121407290,"action":"IDE_DEACTIVATED"}
{"ts":1753121407585,"action":"IDE_ACTIVATED"}
{"ts":1753121422906,"action":"IDE_DEACTIVATED"}
{"ts":1753121428144,"action":"IDE_ACTIVATED"}
{"ts":1753121438032,"action":"IDE_DEACTIVATED"}
{"ts":1753121445053,"action":"IDE_ACTIVATED"}
{"ts":1753121445271,"action":"IDE_DEACTIVATED"}
{"ts":1753121478201,"action":"IDE_ACTIVATED"}
{"ts":1753121480421,"action":"IDE_DEACTIVATED"}
{"ts":1753121493311,"action":"IDE_ACTIVATED"}
{"ts":1753121496130,"action":"FILE_CLOSED","file":"/analysis_results_cleaned.csv","tags":{"FILE_LINE_OF_CODE":"null"}}
{"ts":1753121504389,"action":"FILE_OPENED","file":"/easymock_checkpoint.properties","tags":{"FILE_LINE_OF_CODE":"5"}}
{"ts":1753121509702,"action":"FILE_CLOSED","file":"/easymock_checkpoint.properties","tags":{"FILE_LINE_OF_CODE":"5"}}
{"ts":1753121532301,"action":"IDE_DEACTIVATED"}
{"ts":1753121534814,"action":"IDE_ACTIVATED"}
{"ts":1753121567584,"action":"IDE_DEACTIVATED"}
{"ts":1753121793541,"action":"IDE_ACTIVATED"}
{"ts":1753121811812,"action":"IDE_DEACTIVATED"}
{"ts":1753121906044,"action":"IDE_ACTIVATED"}
{"ts":1753121910879,"action":"IDE_DEACTIVATED"}
{"ts":1753121913834,"action":"IDE_ACTIVATED"}
{"ts":1753121914090,"action":"IDE_DEACTIVATED"}
{"ts":1753121915705,"action":"IDE_ACTIVATED"}
{"ts":1753121917207,"action":"FILE_OPENED","file":"/src/main/java/com/yourcompany/game/FeatureAdoptionAnalyzer.java","tags":{"FILE_LINE_OF_CODE":"259"}}
{"ts":1753121918546,"action":"FILE_CLOSED","file":"/src/main/java/com/yourcompany/game/FeatureAdoptionAnalyzer.java","tags":{"FILE_LINE_OF_CODE":"259"}}
{"ts":1753121934133,"action":"IDE_DEACTIVATED"}
{"ts":1753121940572,"action":"IDE_ACTIVATED"}
{"ts":1753121957858,"action":"IDE_DEACTIVATED"}
{"ts":1753121958801,"action":"IDE_ACTIVATED"}
{"ts":1753121979309,"action":"IDE_DEACTIVATED"}
{"ts":1753121987620,"action":"IDE_ACTIVATED"}
{"ts":1753121988655,"action":"IDE_DEACTIVATED"}
{"ts":1753121991133,"action":"IDE_ACTIVATED"}
{"ts":1753122003741,"action":"IDE_DEACTIVATED"}
{"ts":1753122003821,"action":"IDE_ACTIVATED"}
{"ts":1753122027903,"action":"IDE_DEACTIVATED"}
{"ts":1753122028667,"action":"IDE_ACTIVATED"}
{"ts":1753122050351,"action":"FILE_OPENED","file":"/src/main/java/com/yourcompany/game/FeatureAdoptionAnalyzer.java","tags":{"FILE_LINE_OF_CODE":"259"}}
{"ts":1753122054583,"action":"IDE_DEACTIVATED"}
{"ts":1753122060588,"action":"IDE_ACTIVATED"}
{"ts":1753122117997,"action":"IDE_DEACTIVATED"}
{"ts":1753122133911,"action":"IDE_ACTIVATED"}
{"ts":1753122141289,"action":"IDE_DEACTIVATED"}
{"ts":1753122211419,"action":"IDE_ACTIVATED"}
{"ts":1753122212059,"action":"IDE_DEACTIVATED"}
{"ts":1753122257486,"action":"IDE_ACTIVATED"}
{"ts":1753122309854,"action":"IDE_DEACTIVATED"}
{"ts":1753122321794,"action":"IDE_ACTIVATED"}
{"ts":1753122324630,"action":"IDE_DEACTIVATED"}
{"ts":1753122334785,"action":"IDE_ACTIVATED"}
{"ts":1753122335182,"action":"IDE_DEACTIVATED"}
{"ts":1753122335559,"action":"IDE_ACTIVATED"}
{"ts":1753122335781,"action":"IDE_DEACTIVATED"}
{"ts":1753122339254,"action":"IDE_ACTIVATED"}
{"ts":1753122356065,"action":"IDE_DEACTIVATED"}
{"ts":1753122376539,"action":"IDE_ACTIVATED"}
{"ts":1753122380208,"action":"IDE_DEACTIVATED"}
{"ts":1753122390822,"action":"IDE_ACTIVATED"}
{"ts":1753122401501,"action":"IDE_DEACTIVATED"}
{"ts":1753122401646,"action":"IDE_ACTIVATED"}
{"ts":1753122405917,"action":"FILE_CLOSED","file":"/src/main/java/com/yourcompany/game/FeatureAdoptionAnalyzer.java","tags":{"FILE_LINE_OF_CODE":"259"}}
{"ts":1753122432606,"action":"IDE_DEACTIVATED"}
{"ts":1753122451351,"action":"IDE_ACTIVATED"}
{"ts":1753122485875,"action":"IDE_DEACTIVATED"}
{"ts":1753122486574,"action":"IDE_ACTIVATED"}
{"ts":1753122489434,"action":"IDE_DEACTIVATED"}
{"ts":1753122496952,"action":"IDE_ACTIVATED"}
{"ts":1753122502483,"action":"IDE_DEACTIVATED"}
{"ts":1753122502685,"action":"IDE_ACTIVATED"}
{"ts":1753122515085,"action":"IDE_DEACTIVATED"}
{"ts":1753122536603,"action":"IDE_ACTIVATED"}
{"ts":1753122538212,"action":"IDE_DEACTIVATED"}
{"ts":1753122671293,"action":"IDE_ACTIVATED"}
{"ts":1753122701451,"action":"FILE_OPENED","file":"/feature_adoption_analyzer.py","tags":{"FILE_LINE_OF_CODE":"248"}}
{"ts":1753122718202,"action":"IDE_DEACTIVATED"}
{"ts":1753123274392,"action":"IDE_ACTIVATED"}
{"ts":1753123281147,"action":"FILE_CLOSED","file":"/feature_adoption_analyzer.py","tags":{"FILE_LINE_OF_CODE":"248"}}
{"ts":1753123281157,"action":"FILE_OPENED","file":"/maven-plugin-tools_manual_log.csv","tags":{"FILE_LINE_OF_CODE":"null"}}
{"ts":1753123281971,"action":"FILE_CLOSED","file":"/maven-plugin-tools_manual_log.csv","tags":{"FILE_LINE_OF_CODE":"null"}}
{"ts":1753123281975,"action":"FILE_OPENED","file":"/lombok_manual_log.csv","tags":{"FILE_LINE_OF_CODE":"null"}}
{"ts":1753123286203,"action":"IDE_DEACTIVATED"}
{"ts":1753123288258,"action":"IDE_ACTIVATED"}
{"ts":1753123289686,"action":"IDE_DEACTIVATED"}
{"ts":1753130083783,"action":"IDE_ACTIVATED"}
{"ts":1753130091665,"action":"IDE_DEACTIVATED"}
{"ts":1753131534123,"action":"IDE_ACTIVATED"}
{"ts":1753131535380,"action":"IDE_DEACTIVATED"}
{"ts":1753133412270,"action":"IDE_ACTIVATED"}
{"ts":1753133413485,"action":"IDE_DEACTIVATED"}
{"ts":1753133414074,"action":"IDE_ACTIVATED"}
{"ts":1753133414864,"action":"IDE_DEACTIVATED"}
{"ts":1753161730828,"action":"IDE_ACTIVATED"}
{"ts":1753161731723,"action":"IDE_DEACTIVATED"}
{"ts":1753195543422,"action":"IDE_ACTIVATED"}
{"ts":1753195551895,"action":"IDE_DEACTIVATED"}
{"ts":1753195593757,"action":"IDE_ACTIVATED"}
{"ts":1753195594271,"action":"IDE_DEACTIVATED"}
{"ts":1753195595387,"action":"IDE_ACTIVATED"}
{"ts":1753195595594,"action":"IDE_DEACTIVATED"}
{"ts":1753195779535,"action":"IDE_ACTIVATED"}
{"ts":1753195780019,"action":"IDE_DEACTIVATED"}
{"ts":1753195824787,"action":"IDE_ACTIVATED"}
{"ts":1753195825250,"action":"IDE_DEACTIVATED"}
{"ts":1753195852169,"action":"IDE_ACTIVATED"}
{"ts":1753195852648,"action":"IDE_DEACTIVATED"}
{"ts":1753201235266,"action":"IDE_ACTIVATED"}
{"ts":1753201241050,"action":"IDE_DEACTIVATED"}
{"ts":1753201241703,"action":"IDE_ACTIVATED"}
{"ts":1753201251316,"action":"IDE_DEACTIVATED"}
{"ts":1753201450777,"action":"IDE_ACTIVATED"}
{"ts":1753201450843,"action":"FILE_CLOSED","file":"/lombok_manual_log.csv","tags":{"FILE_LINE_OF_CODE":"null"}}
{"ts":1753201478865,"action":"IDE_DEACTIVATED"}
{"ts":1753201482431,"action":"IDE_ACTIVATED"}
{"ts":1753201483279,"action":"IDE_DEACTIVATED"}
{"ts":1753201499565,"action":"IDE_ACTIVATED"}
{"ts":1753201500124,"action":"IDE_DEACTIVATED"}
{"ts":1753208763862,"action":"IDE_ACTIVATED"}
{"ts":1753208767967,"action":"IDE_DEACTIVATED"}
{"ts":1753208768073,"action":"IDE_ACTIVATED"}
{"ts":1753208776644,"action":"IDE_DEACTIVATED"}
{"ts":1753208777339,"action":"IDE_ACTIVATED"}
{"ts":1753208778703,"action":"IDE_DEACTIVATED"}
{"ts":1753208780908,"action":"IDE_ACTIVATED"}
{"ts":1753208782178,"action":"IDE_DEACTIVATED"}
{"ts":1753208975548,"action":"IDE_ACTIVATED"}
{"ts":1753208977348,"action":"IDE_DEACTIVATED"}
{"ts":1753209042643,"action":"IDE_ACTIVATED"}
{"ts":1753209044251,"action":"IDE_DEACTIVATED"}
{"ts":1753209049219,"action":"IDE_ACTIVATED"}
{"ts":1753209049473,"action":"IDE_DEACTIVATED"}
{"ts":1753209052887,"action":"IDE_ACTIVATED"}
{"ts":1753209265302,"action":"FILE_OPENED","file":"/analysis_results_cleaned.csv","tags":{"FILE_LINE_OF_CODE":"null"}}
{"ts":1753209471155,"action":"FILE_CLOSED","file":"/analysis_results_cleaned.csv","tags":{"FILE_LINE_OF_CODE":"null"}}
{"ts":1753209471177,"action":"FILE_OPENED","file":"/commons-codec_checkpoint.properties","tags":{"FILE_LINE_OF_CODE":"5"}}
{"ts":1753209471885,"action":"FILE_CLOSED","file":"/commons-codec_checkpoint.properties","tags":{"FILE_LINE_OF_CODE":"5"}}
{"ts":1753209471899,"action":"FILE_OPENED","file":"/commons-codec_manual_log.csv","tags":{"FILE_LINE_OF_CODE":"null"}}
{"ts":1753209473450,"action":"FILE_CLOSED","file":"/commons-codec_manual_log.csv","tags":{"FILE_LINE_OF_CODE":"null"}}
{"ts":1753209473453,"action":"FILE_OPENED","file":"/commons-cli_manual_log.csv","tags":{"FILE_LINE_OF_CODE":"null"}}
{"ts":1753209476151,"action":"FILE_CLOSED","file":"/commons-cli_manual_log.csv","tags":{"FILE_LINE_OF_CODE":"null"}}
{"ts":1753209476154,"action":"FILE_OPENED","file":"/commons-io_manual_log.csv","tags":{"FILE_LINE_OF_CODE":"null"}}
{"ts":1753209476829,"action":"FILE_CLOSED","file":"/commons-io_manual_log.csv","tags":{"FILE_LINE_OF_CODE":"null"}}
{"ts":1753209476833,"action":"FILE_OPENED","file":"/commons-collections_manual_log.csv","tags":{"FILE_LINE_OF_CODE":"null"}}
{"ts":1753209477422,"action":"FILE_CLOSED","file":"/commons-collections_manual_log.csv","tags":{"FILE_LINE_OF_CODE":"null"}}
{"ts":1753209477448,"action":"FILE_OPENED","file":"/commons-collections_checkpoint.properties","tags":{"FILE_LINE_OF_CODE":"5"}}
{"ts":1753209489090,"action":"FILE_CLOSED","file":"/commons-collections_checkpoint.properties","tags":{"FILE_LINE_OF_CODE":"5"}}
{"ts":1753209489095,"action":"FILE_OPENED","file":"/spring-framework_manual_log.csv","tags":{"FILE_LINE_OF_CODE":"null"}}
{"ts":1753209489874,"action":"FILE_CLOSED","file":"/spring-framework_manual_log.csv","tags":{"FILE_LINE_OF_CODE":"null"}}
{"ts":1753209489874,"action":"FILE_OPENED","file":"/spring-framework_checkpoint.properties","tags":{"FILE_LINE_OF_CODE":"5"}}
{"ts":1753209490315,"action":"FILE_CLOSED","file":"/spring-framework_checkpoint.properties","tags":{"FILE_LINE_OF_CODE":"5"}}
{"ts":1753209490315,"action":"FILE_OPENED","file":"/spring-framework_manual_log.csv","tags":{"FILE_LINE_OF_CODE":"null"}}
{"ts":1753209637177,"action":"IDE_DEACTIVATED"}
{"ts":1753209638447,"action":"IDE_ACTIVATED"}
{"ts":1753209904410,"action":"FILE_CLOSED","file":"/spring-framework_manual_log.csv","tags":{"FILE_LINE_OF_CODE":"null"}}
{"ts":1753210160828,"action":"FILE_OPENED","file":"/spring-framework_manual_log.csv","tags":{"FILE_LINE_OF_CODE":"null"}}
{"ts":1753210163663,"action":"FILE_CLOSED","file":"/spring-framework_manual_log.csv","tags":{"FILE_LINE_OF_CODE":"null"}}
{"ts":1753210163673,"action":"FILE_OPENED","file":"/testng_manual_log.csv","tags":{"FILE_LINE_OF_CODE":"null"}}
{"ts":1753210164597,"action":"FILE_CLOSED","file":"/testng_manual_log.csv","tags":{"FILE_LINE_OF_CODE":"null"}}
{"ts":1753210166586,"action":"FILE_OPENED","file":"/spring-framework_manual_log.csv","tags":{"FILE_LINE_OF_CODE":"null"}}
{"ts":1753210168730,"action":"FILE_CLOSED","file":"/spring-framework_manual_log.csv","tags":{"FILE_LINE_OF_CODE":"null"}}
{"ts":1753210173792,"action":"FILE_OPENED","file":"/spring-framework_manual_log.csv","tags":{"FILE_LINE_OF_CODE":"null"}}
{"ts":1753210178485,"action":"FILE_CLOSED","file":"/spring-framework_manual_log.csv","tags":{"FILE_LINE_OF_CODE":"null"}}
{"ts":1753210178504,"action":"FILE_OPENED","file":"/easymock_checkpoint.properties","tags":{"FILE_LINE_OF_CODE":"5"}}
{"ts":1753210178995,"action":"FILE_CLOSED","file":"/easymock_checkpoint.properties","tags":{"FILE_LINE_OF_CODE":"5"}}
{"ts":1753210226245,"action":"FILE_OPENED","file":"/analysis_results_cleaned.csv","tags":{"FILE_LINE_OF_CODE":"null"}}
{"ts":1753210234709,"action":"FILE_CLOSED","file":"/analysis_results_cleaned.csv","tags":{"FILE_LINE_OF_CODE":"null"}}
{"ts":1753210234712,"action":"FILE_OPENED","file":"/commons-codec_manual_log.csv","tags":{"FILE_LINE_OF_CODE":"null"}}
{"ts":1753210236316,"action":"FILE_CLOSED","file":"/commons-codec_manual_log.csv","tags":{"FILE_LINE_OF_CODE":"null"}}
{"ts":1753210236335,"action":"FILE_OPENED","file":"/commons-codec_checkpoint.properties","tags":{"FILE_LINE_OF_CODE":"5"}}
{"ts":1753210237708,"action":"FILE_CLOSED","file":"/commons-codec_checkpoint.properties","tags":{"FILE_LINE_OF_CODE":"5"}}
{"ts":1753210237710,"action":"FILE_OPENED","file":"/commons-collections_manual_log.csv","tags":{"FILE_LINE_OF_CODE":"null"}}
{"ts":1753210239691,"action":"FILE_CLOSED","file":"/commons-collections_manual_log.csv","tags":{"FILE_LINE_OF_CODE":"null"}}
{"ts":1753210239694,"action":"FILE_OPENED","file":"/commons-cli_manual_log.csv","tags":{"FILE_LINE_OF_CODE":"null"}}
{"ts":1753210244481,"action":"FILE_CLOSED","file":"/commons-cli_manual_log.csv","tags":{"FILE_LINE_OF_CODE":"null"}}
{"ts":1753210244481,"action":"FILE_OPENED","file":"/spring-framework_checkpoint.properties","tags":{"FILE_LINE_OF_CODE":"5"}}
{"ts":1753210244933,"action":"FILE_CLOSED","file":"/spring-framework_checkpoint.properties","tags":{"FILE_LINE_OF_CODE":"5"}}
{"ts":1753210244933,"action":"FILE_OPENED","file":"/spring-framework_manual_log.csv","tags":{"FILE_LINE_OF_CODE":"null"}}
{"ts":1753210533191,"action":"IDE_DEACTIVATED"}
{"ts":1753210533385,"action":"IDE_ACTIVATED"}
{"ts":1753210587908,"action":"IDE_DEACTIVATED"}
{"ts":1753210591595,"action":"IDE_ACTIVATED"}
{"ts":1753210693314,"action":"IDE_DEACTIVATED"}
{"ts":1753210705926,"action":"IDE_ACTIVATED"}
{"ts":1753210705967,"action":"IDE_DEACTIVATED"}
{"ts":1753213393311,"action":"IDE_ACTIVATED"}
{"ts":1753213393740,"action":"IDE_DEACTIVATED"}
{"ts":1753213538314,"action":"IDE_ACTIVATED"}
{"ts":1753213538887,"action":"IDE_DEACTIVATED"}
{"ts":1753213662990,"action":"IDE_ACTIVATED"}
{"ts":1753213663595,"action":"IDE_DEACTIVATED"}
{"ts":1753213671358,"action":"IDE_ACTIVATED"}
{"ts":1753213680313,"action":"IDE_DEACTIVATED"}
{"ts":1753281501192,"action":"IDE_ACTIVATED"}
{"ts":1753281508098,"action":"IDE_DEACTIVATED"}
{"ts":1753281736824,"action":"IDE_ACTIVATED"}
{"ts":1753281736980,"action":"IDE_DEACTIVATED"}
{"ts":1753282684593,"action":"IDE_ACTIVATED"}
{"ts":1753282697311,"action":"IDE_DEACTIVATED"}
{"ts":1753282702527,"action":"IDE_ACTIVATED"}
{"ts":1753282702953,"action":"IDE_DEACTIVATED"}
{"ts":1753282713844,"action":"IDE_ACTIVATED"}
{"ts":1753282714502,"action":"IDE_DEACTIVATED"}
{"ts":1753282894364,"action":"IDE_ACTIVATED"}
{"ts":1753282896105,"action":"IDE_DEACTIVATED"}
{"ts":1753282901904,"action":"IDE_ACTIVATED"}
{"ts":1753282902905,"action":"IDE_DEACTIVATED"}
{"ts":1753283005697,"action":"IDE_ACTIVATED"}
{"ts":1753283006042,"action":"IDE_DEACTIVATED"}
{"ts":1753283419964,"action":"IDE_ACTIVATED"}
{"ts":1753283479496,"action":"FILE_CLOSED","file":"/spring-framework_manual_log.csv","tags":{"FILE_LINE_OF_CODE":"null"}}
{"ts":1753283479514,"action":"FILE_OPENED","file":"/clean_csv.py","tags":{"FILE_LINE_OF_CODE":"31"}}
{"ts":1753283507322,"action":"IDE_DEACTIVATED"}
{"ts":1753283583223,"action":"IDE_ACTIVATED"}
{"ts":1753283601465,"action":"IDE_DEACTIVATED"}
{"ts":1753283603725,"action":"IDE_ACTIVATED"}
{"ts":1753283607640,"action":"IDE_DEACTIVATED"}
{"ts":1753283608332,"action":"IDE_ACTIVATED"}
{"ts":1753283609081,"action":"IDE_DEACTIVATED"}
{"ts":1753283611127,"action":"IDE_ACTIVATED"}
{"ts":1753283612274,"action":"IDE_DEACTIVATED"}
{"ts":1753283613837,"action":"IDE_ACTIVATED"}
{"ts":1753283625002,"action":"IDE_DEACTIVATED"}
{"ts":1753283625889,"action":"IDE_ACTIVATED"}
{"ts":1753283629889,"action":"IDE_DEACTIVATED"}
{"ts":1753283630481,"action":"IDE_ACTIVATED"}
{"ts":1753283634767,"action":"IDE_DEACTIVATED"}
{"ts":1753283635695,"action":"IDE_ACTIVATED"}
{"ts":1753283656631,"action":"IDE_DEACTIVATED"}
{"ts":1753283657180,"action":"IDE_ACTIVATED"}
{"ts":1753283686482,"action":"IDE_DEACTIVATED"}
{"ts":1753283815712,"action":"IDE_ACTIVATED"}
{"ts":1753283836823,"action":"IDE_DEACTIVATED"}
{"ts":1753283839309,"action":"IDE_ACTIVATED"}
{"ts":1753283874752,"action":"IDE_DEACTIVATED"}
{"ts":1753283875580,"action":"IDE_ACTIVATED"}
{"ts":1753283878591,"action":"IDE_DEACTIVATED"}
{"ts":1753283879754,"action":"IDE_ACTIVATED"}
{"ts":1753283897414,"action":"IDE_DEACTIVATED"}
{"ts":1753284025920,"action":"IDE_ACTIVATED"}
{"ts":1753284031382,"action":"IDE_DEACTIVATED"}
{"ts":1753284057386,"action":"IDE_ACTIVATED"}
{"ts":1753284058753,"action":"IDE_DEACTIVATED"}
{"ts":1753284115918,"action":"IDE_ACTIVATED"}
{"ts":1753284171842,"action":"IDE_DEACTIVATED"}
{"ts":1753284175986,"action":"IDE_ACTIVATED"}
{"ts":1753284176772,"action":"IDE_DEACTIVATED"}
{"ts":1753284214356,"action":"IDE_ACTIVATED"}
{"ts":1753284214650,"action":"IDE_DEACTIVATED"}
{"ts":1753284214947,"action":"IDE_ACTIVATED"}
{"ts":1753284237672,"action":"IDE_DEACTIVATED"}
{"ts":1753284239066,"action":"IDE_ACTIVATED"}
{"ts":1753284239318,"action":"IDE_DEACTIVATED"}
{"ts":1753284266396,"action":"IDE_ACTIVATED"}
{"ts":1753284274105,"action":"IDE_DEACTIVATED"}
{"ts":1753284274775,"action":"IDE_ACTIVATED"}
{"ts":1753284275063,"action":"IDE_DEACTIVATED"}
{"ts":1753284276247,"action":"IDE_ACTIVATED"}
{"ts":1753284277605,"action":"IDE_DEACTIVATED"}
{"ts":1753284302711,"action":"IDE_ACTIVATED"}
{"ts":1753284303580,"action":"IDE_DEACTIVATED"}
{"ts":1753284304878,"action":"IDE_ACTIVATED"}
{"ts":1753284305206,"action":"IDE_DEACTIVATED"}
{"ts":1753284306776,"action":"IDE_ACTIVATED"}
{"ts":1753284306973,"action":"IDE_DEACTIVATED"}
{"ts":1753284312165,"action":"IDE_ACTIVATED"}
{"ts":1753284313089,"action":"IDE_DEACTIVATED"}
{"ts":1753284332105,"action":"IDE_ACTIVATED"}
{"ts":1753284362220,"action":"IDE_DEACTIVATED"}
{"ts":1753284405926,"action":"IDE_ACTIVATED"}
{"ts":1753284417569,"action":"FILE_CLOSED","file":"/clean_csv.py","tags":{"FILE_LINE_OF_CODE":"31"}}
{"ts":1753284417569,"action":"FILE_OPENED","file":"/src/main/java/com/yourcompany/game/CheckpointManager.java","tags":{"FILE_LINE_OF_CODE":"51"}}
{"ts":1753284423712,"action":"IDE_DEACTIVATED"}
{"ts":1753284426964,"action":"IDE_ACTIVATED"}
{"ts":1753284437252,"action":"IDE_DEACTIVATED"}
{"ts":1753284448295,"action":"IDE_ACTIVATED"}
{"ts":1753284459654,"action":"IDE_DEACTIVATED"}
{"ts":1753284466906,"action":"IDE_ACTIVATED"}
{"ts":1753284469057,"action":"IDE_DEACTIVATED"}
{"ts":1753284471571,"action":"IDE_ACTIVATED"}
{"ts":1753284472377,"action":"IDE_DEACTIVATED"}
{"ts":1753284473292,"action":"IDE_ACTIVATED"}
{"ts":1753284473512,"action":"IDE_DEACTIVATED"}
{"ts":1753284478692,"action":"IDE_ACTIVATED"}
{"ts":1753284510602,"action":"FILE_CLOSED","file":"/src/main/java/com/yourcompany/game/CheckpointManager.java","tags":{"FILE_LINE_OF_CODE":"51"}}
{"ts":1753284510633,"action":"FILE_OPENED","file":"/generate_trend_charts.py","tags":{"FILE_LINE_OF_CODE":"151"}}
{"ts":1753284530856,"action":"IDE_DEACTIVATED"}
{"ts":1753284609675,"action":"IDE_ACTIVATED"}
{"ts":1753284622025,"action":"IDE_DEACTIVATED"}
{"ts":1753284626110,"action":"IDE_ACTIVATED"}
{"ts":1753284626311,"action":"IDE_DEACTIVATED"}
{"ts":1753284647404,"action":"IDE_ACTIVATED"}
{"ts":1753284668586,"action":"FILE_CLOSED","file":"/generate_trend_charts.py","tags":{"FILE_LINE_OF_CODE":"151"}}
{"ts":1753284668590,"action":"FILE_OPENED","file":"/commons-codec_manual_log.csv","tags":{"FILE_LINE_OF_CODE":"null"}}
{"ts":1753284671253,"action":"FILE_CLOSED","file":"/commons-codec_manual_log.csv","tags":{"FILE_LINE_OF_CODE":"null"}}
{"ts":1753284671265,"action":"FILE_OPENED","file":"/mockito_checkpoint.properties","tags":{"FILE_LINE_OF_CODE":"5"}}
{"ts":1753284672662,"action":"FILE_CLOSED","file":"/mockito_checkpoint.properties","tags":{"FILE_LINE_OF_CODE":"5"}}
{"ts":1753284672665,"action":"FILE_OPENED","file":"/maven-plugin-tools_manual_log.csv","tags":{"FILE_LINE_OF_CODE":"null"}}
{"ts":1753284673989,"action":"FILE_CLOSED","file":"/maven-plugin-tools_manual_log.csv","tags":{"FILE_LINE_OF_CODE":"null"}}
{"ts":1753284673991,"action":"FILE_OPENED","file":"/mockito_manual_log.csv","tags":{"FILE_LINE_OF_CODE":"null"}}
{"ts":1753284701048,"action":"IDE_DEACTIVATED"}
{"ts":1753284710905,"action":"IDE_ACTIVATED"}
{"ts":1753284721259,"action":"FILE_CLOSED","file":"/mockito_manual_log.csv","tags":{"FILE_LINE_OF_CODE":"null"}}
{"ts":1753284721259,"action":"FILE_OPENED","file":"/generate_trend_charts.py","tags":{"FILE_LINE_OF_CODE":"151"}}
{"ts":1753284747718,"action":"IDE_DEACTIVATED"}
{"ts":1753284780886,"action":"IDE_ACTIVATED"}
{"ts":1753284796470,"action":"IDE_DEACTIVATED"}
{"ts":1753284819685,"action":"IDE_ACTIVATED"}
{"ts":1753284820816,"action":"IDE_DEACTIVATED"}
{"ts":1753284859678,"action":"IDE_ACTIVATED"}
{"ts":1753284865158,"action":"FILE_CLOSED","file":"/generate_trend_charts.py","tags":{"FILE_LINE_OF_CODE":"153"}}
{"ts":1753284920012,"action":"IDE_DEACTIVATED"}
{"ts":1753285018983,"action":"IDE_ACTIVATED"}
{"ts":1753285054839,"action":"IDE_DEACTIVATED"}
{"ts":1753285149749,"action":"IDE_ACTIVATED"}
{"ts":1753285190695,"action":"IDE_DEACTIVATED"}
{"ts":1753285204875,"action":"IDE_ACTIVATED"}
{"ts":1753285205032,"action":"IDE_DEACTIVATED"}
{"ts":1753285482441,"action":"IDE_ACTIVATED"}
{"ts":1753285496044,"action":"IDE_DEACTIVATED"}
{"ts":1753285620572,"action":"IDE_ACTIVATED"}
{"ts":1753285657411,"action":"IDE_DEACTIVATED"}
{"ts":1753285814082,"action":"IDE_ACTIVATED"}
{"ts":1753285823231,"action":"IDE_DEACTIVATED"}
{"ts":1753285823745,"action":"IDE_ACTIVATED"}
{"ts":1753285823924,"action":"IDE_DEACTIVATED"}
{"ts":1753285899537,"action":"IDE_ACTIVATED"}
{"ts":1753285916623,"action":"IDE_DEACTIVATED"}
{"ts":1753285959235,"action":"IDE_ACTIVATED"}
{"ts":1753285966839,"action":"IDE_DEACTIVATED"}
{"ts":1753286163348,"action":"IDE_ACTIVATED"}
{"ts":1753286182458,"action":"FILE_OPENED","file":"/generate_trend_charts.py","tags":{"FILE_LINE_OF_CODE":"153"}}
{"ts":1753286188373,"action":"IDE_DEACTIVATED"}
{"ts":1753286188508,"action":"IDE_ACTIVATED"}
{"ts":1753286208133,"action":"IDE_DEACTIVATED"}
{"ts":1753286225311,"action":"IDE_ACTIVATED"}
{"ts":1753286231015,"action":"FILE_CLOSED","file":"/generate_trend_charts.py","tags":{"FILE_LINE_OF_CODE":"153"}}
{"ts":1753286231015,"action":"FILE_OPENED","file":"/analysis_results_cleaned.csv","tags":{"FILE_LINE_OF_CODE":"null"}}
{"ts":1753286266296,"action":"IDE_DEACTIVATED"}
{"ts":1753286282526,"action":"IDE_ACTIVATED"}
{"ts":1753286283202,"action":"IDE_DEACTIVATED"}
{"ts":1753286677125,"action":"IDE_ACTIVATED"}
{"ts":1753286717162,"action":"IDE_DEACTIVATED"}
{"ts":1753286767940,"action":"IDE_ACTIVATED"}
{"ts":1753286783704,"action":"IDE_DEACTIVATED"}
{"ts":1753286784280,"action":"IDE_ACTIVATED"}
{"ts":1753286813749,"action":"IDE_DEACTIVATED"}
{"ts":1753286821933,"action":"IDE_ACTIVATED"}
{"ts":1753286857889,"action":"IDE_DEACTIVATED"}
{"ts":1753286859290,"action":"IDE_ACTIVATED"}
{"ts":1753286861680,"action":"IDE_DEACTIVATED"}
{"ts":1753286896077,"action":"IDE_ACTIVATED"}
{"ts":1753286904654,"action":"IDE_DEACTIVATED"}
{"ts":1753286904773,"action":"IDE_ACTIVATED"}
{"ts":1753286905518,"action":"IDE_DEACTIVATED"}
{"ts":1753286911152,"action":"IDE_ACTIVATED"}
{"ts":1753286961551,"action":"IDE_DEACTIVATED"}
{"ts":1753286961668,"action":"IDE_ACTIVATED"}
{"ts":1753286963082,"action":"IDE_DEACTIVATED"}
{"ts":1753286964300,"action":"IDE_ACTIVATED"}
{"ts":1753286964759,"action":"IDE_DEACTIVATED"}
{"ts":1753286965561,"action":"IDE_ACTIVATED"}
{"ts":1753286966405,"action":"IDE_DEACTIVATED"}
{"ts":1753286969364,"action":"IDE_ACTIVATED"}
{"ts":1753287001245,"action":"IDE_DEACTIVATED"}
{"ts":1753287007151,"action":"IDE_ACTIVATED"}
{"ts":1753287028037,"action":"IDE_DEACTIVATED"}
{"ts":1753287114972,"action":"IDE_ACTIVATED"}
{"ts":1753287119376,"action":"IDE_DEACTIVATED"}
{"ts":1753287119662,"action":"IDE_ACTIVATED"}
{"ts":1753287119952,"action":"IDE_DEACTIVATED"}
{"ts":1753287148062,"action":"IDE_ACTIVATED"}
{"ts":1753287159457,"action":"IDE_DEACTIVATED"}
{"ts":1753287159592,"action":"IDE_ACTIVATED"}
{"ts":1753287174177,"action":"IDE_DEACTIVATED"}
{"ts":1753287200628,"action":"IDE_ACTIVATED"}
{"ts":1753287215299,"action":"IDE_DEACTIVATED"}
{"ts":1753287237161,"action":"IDE_ACTIVATED"}
{"ts":1753287243050,"action":"IDE_DEACTIVATED"}
{"ts":1753287243595,"action":"IDE_ACTIVATED"}
{"ts":1753287254197,"action":"FILE_CLOSED","file":"/analysis_results_cleaned.csv","tags":{"FILE_LINE_OF_CODE":"null"}}
{"ts":1753287264201,"action":"IDE_DEACTIVATED"}
{"ts":1753287309070,"action":"IDE_ACTIVATED"}
{"ts":1753287315445,"action":"IDE_DEACTIVATED"}
{"ts":1753287315564,"action":"IDE_ACTIVATED"}
{"ts":1753287380695,"action":"IDE_DEACTIVATED"}
{"ts":1753287380812,"action":"IDE_ACTIVATED"}
{"ts":1753287419290,"action":"IDE_DEACTIVATED"}
{"ts":1753287419881,"action":"IDE_ACTIVATED"}
{"ts":1753287486955,"action":"FILE_OPENED","file":"/generate_trend_charts.py","tags":{"FILE_LINE_OF_CODE":"160"}}
{"ts":1753287486974,"action":"FILE_CLOSED","file":"/generate_trend_charts.py","tags":{"FILE_LINE_OF_CODE":"160"}}
{"ts":1753287497084,"action":"FILE_OPENED","file":"/generate_trend_charts.py","tags":{"FILE_LINE_OF_CODE":"160"}}
{"ts":1753287497429,"action":"FILE_CLOSED","file":"/generate_trend_charts.py","tags":{"FILE_LINE_OF_CODE":"160"}}
{"ts":1753287499657,"action":"FILE_OPENED","file":"/generate_trend_charts.py","tags":{"FILE_LINE_OF_CODE":"160"}}
{"ts":1753287603934,"action":"IDE_DEACTIVATED"}
{"ts":1753287608098,"action":"IDE_ACTIVATED"}
{"ts":1753287648355,"action":"IDE_DEACTIVATED"}
{"ts":1753287648480,"action":"IDE_ACTIVATED"}
{"ts":1753287662033,"action":"IDE_DEACTIVATED"}
{"ts":1753287717302,"action":"IDE_ACTIVATED"}
{"ts":1753287721668,"action":"FILE_CLOSED","file":"/generate_trend_charts.py","tags":{"FILE_LINE_OF_CODE":"160"}}
{"ts":1753287815121,"action":"IDE_DEACTIVATED"}
{"ts":1753287815939,"action":"IDE_ACTIVATED"}
{"ts":1753287816471,"action":"IDE_DEACTIVATED"}
{"ts":1753287818295,"action":"IDE_ACTIVATED"}
{"ts":1753287818765,"action":"IDE_DEACTIVATED"}
{"ts":1753287855206,"action":"IDE_ACTIVATED"}
{"ts":1753287856518,"action":"IDE_DEACTIVATED"}
{"ts":1753287856817,"action":"IDE_ACTIVATED"}
{"ts":1753287889057,"action":"IDE_DEACTIVATED"}
{"ts":1753287899094,"action":"IDE_ACTIVATED"}
{"ts":1753287916014,"action":"IDE_DEACTIVATED"}
{"ts":1753288160739,"action":"IDE_ACTIVATED"}
{"ts":1753288317393,"action":"IDE_DEACTIVATED"}
{"ts":1753288441231,"action":"IDE_ACTIVATED"}
{"ts":1753288441561,"action":"IDE_DEACTIVATED"}
{"ts":1753299177702,"action":"IDE_ACTIVATED"}
{"ts":1753299181339,"action":"IDE_DEACTIVATED"}
{"ts":1753386759888,"action":"IDE_ACTIVATED"}
{"ts":1753386760364,"action":"IDE_DEACTIVATED"}
{"ts":1753536237551,"action":"IDE_ACTIVATED"}
{"ts":1753536237987,"action":"IDE_DEACTIVATED"}
{"ts":1753536240737,"action":"IDE_ACTIVATED"}
{"ts":1753536241114,"action":"IDE_DEACTIVATED"}
{"ts":1753539445612,"action":"IDE_ACTIVATED"}
{"ts":1753539447390,"action":"IDE_DEACTIVATED"}
{"ts":1753621565424,"action":"IDE_ACTIVATED"}
{"ts":1753621566253,"action":"IDE_DEACTIVATED"}
{"ts":1753621566491,"action":"IDE_ACTIVATED"}
{"ts":1753621566769,"action":"IDE_DEACTIVATED"}
{"ts":1753621566829,"action":"IDE_ACTIVATED"}
{"ts":1753621567296,"action":"IDE_DEACTIVATED"}
{"ts":1753636575570,"action":"IDE_ACTIVATED"}
{"ts":1753636575690,"action":"IDE_DEACTIVATED"}
{"ts":1753636605278,"action":"IDE_ACTIVATED"}
{"ts":1753636608780,"action":"IDE_DEACTIVATED"}
{"ts":1753636692393,"action":"IDE_ACTIVATED"}
{"ts":1753636693085,"action":"IDE_DEACTIVATED"}
{"ts":1753637180975,"action":"IDE_ACTIVATED"}
{"ts":1753637181419,"action":"IDE_DEACTIVATED"}
{"ts":1753638428405,"action":"IDE_ACTIVATED"}
{"ts":1753638429124,"action":"IDE_DEACTIVATED"}
{"ts":1753638431729,"action":"IDE_ACTIVATED"}
{"ts":1753638446149,"action":"IDE_DEACTIVATED"}
{"ts":1753639447900,"action":"IDE_ACTIVATED"}
{"ts":1753639448292,"action":"IDE_DEACTIVATED"}
{"ts":1753647893850,"action":"IDE_ACTIVATED"}
{"ts":1753647894442,"action":"IDE_DEACTIVATED"}
{"ts":1753712148728,"action":"IDE_ACTIVATED"}
{"ts":1753712149082,"action":"IDE_DEACTIVATED"}
{"ts":1753713670015,"action":"IDE_ACTIVATED"}
{"ts":1753713670989,"action":"IDE_DEACTIVATED"}
{"ts":1753717171288,"action":"IDE_ACTIVATED"}
{"ts":1753717172172,"action":"IDE_DEACTIVATED"}
{"ts":1753717173415,"action":"IDE_ACTIVATED"}
{"ts":1753717174931,"action":"IDE_DEACTIVATED"}
{"ts":1753717175242,"action":"IDE_ACTIVATED"}
{"ts":1753717175708,"action":"IDE_DEACTIVATED"}
{"ts":1753731771543,"action":"IDE_ACTIVATED"}
{"ts":1753731772006,"action":"IDE_DEACTIVATED"}
{"ts":1753731987859,"action":"IDE_ACTIVATED"}
{"ts":1753731988411,"action":"IDE_DEACTIVATED"}
{"ts":1753733550190,"action":"IDE_ACTIVATED"}
{"ts":1753733554967,"action":"IDE_DEACTIVATED"}
{"ts":1753800316004,"action":"IDE_ACTIVATED"}
{"ts":1753800316332,"action":"IDE_DEACTIVATED"}
{"ts":1753800330687,"action":"IDE_ACTIVATED"}
{"ts":1753800331878,"action":"IDE_DEACTIVATED"}
{"ts":1753800379300,"action":"IDE_ACTIVATED"}
{"ts":1753800380819,"action":"IDE_DEACTIVATED"}
{"ts":1753813617647,"action":"IDE_ACTIVATED"}
{"ts":1753813626879,"action":"IDE_DEACTIVATED"}
{"ts":1753813862034,"action":"IDE_ACTIVATED"}
{"ts":1753813870690,"action":"IDE_DEACTIVATED"}
{"ts":1753813875962,"action":"IDE_ACTIVATED"}
{"ts":1753813876142,"action":"IDE_DEACTIVATED"}
{"ts":1753813878470,"action":"IDE_ACTIVATED"}
{"ts":1753813900372,"action":"IDE_DEACTIVATED"}
{"ts":1753813911913,"action":"IDE_ACTIVATED"}
{"ts":1753814226938,"action":"IDE_DEACTIVATED"}
{"ts":1753814235525,"action":"IDE_ACTIVATED"}
{"ts":1753814302004,"action":"IDE_DEACTIVATED"}
{"ts":1753814381625,"action":"IDE_ACTIVATED"}
{"ts":1753814406680,"action":"IDE_DEACTIVATED"}
{"ts":1753814414643,"action":"IDE_ACTIVATED"}
{"ts":1753814453651,"action":"IDE_DEACTIVATED"}
{"ts":1753814472274,"action":"IDE_ACTIVATED"}
{"ts":1753814478648,"action":"IDE_DEACTIVATED"}
{"ts":1753814479907,"action":"IDE_ACTIVATED"}
{"ts":1753814482890,"action":"IDE_DEACTIVATED"}
{"ts":1753814483308,"action":"IDE_ACTIVATED"}
{"ts":1753814486855,"action":"FILE_OPENED","file":"/logging-log4j2_checkpoint.properties","tags":{"FILE_LINE_OF_CODE":"5"}}
{"ts":1753814487972,"action":"FILE_CLOSED","file":"/logging-log4j2_checkpoint.properties","tags":{"FILE_LINE_OF_CODE":"5"}}
{"ts":1753814487972,"action":"FILE_OPENED","file":"/JSON-java_checkpoint.properties","tags":{"FILE_LINE_OF_CODE":"5"}}
{"ts":1753814488515,"action":"FILE_CLOSED","file":"/JSON-java_checkpoint.properties","tags":{"FILE_LINE_OF_CODE":"5"}}
{"ts":1753814488515,"action":"FILE_OPENED","file":"/src/main/java/com/yourcompany/game/FeatureMetrics.java","tags":{"FILE_LINE_OF_CODE":"18"}}
{"ts":1753814489108,"action":"FILE_CLOSED","file":"/src/main/java/com/yourcompany/game/FeatureMetrics.java","tags":{"FILE_LINE_OF_CODE":"18"}}
{"ts":1753814489108,"action":"FILE_OPENED","file":"/java-annotations_checkpoint.properties","tags":{"FILE_LINE_OF_CODE":"5"}}
{"ts":1753814489814,"action":"FILE_CLOSED","file":"/java-annotations_checkpoint.properties","tags":{"FILE_LINE_OF_CODE":"5"}}
{"ts":1753814489814,"action":"FILE_OPENED","file":"/jackson-annotations_checkpoint.properties","tags":{"FILE_LINE_OF_CODE":"5"}}
{"ts":1753814490282,"action":"FILE_CLOSED","file":"/jackson-annotations_checkpoint.properties","tags":{"FILE_LINE_OF_CODE":"5"}}
{"ts":1753814490282,"action":"FILE_OPENED","file":"/commons-logging_checkpoint.properties","tags":{"FILE_LINE_OF_CODE":"5"}}
{"ts":1753814490891,"action":"FILE_CLOSED","file":"/commons-logging_checkpoint.properties","tags":{"FILE_LINE_OF_CODE":"5"}}
{"ts":1753814490891,"action":"FILE_OPENED","file":"/commons-cli_checkpoint.properties","tags":{"FILE_LINE_OF_CODE":"5"}}
{"ts":1753814491527,"action":"FILE_CLOSED","file":"/commons-cli_checkpoint.properties","tags":{"FILE_LINE_OF_CODE":"5"}}
{"ts":1753814491527,"action":"FILE_OPENED","file":"/src/main/java/com/yourcompany/game/HistoricalAnalyzer.java","tags":{"FILE_LINE_OF_CODE":"206"}}
{"ts":1753814492247,"action":"FILE_CLOSED","file":"/src/main/java/com/yourcompany/game/HistoricalAnalyzer.java","tags":{"FILE_LINE_OF_CODE":"206"}}
{"ts":1753814492247,"action":"FILE_OPENED","file":"/mysql-connector-j_manual_log.csv","tags":{"FILE_LINE_OF_CODE":"null"}}
{"ts":1753814492822,"action":"FILE_CLOSED","file":"/mysql-connector-j_manual_log.csv","tags":{"FILE_LINE_OF_CODE":"null"}}
{"ts":1753814492822,"action":"FILE_OPENED","file":"/analysis_results.csv","tags":{"FILE_LINE_OF_CODE":"null"}}
{"ts":1753814493502,"action":"FILE_CLOSED","file":"/analysis_results.csv","tags":{"FILE_LINE_OF_CODE":"null"}}
{"ts":1753814493502,"action":"FILE_OPENED","file":"/spring-framework_manual_log.csv","tags":{"FILE_LINE_OF_CODE":"null"}}
{"ts":1753814494045,"action":"FILE_CLOSED","file":"/spring-framework_manual_log.csv","tags":{"FILE_LINE_OF_CODE":"null"}}
{"ts":1753814494045,"action":"FILE_OPENED","file":"/analysis_results_cleaned.csv","tags":{"FILE_LINE_OF_CODE":"null"}}
{"ts":1753814494110,"action":"FILE_CLOSED","file":"/analysis_results_cleaned.csv","tags":{"FILE_LINE_OF_CODE":"null"}}
{"ts":1753814494110,"action":"FILE_OPENED","file":"/src/main/java/com/yourcompany/game/FeatureAdoptionAnalyzer.java","tags":{"FILE_LINE_OF_CODE":"259"}}
{"ts":1753814494422,"action":"FILE_CLOSED","file":"/src/main/java/com/yourcompany/game/FeatureAdoptionAnalyzer.java","tags":{"FILE_LINE_OF_CODE":"259"}}
{"ts":1753814494422,"action":"FILE_OPENED","file":"/guava_checkpoint.properties","tags":{"FILE_LINE_OF_CODE":"5"}}
{"ts":1753814494794,"action":"FILE_CLOSED","file":"/guava_checkpoint.properties","tags":{"FILE_LINE_OF_CODE":"5"}}
{"ts":1753814494794,"action":"FILE_OPENED","file":"/spring-framework_checkpoint.properties","tags":{"FILE_LINE_OF_CODE":"5"}}
{"ts":1753814495099,"action":"FILE_CLOSED","file":"/spring-framework_checkpoint.properties","tags":{"FILE_LINE_OF_CODE":"5"}}
{"ts":1753814495099,"action":"FILE_OPENED","file":"/src/main/java/com/yourcompany/game/App.java","tags":{"FILE_LINE_OF_CODE":"162"}}
{"ts":1753814495467,"action":"FILE_CLOSED","file":"/src/main/java/com/yourcompany/game/App.java","tags":{"FILE_LINE_OF_CODE":"162"}}
{"ts":1753814495467,"action":"FILE_OPENED","file":"/src/main/java/com/yourcompany/game/CheckpointManager.java","tags":{"FILE_LINE_OF_CODE":"51"}}
{"ts":1753814495919,"action":"FILE_CLOSED","file":"/src/main/java/com/yourcompany/game/CheckpointManager.java","tags":{"FILE_LINE_OF_CODE":"51"}}
{"ts":1753814495919,"action":"FILE_OPENED","file":"/generate_trend_charts.py","tags":{"FILE_LINE_OF_CODE":"160"}}
{"ts":1753814496255,"action":"FILE_CLOSED","file":"/generate_trend_charts.py","tags":{"FILE_LINE_OF_CODE":"160"}}
{"ts":1753814497487,"action":"FILE_OPENED","file":"/src/main/java/com/yourcompany/game/PatternMatchingSwitchAnalyzer.java","tags":{"FILE_LINE_OF_CODE":"100"}}
{"ts":1753814498263,"action":"FILE_CLOSED","file":"/src/main/java/com/yourcompany/game/PatternMatchingSwitchAnalyzer.java","tags":{"FILE_LINE_OF_CODE":"100"}}
{"ts":1753814498263,"action":"FILE_OPENED","file":"/src/main/java/com/yourcompany/game/RepositoryAnalyzer.java","tags":{"FILE_LINE_OF_CODE":"134"}}
{"ts":1753814498769,"action":"FILE_CLOSED","file":"/src/main/java/com/yourcompany/game/RepositoryAnalyzer.java","tags":{"FILE_LINE_OF_CODE":"134"}}
{"ts":1753814498769,"action":"FILE_OPENED","file":"/logging-log4j2_manual_log.csv","tags":{"FILE_LINE_OF_CODE":"null"}}
{"ts":1753814499535,"action":"FILE_CLOSED","file":"/logging-log4j2_manual_log.csv","tags":{"FILE_LINE_OF_CODE":"null"}}
{"ts":1753814499535,"action":"FILE_OPENED","file":"/src/main/java/com/yourcompany/game/RepositoryMetrics.java","tags":{"FILE_LINE_OF_CODE":"20"}}
{"ts":1753814500038,"action":"FILE_CLOSED","file":"/src/main/java/com/yourcompany/game/RepositoryMetrics.java","tags":{"FILE_LINE_OF_CODE":"20"}}
{"ts":1753814500038,"action":"FILE_OPENED","file":"/src/main/java/com/yourcompany/game/RecordDeclarationAnalyzer.java","tags":{"FILE_LINE_OF_CODE":"68"}}
{"ts":1753814500541,"action":"FILE_CLOSED","file":"/src/main/java/com/yourcompany/game/RecordDeclarationAnalyzer.java","tags":{"FILE_LINE_OF_CODE":"68"}}
{"ts":1753814500541,"action":"FILE_OPENED","file":"/src/main/java/com/yourcompany/game/VarUsageAnalyzer.java","tags":{"FILE_LINE_OF_CODE":"68"}}
{"ts":1753814501071,"action":"FILE_CLOSED","file":"/src/main/java/com/yourcompany/game/VarUsageAnalyzer.java","tags":{"FILE_LINE_OF_CODE":"68"}}
{"ts":1753814501071,"action":"FILE_OPENED","file":"/src/main/java/com/yourcompany/game/TextBlockAnalyzer.java","tags":{"FILE_LINE_OF_CODE":"68"}}
{"ts":1753814501428,"action":"FILE_CLOSED","file":"/src/main/java/com/yourcompany/game/TextBlockAnalyzer.java","tags":{"FILE_LINE_OF_CODE":"68"}}
{"ts":1753814501428,"action":"FILE_OPENED","file":"/src/main/java/com/yourcompany/game/SyntaxAnalyzerStrategy.java","tags":{"FILE_LINE_OF_CODE":"32"}}
{"ts":1753814501815,"action":"FILE_CLOSED","file":"/src/main/java/com/yourcompany/game/SyntaxAnalyzerStrategy.java","tags":{"FILE_LINE_OF_CODE":"32"}}
{"ts":1753814501815,"action":"FILE_OPENED","file":"/src/main/java/com/yourcompany/game/SwitchExpressionAnalyzer.java","tags":{"FILE_LINE_OF_CODE":"68"}}
{"ts":1753814502172,"action":"FILE_CLOSED","file":"/src/main/java/com/yourcompany/game/SwitchExpressionAnalyzer.java","tags":{"FILE_LINE_OF_CODE":"68"}}
{"ts":1753814622092,"action":"IDE_DEACTIVATED"}
{"ts":1753814622734,"action":"IDE_ACTIVATED"}
{"ts":1753814622903,"action":"IDE_DEACTIVATED"}
{"ts":1753814628557,"action":"IDE_ACTIVATED"}
{"ts":1753814628845,"action":"IDE_DEACTIVATED"}
{"ts":1753814629268,"action":"IDE_ACTIVATED"}
{"ts":1753814852903,"action":"FILE_OPENED","file":"/commons-logging_checkpoint.properties","tags":{"FILE_LINE_OF_CODE":"5"}}
{"ts":1753814853745,"action":"FILE_CLOSED","file":"/commons-logging_checkpoint.properties","tags":{"FILE_LINE_OF_CODE":"5"}}
{"ts":1753814853752,"action":"FILE_OPENED","file":"/commons-logging_manual_log.csv","tags":{"FILE_LINE_OF_CODE":"null"}}
{"ts":1753814857811,"action":"FILE_CLOSED","file":"/commons-logging_manual_log.csv","tags":{"FILE_LINE_OF_CODE":"null"}}
{"ts":1753814857814,"action":"FILE_OPENED","file":"/spring-framework_manual_log.csv","tags":{"FILE_LINE_OF_CODE":"null"}}
{"ts":1753814875973,"action":"FILE_CLOSED","file":"/spring-framework_manual_log.csv","tags":{"FILE_LINE_OF_CODE":"null"}}
{"ts":1753814911952,"action":"IDE_DEACTIVATED"}
{"ts":1753814916347,"action":"IDE_ACTIVATED"}
{"ts":1753814930065,"action":"IDE_DEACTIVATED"}
{"ts":1753814941806,"action":"IDE_ACTIVATED"}
{"ts":1753814947984,"action":"IDE_DEACTIVATED"}
{"ts":1753814951202,"action":"IDE_ACTIVATED"}
{"ts":1753814972922,"action":"IDE_DEACTIVATED"}
{"ts":1753814973557,"action":"IDE_ACTIVATED"}
{"ts":1753814973853,"action":"IDE_DEACTIVATED"}
{"ts":1753814989821,"action":"IDE_ACTIVATED"}
{"ts":1753815000846,"action":"IDE_DEACTIVATED"}
{"ts":1753815002469,"action":"IDE_ACTIVATED"}
{"ts":1753815083655,"action":"IDE_DEACTIVATED"}
{"ts":1753815095972,"action":"IDE_ACTIVATED"}
{"ts":1753815098966,"action":"IDE_DEACTIVATED"}
{"ts":1753815107651,"action":"IDE_ACTIVATED"}
{"ts":1753815151259,"action":"IDE_DEACTIVATED"}
{"ts":1753815152176,"action":"IDE_ACTIVATED"}
{"ts":1753815153601,"action":"IDE_DEACTIVATED"}
{"ts":1753815160409,"action":"IDE_ACTIVATED"}
{"ts":1753815241774,"action":"IDE_DEACTIVATED"}
{"ts":1753815249190,"action":"IDE_ACTIVATED"}
{"ts":1753815253759,"action":"IDE_DEACTIVATED"}
{"ts":1753815263988,"action":"IDE_ACTIVATED"}
{"ts":1753815265821,"action":"IDE_DEACTIVATED"}
{"ts":1753815305373,"action":"IDE_ACTIVATED"}
{"ts":1753815305396,"action":"IDE_DEACTIVATED"}
{"ts":1753815343318,"action":"IDE_ACTIVATED"}
{"ts":1753815352799,"action":"FILE_OPENED","file":"/commons-logging_manual_log.csv","tags":{"FILE_LINE_OF_CODE":"null"}}
{"ts":1753815353260,"action":"FILE_CLOSED","file":"/commons-logging_manual_log.csv","tags":{"FILE_LINE_OF_CODE":"null"}}
{"ts":1753815353263,"action":"FILE_OPENED","file":"/commons-lang_manual_log.csv","tags":{"FILE_LINE_OF_CODE":"null"}}
{"ts":1753815353658,"action":"FILE_CLOSED","file":"/commons-lang_manual_log.csv","tags":{"FILE_LINE_OF_CODE":"null"}}
{"ts":1753815353688,"action":"FILE_OPENED","file":"/commons-lang_checkpoint.properties","tags":{"FILE_LINE_OF_CODE":"5"}}
{"ts":1753815354059,"action":"FILE_CLOSED","file":"/commons-lang_checkpoint.properties","tags":{"FILE_LINE_OF_CODE":"5"}}
{"ts":1753815354079,"action":"FILE_OPENED","file":"/commons-io_checkpoint.properties","tags":{"FILE_LINE_OF_CODE":"5"}}
{"ts":1753815354397,"action":"FILE_CLOSED","file":"/commons-io_checkpoint.properties","tags":{"FILE_LINE_OF_CODE":"5"}}
{"ts":1753815354399,"action":"FILE_OPENED","file":"/commons-cli_manual_log.csv","tags":{"FILE_LINE_OF_CODE":"null"}}
{"ts":1753815355320,"action":"FILE_CLOSED","file":"/commons-cli_manual_log.csv","tags":{"FILE_LINE_OF_CODE":"null"}}
{"ts":1753815355334,"action":"FILE_OPENED","file":"/guava_checkpoint.properties","tags":{"FILE_LINE_OF_CODE":"5"}}
{"ts":1753815355730,"action":"FILE_CLOSED","file":"/guava_checkpoint.properties","tags":{"FILE_LINE_OF_CODE":"5"}}
{"ts":1753815355732,"action":"FILE_OPENED","file":"/h2database_manual_log.csv","tags":{"FILE_LINE_OF_CODE":"null"}}
{"ts":1753815356087,"action":"FILE_CLOSED","file":"/h2database_manual_log.csv","tags":{"FILE_LINE_OF_CODE":"null"}}
{"ts":1753815356101,"action":"FILE_OPENED","file":"/jackson-databind_checkpoint.properties","tags":{"FILE_LINE_OF_CODE":"5"}}
{"ts":1753815356555,"action":"FILE_CLOSED","file":"/jackson-databind_checkpoint.properties","tags":{"FILE_LINE_OF_CODE":"5"}}
{"ts":1753815356570,"action":"FILE_OPENED","file":"/java-annotations_checkpoint.properties","tags":{"FILE_LINE_OF_CODE":"5"}}
{"ts":1753815357692,"action":"FILE_CLOSED","file":"/java-annotations_checkpoint.properties","tags":{"FILE_LINE_OF_CODE":"5"}}
{"ts":1753815357704,"action":"FILE_OPENED","file":"/logback_checkpoint.properties","tags":{"FILE_LINE_OF_CODE":"5"}}
{"ts":1753815359863,"action":"FILE_CLOSED","file":"/logback_checkpoint.properties","tags":{"FILE_LINE_OF_CODE":"5"}}
{"ts":1753815360658,"action":"FILE_OPENED","file":"/testng_checkpoint.properties","tags":{"FILE_LINE_OF_CODE":"5"}}
{"ts":1753815361317,"action":"FILE_CLOSED","file":"/testng_checkpoint.properties","tags":{"FILE_LINE_OF_CODE":"5"}}
{"ts":1753815361320,"action":"FILE_OPENED","file":"/testng_manual_log.csv","tags":{"FILE_LINE_OF_CODE":"null"}}
{"ts":1753815361892,"action":"FILE_CLOSED","file":"/testng_manual_log.csv","tags":{"FILE_LINE_OF_CODE":"null"}}
{"ts":1753815361895,"action":"FILE_OPENED","file":"/target_manual_log.csv","tags":{"FILE_LINE_OF_CODE":"null"}}
{"ts":1753815362348,"action":"FILE_CLOSED","file":"/target_manual_log.csv","tags":{"FILE_LINE_OF_CODE":"null"}}
{"ts":1753815362351,"action":"FILE_OPENED","file":"/spring-framework_manual_log.csv","tags":{"FILE_LINE_OF_CODE":"null"}}
{"ts":1753815363163,"action":"FILE_CLOSED","file":"/spring-framework_manual_log.csv","tags":{"FILE_LINE_OF_CODE":"null"}}
{"ts":1753815363167,"action":"FILE_OPENED","file":"/snakeyaml_manual_log.csv","tags":{"FILE_LINE_OF_CODE":"null"}}
{"ts":1753815363662,"action":"FILE_CLOSED","file":"/snakeyaml_manual_log.csv","tags":{"FILE_LINE_OF_CODE":"null"}}
{"ts":1753815363664,"action":"FILE_OPENED","file":"/spring-framework_manual_log.csv","tags":{"FILE_LINE_OF_CODE":"null"}}
{"ts":1753815417311,"action":"IDE_DEACTIVATED"}
{"ts":1753820902627,"action":"IDE_ACTIVATED"}
{"ts":1753820903511,"action":"IDE_DEACTIVATED"}
{"ts":1753887427255,"action":"IDE_ACTIVATED"}
{"ts":1753887450744,"action":"IDE_DEACTIVATED"}
{"ts":1753887839699,"action":"IDE_ACTIVATED"}
{"ts":1753887977007,"action":"IDE_DEACTIVATED"}
{"ts":1753888075029,"action":"IDE_ACTIVATED"}
{"ts":1753888142828,"action":"IDE_DEACTIVATED"}
{"ts":1753888144623,"action":"IDE_ACTIVATED"}
{"ts":1753888214138,"action":"FILE_CLOSED","file":"/spring-framework_manual_log.csv","tags":{"FILE_LINE_OF_CODE":"null"}}
{"ts":1753888304908,"action":"IDE_DEACTIVATED"}
{"ts":1753888317542,"action":"IDE_ACTIVATED"}
{"ts":1753888377290,"action":"IDE_DEACTIVATED"}
{"ts":1753888378354,"action":"IDE_ACTIVATED"}
{"ts":1753888378659,"action":"IDE_DEACTIVATED"}
{"ts":1753892700802,"action":"IDE_ACTIVATED"}
{"ts":1753892711444,"action":"IDE_DEACTIVATED"}
{"ts":1753893270620,"action":"IDE_ACTIVATED"}
{"ts":1753893270857,"action":"IDE_DEACTIVATED"}
{"ts":1753894740404,"action":"IDE_ACTIVATED"}
{"ts":1753894841632,"action":"IDE_DEACTIVATED"}
{"ts":1753894955623,"action":"IDE_ACTIVATED"}
{"ts":1753895029760,"action":"IDE_DEACTIVATED"}
{"ts":1753897380654,"action":"IDE_ACTIVATED"}
{"ts":1753897397159,"action":"IDE_DEACTIVATED"}
{"ts":1753983945590,"action":"IDE_ACTIVATED"}
{"ts":1753983951824,"action":"IDE_DEACTIVATED"}
{"ts":1753983996398,"action":"IDE_ACTIVATED"}
{"ts":1753983996783,"action":"IDE_DEACTIVATED"}
{"ts":1753983997466,"action":"IDE_ACTIVATED"}
{"ts":1753984003025,"action":"IDE_DEACTIVATED"}
{"ts":1753986442388,"action":"IDE_ACTIVATED"}
{"ts":1753986449853,"action":"IDE_DEACTIVATED"}
{"ts":1753986452133,"action":"IDE_ACTIVATED"}
{"ts":1753986455387,"action":"IDE_DEACTIVATED"}
{"ts":1753986818974,"action":"IDE_ACTIVATED"}
{"ts":1753986819418,"action":"IDE_DEACTIVATED"}
{"ts":1753986819905,"action":"IDE_ACTIVATED"}
{"ts":1753986820195,"action":"IDE_DEACTIVATED"}
{"ts":1753987126140,"action":"IDE_ACTIVATED"}
{"ts":1753987126563,"action":"IDE_DEACTIVATED"}
{"ts":1753987409375,"action":"IDE_ACTIVATED"}
{"ts":1753987409960,"action":"IDE_DEACTIVATED"}
{"ts":1753987410644,"action":"IDE_ACTIVATED"}
{"ts":1753987411274,"action":"IDE_DEACTIVATED"}
{"ts":1753987430405,"action":"IDE_ACTIVATED"}
{"ts":1753987431675,"action":"IDE_DEACTIVATED"}
{"ts":1753987494787,"action":"IDE_ACTIVATED"}
{"ts":1753987497110,"action":"IDE_DEACTIVATED"}
{"ts":1754405324195,"action":"PROJECT_OPENED","tags":{"PROJECT_NAME":"Parsing"}}
{"ts":1754405595790,"action":"IDE_DEACTIVATED"}
{"ts":1754405596969,"action":"IDE_ACTIVATED"}
{"ts":1754405611651,"action":"IDE_DEACTIVATED"}
{"ts":1754405850851,"action":"IDE_ACTIVATED"}
{"ts":1754405851414,"action":"IDE_DEACTIVATED"}
{"ts":1754405851752,"action":"IDE_ACTIVATED"}
{"ts":1754405866603,"action":"FILE_OPENED","file":"/lombok_manual_log.csv","tags":{"FILE_LINE_OF_CODE":"null"}}
{"ts":1754405868746,"action":"IDE_DEACTIVATED"}
{"ts":1754405908507,"action":"IDE_ACTIVATED"}
{"ts":1754405917960,"action":"IDE_DEACTIVATED"}
{"ts":1754405919352,"action":"IDE_ACTIVATED"}
{"ts":1754405922724,"action":"IDE_DEACTIVATED"}
{"ts":1754405929469,"action":"IDE_ACTIVATED"}
{"ts":1754405930886,"action":"IDE_DEACTIVATED"}
{"ts":1754405934173,"action":"IDE_ACTIVATED"}
{"ts":1754405939510,"action":"IDE_DEACTIVATED"}
{"ts":1754406000554,"action":"IDE_ACTIVATED"}
{"ts":1754406003350,"action":"IDE_DEACTIVATED"}
{"ts":1754406013699,"action":"IDE_ACTIVATED"}
{"ts":1754406015800,"action":"IDE_DEACTIVATED"}
{"ts":1754406094659,"action":"IDE_ACTIVATED"}
{"ts":1754406099058,"action":"IDE_DEACTIVATED"}
{"ts":1754406101234,"action":"IDE_ACTIVATED"}
{"ts":1754406104057,"action":"IDE_DEACTIVATED"}
{"ts":1754406110051,"action":"IDE_ACTIVATED"}
{"ts":1754406112409,"action":"IDE_DEACTIVATED"}
{"ts":1754406112747,"action":"IDE_ACTIVATED"}
{"ts":1754406125826,"action":"IDE_DEACTIVATED"}
{"ts":1754406133943,"action":"IDE_ACTIVATED"}
{"ts":1754406137064,"action":"IDE_DEACTIVATED"}
{"ts":1754406156022,"action":"IDE_ACTIVATED"}
{"ts":1754406156558,"action":"IDE_DEACTIVATED"}
{"ts":1754406156928,"action":"IDE_ACTIVATED"}
{"ts":1754406158620,"action":"IDE_DEACTIVATED"}
{"ts":1754406158896,"action":"IDE_ACTIVATED"}
{"ts":1754406166365,"action":"IDE_DEACTIVATED"}
{"ts":1754406166808,"action":"IDE_ACTIVATED"}
{"ts":1754406167369,"action":"IDE_DEACTIVATED"}
{"ts":1754406223252,"action":"IDE_ACTIVATED"}
{"ts":1754406231155,"action":"IDE_DEACTIVATED"}
{"ts":1754406295248,"action":"IDE_ACTIVATED"}
{"ts":1754406298810,"action":"IDE_DEACTIVATED"}
{"ts":1754406299197,"action":"IDE_ACTIVATED"}
{"ts":1754406301007,"action":"IDE_DEACTIVATED"}
{"ts":1754406301313,"action":"IDE_ACTIVATED"}
{"ts":1754406308465,"action":"IDE_DEACTIVATED"}
{"ts":1754406316263,"action":"IDE_ACTIVATED"}
{"ts":1754406319786,"action":"IDE_DEACTIVATED"}
{"ts":1754406320332,"action":"IDE_ACTIVATED"}
{"ts":1754406320513,"action":"IDE_DEACTIVATED"}
{"ts":1754406320718,"action":"IDE_ACTIVATED"}
{"ts":1754406326893,"action":"IDE_DEACTIVATED"}
{"ts":1754406328714,"action":"IDE_ACTIVATED"}
{"ts":1754406349548,"action":"IDE_DEACTIVATED"}
{"ts":1754406351279,"action":"IDE_ACTIVATED"}
{"ts":1754406361255,"action":"FILE_CLOSED","file":"/lombok_manual_log.csv","tags":{"FILE_LINE_OF_CODE":"null"}}
{"ts":1754406361308,"action":"FILE_OPENED","file":"/raport","tags":{"FILE_LINE_OF_CODE":"0"}}
{"ts":1754406374145,"action":"IDE_DEACTIVATED"}
{"ts":1754406374187,"action":"IDE_ACTIVATED"}
{"ts":1754406375235,"action":"IDE_DEACTIVATED"}
{"ts":1754406375288,"action":"IDE_ACTIVATED"}
{"ts":1754406380263,"action":"IDE_DEACTIVATED"}
{"ts":1754406380302,"action":"IDE_ACTIVATED"}
{"ts":1754406385907,"action":"IDE_DEACTIVATED"}
{"ts":1754406386006,"action":"IDE_ACTIVATED"}
{"ts":1754406391238,"action":"IDE_DEACTIVATED"}
{"ts":1754406391287,"action":"IDE_ACTIVATED"}
{"ts":1754406394537,"action":"IDE_DEACTIVATED"}
{"ts":1754406394595,"action":"IDE_ACTIVATED"}
{"ts":1754406405499,"action":"IDE_DEACTIVATED"}
{"ts":1754406405563,"action":"IDE_ACTIVATED"}
{"ts":1754406409468,"action":"IDE_DEACTIVATED"}
{"ts":1754406409517,"action":"IDE_ACTIVATED"}
{"ts":1754406416019,"action":"IDE_DEACTIVATED"}
{"ts":1754406416082,"action":"IDE_ACTIVATED"}
{"ts":1754406416654,"action":"IDE_DEACTIVATED"}
{"ts":1754406416719,"action":"IDE_ACTIVATED"}
{"ts":1754406420057,"action":"IDE_DEACTIVATED"}
{"ts":1754406420121,"action":"IDE_ACTIVATED"}
{"ts":1754406438091,"action":"IDE_DEACTIVATED"}
{"ts":1754406439488,"action":"IDE_ACTIVATED"}
{"ts":1754406442302,"action":"IDE_DEACTIVATED"}
{"ts":1754406442734,"action":"IDE_ACTIVATED"}
{"ts":1754406443027,"action":"IDE_DEACTIVATED"}
{"ts":1754406443536,"action":"IDE_ACTIVATED"}
{"ts":1754406449334,"action":"FILE_CLOSED","file":"/raport.md","tags":{"FILE_LINE_OF_CODE":"43"}}
{"ts":1754406449346,"action":"FILE_OPENED","file":"/lombok_manual_log.csv","tags":{"FILE_LINE_OF_CODE":"null"}}
{"ts":1754406460246,"action":"IDE_DEACTIVATED"}
{"ts":1754406460321,"action":"IDE_ACTIVATED"}
{"ts":1754406460669,"action":"IDE_DEACTIVATED"}
{"ts":1754406460713,"action":"IDE_ACTIVATED"}
{"ts":1754406460898,"action":"IDE_DEACTIVATED"}
{"ts":1754406460990,"action":"IDE_ACTIVATED"}
{"ts":1754406461491,"action":"IDE_DEACTIVATED"}
{"ts":1754406461520,"action":"IDE_ACTIVATED"}
{"ts":1754406462078,"action":"IDE_DEACTIVATED"}
{"ts":1754406462151,"action":"IDE_ACTIVATED"}
{"ts":1754406463008,"action":"IDE_DEACTIVATED"}
{"ts":1754406463059,"action":"IDE_ACTIVATED"}
{"ts":1754406463912,"action":"IDE_DEACTIVATED"}
{"ts":1754406463960,"action":"IDE_ACTIVATED"}
{"ts":1754406466818,"action":"IDE_DEACTIVATED"}
{"ts":1754406466870,"action":"IDE_ACTIVATED"}
{"ts":1754406467058,"action":"IDE_DEACTIVATED"}
{"ts":1754406467132,"action":"IDE_ACTIVATED"}
{"ts":1754406513371,"action":"IDE_DEACTIVATED"}
{"ts":1754406513423,"action":"IDE_ACTIVATED"}
{"ts":1754406514337,"action":"IDE_DEACTIVATED"}
{"ts":1754406514407,"action":"IDE_ACTIVATED"}
{"ts":1754406514571,"action":"IDE_DEACTIVATED"}
{"ts":1754406514599,"action":"IDE_ACTIVATED"}
{"ts":1754406515913,"action":"IDE_DEACTIVATED"}
{"ts":1754406515961,"action":"IDE_ACTIVATED"}
{"ts":1754406517461,"action":"IDE_DEACTIVATED"}
{"ts":1754406517521,"action":"IDE_ACTIVATED"}
{"ts":1754406517708,"action":"IDE_DEACTIVATED"}
{"ts":1754406517801,"action":"IDE_ACTIVATED"}
{"ts":1754406532285,"action":"FILE_CLOSED","file":"/lombok_manual_log.csv","tags":{"FILE_LINE_OF_CODE":"null"}}
{"ts":1754406532325,"action":"FILE_OPENED","file":"/src/main/java/com/yourcompany/game/SwitchExpressionAnalyzer.java","tags":{"FILE_LINE_OF_CODE":"68"}}
{"ts":1754406542136,"action":"FILE_CLOSED","file":"/src/main/java/com/yourcompany/game/SwitchExpressionAnalyzer.java","tags":{"FILE_LINE_OF_CODE":"68"}}
{"ts":1754406542156,"action":"FILE_OPENED","file":"/src/main/java/com/yourcompany/game/PatternMatchingSwitchAnalyzer.java","tags":{"FILE_LINE_OF_CODE":"100"}}
{"ts":1754406568904,"action":"FILE_CLOSED","file":"/src/main/java/com/yourcompany/game/PatternMatchingSwitchAnalyzer.java","tags":{"FILE_LINE_OF_CODE":"100"}}
{"ts":1754406568904,"action":"FILE_OPENED","file":"/src/main/java/com/yourcompany/game/SwitchExpressionAnalyzer.java","tags":{"FILE_LINE_OF_CODE":"68"}}
{"ts":1754406574016,"action":"FILE_CLOSED","file":"/src/main/java/com/yourcompany/game/SwitchExpressionAnalyzer.java","tags":{"FILE_LINE_OF_CODE":"68"}}
{"ts":1754406574016,"action":"FILE_OPENED","file":"/lombok_manual_log.csv","tags":{"FILE_LINE_OF_CODE":"null"}}
{"ts":1754406587607,"action":"FILE_CLOSED","file":"/lombok_manual_log.csv","tags":{"FILE_LINE_OF_CODE":"null"}}
{"ts":1754406587607,"action":"FILE_OPENED","file":"/src/main/java/com/yourcompany/game/SwitchExpressionAnalyzer.java","tags":{"FILE_LINE_OF_CODE":"68"}}
{"ts":1754406590853,"action":"FILE_CLOSED","file":"/src/main/java/com/yourcompany/game/SwitchExpressionAnalyzer.java","tags":{"FILE_LINE_OF_CODE":"68"}}
{"ts":1754406590853,"action":"FILE_OPENED","file":"/lombok_manual_log.csv","tags":{"FILE_LINE_OF_CODE":"null"}}
{"ts":1754406591713,"action":"FILE_CLOSED","file":"/lombok_manual_log.csv","tags":{"FILE_LINE_OF_CODE":"null"}}
{"ts":1754406591713,"action":"FILE_OPENED","file":"/src/main/java/com/yourcompany/game/PatternMatchingSwitchAnalyzer.java","tags":{"FILE_LINE_OF_CODE":"100"}}
{"ts":1754406593208,"action":"FILE_CLOSED","file":"/src/main/java/com/yourcompany/game/PatternMatchingSwitchAnalyzer.java","tags":{"FILE_LINE_OF_CODE":"100"}}
{"ts":1754406593208,"action":"FILE_OPENED","file":"/lombok_manual_log.csv","tags":{"FILE_LINE_OF_CODE":"null"}}
{"ts":1754406603866,"action":"IDE_DEACTIVATED"}
{"ts":1754406607458,"action":"IDE_ACTIVATED"}
{"ts":1754406630794,"action":"FILE_CLOSED","file":"/lombok_manual_log.csv","tags":{"FILE_LINE_OF_CODE":"null"}}
{"ts":1754406648514,"action":"FILE_OPENED","file":"/spring-framework_manual_log.csv","tags":{"FILE_LINE_OF_CODE":"null"}}
{"ts":1754406662848,"action":"IDE_DEACTIVATED"}
{"ts":1754406673368,"action":"IDE_ACTIVATED"}
{"ts":1754406692205,"action":"IDE_DEACTIVATED"}
{"ts":1754406692291,"action":"IDE_ACTIVATED"}
{"ts":1754406692579,"action":"IDE_DEACTIVATED"}
{"ts":1754406692683,"action":"IDE_ACTIVATED"}
{"ts":1754406692881,"action":"IDE_DEACTIVATED"}
{"ts":1754406692942,"action":"IDE_ACTIVATED"}
{"ts":1754406696738,"action":"IDE_DEACTIVATED"}
{"ts":1754406696790,"action":"IDE_ACTIVATED"}
{"ts":1754406698527,"action":"IDE_DEACTIVATED"}
{"ts":1754406698612,"action":"IDE_ACTIVATED"}
{"ts":1754406700890,"action":"IDE_DEACTIVATED"}
{"ts":1754406700948,"action":"IDE_ACTIVATED"}
{"ts":1754406701890,"action":"IDE_DEACTIVATED"}
{"ts":1754406701961,"action":"IDE_ACTIVATED"}
{"ts":1754406703297,"action":"IDE_DEACTIVATED"}
{"ts":1754406703369,"action":"IDE_ACTIVATED"}
{"ts":1754406705818,"action":"IDE_DEACTIVATED"}
{"ts":1754406705890,"action":"IDE_ACTIVATED"}
{"ts":1754406713614,"action":"IDE_DEACTIVATED"}
{"ts":1754406713671,"action":"IDE_ACTIVATED"}
{"ts":1754406715291,"action":"IDE_DEACTIVATED"}
{"ts":1754406715342,"action":"IDE_ACTIVATED"}
{"ts":1754406716733,"action":"IDE_DEACTIVATED"}
{"ts":1754406716784,"action":"IDE_ACTIVATED"}
{"ts":1754406719446,"action":"IDE_DEACTIVATED"}
{"ts":1754406719532,"action":"IDE_ACTIVATED"}
{"ts":1754406719805,"action":"IDE_DEACTIVATED"}
{"ts":1754406719857,"action":"IDE_ACTIVATED"}
{"ts":1754406720117,"action":"IDE_DEACTIVATED"}
{"ts":1754406720171,"action":"IDE_ACTIVATED"}
{"ts":1754406728310,"action":"IDE_DEACTIVATED"}
{"ts":1754406728379,"action":"IDE_ACTIVATED"}
{"ts":1754406734082,"action":"IDE_DEACTIVATED"}
{"ts":1754406734167,"action":"IDE_ACTIVATED"}
{"ts":1754406736024,"action":"IDE_DEACTIVATED"}
{"ts":1754406736096,"action":"IDE_ACTIVATED"}
{"ts":1754406743639,"action":"IDE_DEACTIVATED"}
{"ts":1754406743734,"action":"IDE_ACTIVATED"}
{"ts":1754406746296,"action":"IDE_DEACTIVATED"}
{"ts":1754406746337,"action":"IDE_ACTIVATED"}
{"ts":1754406747652,"action":"IDE_DEACTIVATED"}
{"ts":1754406748783,"action":"IDE_ACTIVATED"}
{"ts":1754406752220,"action":"IDE_DEACTIVATED"}
{"ts":1754406752635,"action":"IDE_ACTIVATED"}
{"ts":1754406752899,"action":"IDE_DEACTIVATED"}
{"ts":1754406753299,"action":"IDE_ACTIVATED"}
{"ts":1754406758231,"action":"IDE_DEACTIVATED"}
{"ts":1754406769491,"action":"IDE_ACTIVATED"}
{"ts":1754406790023,"action":"IDE_DEACTIVATED"}
{"ts":1754406800102,"action":"IDE_ACTIVATED"}
{"ts":1754406811862,"action":"IDE_DEACTIVATED"}
{"ts":1754406811870,"action":"IDE_ACTIVATED"}
{"ts":1754406811987,"action":"IDE_DEACTIVATED"}
{"ts":1754406812852,"action":"IDE_ACTIVATED"}
{"ts":1754406814057,"action":"IDE_DEACTIVATED"}
{"ts":1754406814695,"action":"IDE_ACTIVATED"}
{"ts":1754406818942,"action":"IDE_DEACTIVATED"}
{"ts":1754406821068,"action":"IDE_ACTIVATED"}
{"ts":1754406947055,"action":"IDE_DEACTIVATED"}
{"ts":1754406948911,"action":"IDE_ACTIVATED"}
{"ts":1754406957677,"action":"IDE_DEACTIVATED"}
{"ts":1754406958128,"action":"IDE_ACTIVATED"}
{"ts":1754406959801,"action":"IDE_DEACTIVATED"}
{"ts":1754407007117,"action":"IDE_ACTIVATED"}
{"ts":1754407008795,"action":"IDE_DEACTIVATED"}
{"ts":1754407107921,"action":"IDE_ACTIVATED"}
{"ts":1754407110215,"action":"IDE_DEACTIVATED"}
{"ts":1754407405301,"action":"IDE_ACTIVATED"}
{"ts":1754407409271,"action":"IDE_DEACTIVATED"}
{"ts":1754407456372,"action":"IDE_ACTIVATED"}
{"ts":1754407461152,"action":"IDE_DEACTIVATED"}
{"ts":1754407463354,"action":"IDE_ACTIVATED"}
{"ts":1754407469607,"action":"IDE_DEACTIVATED"}
{"ts":1754407480583,"action":"IDE_ACTIVATED"}
{"ts":1754407480873,"action":"IDE_DEACTIVATED"}
{"ts":1754407534191,"action":"IDE_ACTIVATED"}
{"ts":1754407534899,"action":"IDE_DEACTIVATED"}
{"ts":1754407535245,"action":"IDE_ACTIVATED"}
{"ts":1754407536501,"action":"IDE_DEACTIVATED"}
{"ts":1754407542435,"action":"IDE_ACTIVATED"}
{"ts":1754407546278,"action":"IDE_DEACTIVATED"}
{"ts":1754407546820,"action":"IDE_ACTIVATED"}
{"ts":1754407564686,"action":"IDE_DEACTIVATED"}
{"ts":1754407564769,"action":"IDE_ACTIVATED"}
{"ts":1754407565163,"action":"IDE_DEACTIVATED"}
{"ts":1754407566071,"action":"IDE_ACTIVATED"}
{"ts":1754407567223,"action":"IDE_DEACTIVATED"}
{"ts":1754407577363,"action":"IDE_ACTIVATED"}
{"ts":1754407582936,"action":"IDE_DEACTIVATED"}
{"ts":1754407594890,"action":"IDE_ACTIVATED"}
{"ts":1754407678454,"action":"IDE_DEACTIVATED"}
{"ts":1754407689412,"action":"IDE_ACTIVATED"}
{"ts":1754407694176,"action":"IDE_DEACTIVATED"}
{"ts":1754407695107,"action":"IDE_ACTIVATED"}
{"ts":1754407698275,"action":"IDE_DEACTIVATED"}
{"ts":1754407699635,"action":"IDE_ACTIVATED"}
{"ts":1754407701522,"action":"IDE_DEACTIVATED"}
{"ts":1754407701613,"action":"IDE_ACTIVATED"}
{"ts":1754407704769,"action":"IDE_DEACTIVATED"}
{"ts":1754407716108,"action":"IDE_ACTIVATED"}
{"ts":1754407717172,"action":"IDE_DEACTIVATED"}
{"ts":1754407726163,"action":"IDE_ACTIVATED"}
{"ts":1754407727562,"action":"IDE_DEACTIVATED"}
{"ts":1754407727993,"action":"IDE_ACTIVATED"}
{"ts":1754407728522,"action":"IDE_DEACTIVATED"}
{"ts":1754407852395,"action":"IDE_ACTIVATED"}
{"ts":1754407889736,"action":"IDE_DEACTIVATED"}
{"ts":1754407919870,"action":"IDE_ACTIVATED"}
{"ts":1754407955894,"action":"IDE_DEACTIVATED"}
{"ts":1754407956659,"action":"IDE_ACTIVATED"}
{"ts":1754407956945,"action":"IDE_DEACTIVATED"}
{"ts":1754407957891,"action":"IDE_ACTIVATED"}
{"ts":1754407980780,"action":"IDE_DEACTIVATED"}
{"ts":1754407983486,"action":"IDE_ACTIVATED"}
{"ts":1754407984448,"action":"IDE_DEACTIVATED"}
{"ts":1754407987433,"action":"IDE_ACTIVATED"}
{"ts":1754407988045,"action":"IDE_DEACTIVATED"}
{"ts":1754407988547,"action":"IDE_ACTIVATED"}
{"ts":1754408000043,"action":"IDE_DEACTIVATED"}
{"ts":1754408005244,"action":"IDE_ACTIVATED"}
{"ts":1754408006269,"action":"IDE_DEACTIVATED"}
{"ts":1754408006799,"action":"IDE_ACTIVATED"}
{"ts":1754408007523,"action":"IDE_DEACTIVATED"}
{"ts":1754408018548,"action":"IDE_ACTIVATED"}
{"ts":1754408043246,"action":"IDE_DEACTIVATED"}
{"ts":1754408052022,"action":"IDE_ACTIVATED"}
{"ts":1754408065939,"action":"IDE_DEACTIVATED"}
{"ts":1754408071374,"action":"IDE_ACTIVATED"}
{"ts":1754408111926,"action":"IDE_DEACTIVATED"}
{"ts":1754408117315,"action":"IDE_ACTIVATED"}
{"ts":1754408118037,"action":"IDE_DEACTIVATED"}
{"ts":1754408118387,"action":"IDE_ACTIVATED"}
{"ts":1754408159941,"action":"IDE_DEACTIVATED"}
{"ts":1754408209097,"action":"IDE_ACTIVATED"}
{"ts":1754408223767,"action":"IDE_DEACTIVATED"}
{"ts":1754408227206,"action":"IDE_ACTIVATED"}
{"ts":1754408229261,"action":"IDE_DEACTIVATED"}
{"ts":1754408229841,"action":"IDE_ACTIVATED"}
{"ts":1754408230140,"action":"IDE_DEACTIVATED"}
{"ts":1754408233114,"action":"IDE_ACTIVATED"}
{"ts":1754408240278,"action":"IDE_DEACTIVATED"}
{"ts":1754408244389,"action":"IDE_ACTIVATED"}
{"ts":1754408268827,"action":"IDE_DEACTIVATED"}
{"ts":1754409086220,"action":"IDE_ACTIVATED"}
{"ts":1754409087106,"action":"IDE_DEACTIVATED"}
{"ts":1754409090868,"action":"IDE_ACTIVATED"}
{"ts":1754409095415,"action":"IDE_DEACTIVATED"}
{"ts":1754409098684,"action":"IDE_ACTIVATED"}
{"ts":1754409101385,"action":"IDE_DEACTIVATED"}
{"ts":1754409101782,"action":"IDE_ACTIVATED"}
{"ts":1754409115637,"action":"IDE_DEACTIVATED"}
{"ts":1754409116706,"action":"IDE_ACTIVATED"}
{"ts":1754409117431,"action":"IDE_DEACTIVATED"}
{"ts":1754409117701,"action":"IDE_ACTIVATED"}
{"ts":1754409124398,"action":"IDE_DEACTIVATED"}
{"ts":1754409125644,"action":"IDE_ACTIVATED"}
{"ts":1754409135533,"action":"IDE_DEACTIVATED"}
{"ts":1754409137659,"action":"IDE_ACTIVATED"}
{"ts":1754409140315,"action":"IDE_DEACTIVATED"}
{"ts":1754409140406,"action":"IDE_ACTIVATED"}
{"ts":1754409144309,"action":"IDE_DEACTIVATED"}
{"ts":1754409144404,"action":"IDE_ACTIVATED"}
{"ts":1754409145000,"action":"IDE_DEACTIVATED"}
{"ts":1754409145088,"action":"IDE_ACTIVATED"}
{"ts":1754409147035,"action":"IDE_DEACTIVATED"}
{"ts":1754409147119,"action":"IDE_ACTIVATED"}
{"ts":1754409148112,"action":"IDE_DEACTIVATED"}
{"ts":1754409148203,"action":"IDE_ACTIVATED"}
{"ts":1754409166081,"action":"IDE_DEACTIVATED"}
{"ts":1754409168754,"action":"IDE_ACTIVATED"}
{"ts":1754409174394,"action":"FILE_CLOSED","file":"/spring-framework_manual_log.csv","tags":{"FILE_LINE_OF_CODE":"null"}}
{"ts":1754409174394,"action":"FILE_OPENED","file":"/raport.md","tags":{"FILE_LINE_OF_CODE":"43"}}
{"ts":1754409202033,"action":"FILE_CLOSED","file":"/raport.md","tags":{"FILE_LINE_OF_CODE":"44"}}
{"ts":1754409212532,"action":"FILE_OPENED","file":"/lombok_manual_log.csv","tags":{"FILE_LINE_OF_CODE":"null"}}
{"ts":1754409212559,"action":"FILE_CLOSED","file":"/lombok_manual_log.csv","tags":{"FILE_LINE_OF_CODE":"null"}}
{"ts":1754409212600,"action":"FILE_OPENED","file":"/raport.md","tags":{"FILE_LINE_OF_CODE":"44"}}
{"ts":1754409236967,"action":"FILE_CLOSED","file":"/raport.md","tags":{"FILE_LINE_OF_CODE":"47"}}
{"ts":1754409252624,"action":"FILE_OPENED","file":"/raport.md","tags":{"FILE_LINE_OF_CODE":"47"}}
{"ts":1754409253563,"action":"FILE_CLOSED","file":"/raport.md","tags":{"FILE_LINE_OF_CODE":"47"}}
{"ts":1754409259452,"action":"FILE_OPENED","file":"/spring-framework_manual_log.csv","tags":{"FILE_LINE_OF_CODE":"null"}}
{"ts":1754409270772,"action":"FILE_CLOSED","file":"/spring-framework_manual_log.csv","tags":{"FILE_LINE_OF_CODE":"null"}}
{"ts":1754409270772,"action":"FILE_OPENED","file":"/raport.md","tags":{"FILE_LINE_OF_CODE":"47"}}
{"ts":1754409271838,"action":"FILE_CLOSED","file":"/raport.md","tags":{"FILE_LINE_OF_CODE":"47"}}
{"ts":1754409271838,"action":"FILE_OPENED","file":"/spring-framework_manual_log.csv","tags":{"FILE_LINE_OF_CODE":"null"}}
{"ts":1754409289191,"action":"IDE_DEACTIVATED"}
{"ts":1754409289525,"action":"IDE_ACTIVATED"}
{"ts":1754409290398,"action":"IDE_DEACTIVATED"}
{"ts":1754409290742,"action":"IDE_ACTIVATED"}
{"ts":1754409304547,"action":"IDE_DEACTIVATED"}
{"ts":1754409304647,"action":"IDE_ACTIVATED"}
{"ts":1754409307804,"action":"IDE_DEACTIVATED"}
{"ts":1754409308066,"action":"IDE_ACTIVATED"}
{"ts":1754409316509,"action":"IDE_DEACTIVATED"}
{"ts":1754409316590,"action":"IDE_ACTIVATED"}
{"ts":1754409318899,"action":"IDE_DEACTIVATED"}
{"ts":1754409319027,"action":"IDE_ACTIVATED"}
{"ts":1754409323328,"action":"IDE_DEACTIVATED"}
{"ts":1754409323411,"action":"IDE_ACTIVATED"}
{"ts":1754409324329,"action":"IDE_DEACTIVATED"}
{"ts":1754409324421,"action":"IDE_ACTIVATED"}
{"ts":1754409324760,"action":"IDE_DEACTIVATED"}
{"ts":1754409324858,"action":"IDE_ACTIVATED"}
{"ts":1754409325441,"action":"IDE_DEACTIVATED"}
{"ts":1754409325497,"action":"IDE_ACTIVATED"}
{"ts":1754409328313,"action":"IDE_DEACTIVATED"}
{"ts":1754409328373,"action":"IDE_ACTIVATED"}
{"ts":1754409328884,"action":"IDE_DEACTIVATED"}
{"ts":1754409328952,"action":"IDE_ACTIVATED"}
{"ts":1754409331769,"action":"IDE_DEACTIVATED"}
{"ts":1754409331854,"action":"IDE_ACTIVATED"}
{"ts":1754409332384,"action":"IDE_DEACTIVATED"}
{"ts":1754409332453,"action":"IDE_ACTIVATED"}
{"ts":1754409341161,"action":"IDE_DEACTIVATED"}
{"ts":1754409341239,"action":"IDE_ACTIVATED"}
{"ts":1754409343965,"action":"IDE_DEACTIVATED"}
{"ts":1754409344001,"action":"IDE_ACTIVATED"}
{"ts":1754409390819,"action":"IDE_DEACTIVATED"}
{"ts":1754409390912,"action":"IDE_ACTIVATED"}
{"ts":1754409393634,"action":"IDE_DEACTIVATED"}
{"ts":1754409393670,"action":"IDE_ACTIVATED"}
{"ts":1754409394535,"action":"IDE_DEACTIVATED"}
{"ts":1754409394644,"action":"IDE_ACTIVATED"}
{"ts":1754409396087,"action":"IDE_DEACTIVATED"}
{"ts":1754409396185,"action":"IDE_ACTIVATED"}
{"ts":1754409424603,"action":"IDE_DEACTIVATED"}
{"ts":1754409426050,"action":"IDE_ACTIVATED"}
{"ts":1754409428382,"action":"IDE_DEACTIVATED"}
{"ts":1754409430354,"action":"IDE_ACTIVATED"}
{"ts":1754409440868,"action":"IDE_DEACTIVATED"}
{"ts":1754409443756,"action":"IDE_ACTIVATED"}
{"ts":1754409460143,"action":"IDE_DEACTIVATED"}
{"ts":1754409465784,"action":"IDE_ACTIVATED"}
{"ts":1754409467218,"action":"IDE_DEACTIVATED"}
{"ts":1754409467501,"action":"IDE_ACTIVATED"}
{"ts":1754409467695,"action":"IDE_DEACTIVATED"}
{"ts":1754409468293,"action":"IDE_ACTIVATED"}
{"ts":1754409468679,"action":"IDE_DEACTIVATED"}
{"ts":1754409469697,"action":"IDE_ACTIVATED"}
{"ts":1754409469964,"action":"IDE_DEACTIVATED"}
{"ts":1754409475801,"action":"IDE_ACTIVATED"}
{"ts":1754409484827,"action":"IDE_DEACTIVATED"}
{"ts":1754409485951,"action":"IDE_ACTIVATED"}
{"ts":1754409488436,"action":"IDE_DEACTIVATED"}
{"ts":1754409490842,"action":"IDE_ACTIVATED"}
{"ts":1754409493965,"action":"IDE_DEACTIVATED"}
{"ts":1754409494552,"action":"IDE_ACTIVATED"}
{"ts":1754409494793,"action":"IDE_DEACTIVATED"}
{"ts":1754409495685,"action":"IDE_ACTIVATED"}
{"ts":1754409495887,"action":"IDE_DEACTIVATED"}
{"ts":1754409496355,"action":"IDE_ACTIVATED"}
{"ts":1754409500586,"action":"IDE_DEACTIVATED"}
{"ts":1754409500645,"action":"IDE_ACTIVATED"}
{"ts":1754409501808,"action":"IDE_DEACTIVATED"}
{"ts":1754409501895,"action":"IDE_ACTIVATED"}
{"ts":1754409502507,"action":"IDE_DEACTIVATED"}
{"ts":1754409502586,"action":"IDE_ACTIVATED"}
{"ts":1754409526958,"action":"IDE_DEACTIVATED"}
{"ts":1754409528071,"action":"IDE_ACTIVATED"}
{"ts":1754409590946,"action":"IDE_DEACTIVATED"}
{"ts":1754409591522,"action":"IDE_ACTIVATED"}
{"ts":1754409592198,"action":"IDE_DEACTIVATED"}
{"ts":1754409592467,"action":"IDE_ACTIVATED"}
{"ts":1754409597663,"action":"IDE_DEACTIVATED"}
{"ts":1754409597751,"action":"IDE_ACTIVATED"}
{"ts":1754409609043,"action":"IDE_DEACTIVATED"}
{"ts":1754409609156,"action":"IDE_ACTIVATED"}
{"ts":1754409617652,"action":"FILE_CLOSED","file":"/spring-framework_manual_log.csv","tags":{"FILE_LINE_OF_CODE":"null"}}
{"ts":1754409617652,"action":"FILE_OPENED","file":"/lombok_manual_log.csv","tags":{"FILE_LINE_OF_CODE":"null"}}
{"ts":1754409618240,"action":"FILE_CLOSED","file":"/lombok_manual_log.csv","tags":{"FILE_LINE_OF_CODE":"null"}}
{"ts":1754409618240,"action":"FILE_OPENED","file":"/spring-framework_manual_log.csv","tags":{"FILE_LINE_OF_CODE":"null"}}
{"ts":1754409618922,"action":"FILE_CLOSED","file":"/spring-framework_manual_log.csv","tags":{"FILE_LINE_OF_CODE":"null"}}
{"ts":1754409618922,"action":"FILE_OPENED","file":"/raport.md","tags":{"FILE_LINE_OF_CODE":"47"}}
{"ts":1754409621397,"action":"FILE_CLOSED","file":"/raport.md","tags":{"FILE_LINE_OF_CODE":"47"}}
{"ts":1754409621397,"action":"FILE_OPENED","file":"/spring-framework_manual_log.csv","tags":{"FILE_LINE_OF_CODE":"null"}}
{"ts":1754409627112,"action":"IDE_DEACTIVATED"}
{"ts":1754409627533,"action":"IDE_ACTIVATED"}
{"ts":1754409639520,"action":"IDE_DEACTIVATED"}
{"ts":1754409639629,"action":"IDE_ACTIVATED"}
{"ts":1754409642701,"action":"IDE_DEACTIVATED"}
{"ts":1754409642827,"action":"IDE_ACTIVATED"}
{"ts":1754409664122,"action":"IDE_DEACTIVATED"}
{"ts":1754409664177,"action":"IDE_ACTIVATED"}
{"ts":1754409664886,"action":"IDE_DEACTIVATED"}
{"ts":1754409664969,"action":"IDE_ACTIVATED"}
{"ts":1754409665438,"action":"IDE_DEACTIVATED"}
{"ts":1754409665548,"action":"IDE_ACTIVATED"}
{"ts":1754409668048,"action":"IDE_DEACTIVATED"}
{"ts":1754409668066,"action":"IDE_ACTIVATED"}
{"ts":1754409668572,"action":"IDE_DEACTIVATED"}
{"ts":1754409668683,"action":"IDE_ACTIVATED"}
{"ts":1754409669698,"action":"IDE_DEACTIVATED"}
{"ts":1754409669796,"action":"IDE_ACTIVATED"}
{"ts":1754409671952,"action":"IDE_DEACTIVATED"}
{"ts":1754409672060,"action":"IDE_ACTIVATED"}
{"ts":1754409673429,"action":"IDE_DEACTIVATED"}
{"ts":1754409673527,"action":"IDE_ACTIVATED"}
{"ts":1754409704777,"action":"IDE_DEACTIVATED"}
{"ts":1754409704844,"action":"IDE_ACTIVATED"}
{"ts":1754409708519,"action":"IDE_DEACTIVATED"}
{"ts":1754409708561,"action":"IDE_ACTIVATED"}
{"ts":1754409715251,"action":"IDE_DEACTIVATED"}
{"ts":1754409715363,"action":"IDE_ACTIVATED"}
{"ts":1754409719329,"action":"IDE_DEACTIVATED"}
{"ts":1754409719351,"action":"IDE_ACTIVATED"}
{"ts":1754409720951,"action":"IDE_DEACTIVATED"}
{"ts":1754409721077,"action":"IDE_ACTIVATED"}
{"ts":1754409724617,"action":"IDE_DEACTIVATED"}
{"ts":1754409724726,"action":"IDE_ACTIVATED"}
{"ts":1754409728567,"action":"IDE_DEACTIVATED"}
{"ts":1754409728678,"action":"IDE_ACTIVATED"}
{"ts":1754409729684,"action":"IDE_DEACTIVATED"}
{"ts":1754409729757,"action":"IDE_ACTIVATED"}
{"ts":1754409733968,"action":"IDE_DEACTIVATED"}
{"ts":1754409734043,"action":"IDE_ACTIVATED"}
{"ts":1754409734490,"action":"IDE_DEACTIVATED"}
{"ts":1754409734620,"action":"IDE_ACTIVATED"}
{"ts":1754409736611,"action":"IDE_DEACTIVATED"}
{"ts":1754409736698,"action":"IDE_ACTIVATED"}
{"ts":1754409749544,"action":"IDE_DEACTIVATED"}
{"ts":1754409749631,"action":"IDE_ACTIVATED"}
{"ts":1754409750539,"action":"IDE_DEACTIVATED"}
{"ts":1754409750643,"action":"IDE_ACTIVATED"}
{"ts":1754409750792,"action":"IDE_DEACTIVATED"}
{"ts":1754409750838,"action":"IDE_ACTIVATED"}
{"ts":1754409791728,"action":"IDE_DEACTIVATED"}
{"ts":1754409791825,"action":"IDE_ACTIVATED"}
{"ts":1754409796483,"action":"IDE_DEACTIVATED"}
{"ts":1754409796591,"action":"IDE_ACTIVATED"}
{"ts":1754409803379,"action":"IDE_DEACTIVATED"}
{"ts":1754409803482,"action":"IDE_ACTIVATED"}
{"ts":1754409804193,"action":"IDE_DEACTIVATED"}
{"ts":1754409804328,"action":"IDE_ACTIVATED"}
{"ts":1754409829387,"action":"IDE_DEACTIVATED"}
{"ts":1754409829477,"action":"IDE_ACTIVATED"}
{"ts":1754409857699,"action":"IDE_DEACTIVATED"}
{"ts":1754409857796,"action":"IDE_ACTIVATED"}
{"ts":1754409894117,"action":"IDE_DEACTIVATED"}
{"ts":1754409894245,"action":"IDE_ACTIVATED"}
{"ts":1754409894363,"action":"IDE_DEACTIVATED"}
{"ts":1754409894497,"action":"IDE_ACTIVATED"}
{"ts":1754409898148,"action":"IDE_DEACTIVATED"}
{"ts":1754409898705,"action":"IDE_ACTIVATED"}
{"ts":1754409899147,"action":"IDE_DEACTIVATED"}
{"ts":1754409899612,"action":"IDE_ACTIVATED"}
{"ts":1754409900535,"action":"IDE_DEACTIVATED"}
{"ts":1754409900947,"action":"IDE_ACTIVATED"}
{"ts":1754409902444,"action":"FILE_CLOSED","file":"/spring-framework_manual_log.csv","tags":{"FILE_LINE_OF_CODE":"null"}}
{"ts":1754409902444,"action":"FILE_OPENED","file":"/raport.md","tags":{"FILE_LINE_OF_CODE":"47"}}
{"ts":1754409920008,"action":"IDE_DEACTIVATED"}
{"ts":1754409920066,"action":"IDE_ACTIVATED"}
{"ts":1754409920270,"action":"IDE_DEACTIVATED"}
{"ts":1754409920365,"action":"IDE_ACTIVATED"}
{"ts":1754409920928,"action":"FILE_CLOSED","file":"/raport.md","tags":{"FILE_LINE_OF_CODE":"49"}}
{"ts":1754409920928,"action":"FILE_OPENED","file":"/spring-framework_manual_log.csv","tags":{"FILE_LINE_OF_CODE":"null"}}
{"ts":1754409921620,"action":"FILE_CLOSED","file":"/spring-framework_manual_log.csv","tags":{"FILE_LINE_OF_CODE":"null"}}
{"ts":1754409921620,"action":"FILE_OPENED","file":"/lombok_manual_log.csv","tags":{"FILE_LINE_OF_CODE":"null"}}
{"ts":1754409924188,"action":"FILE_CLOSED","file":"/lombok_manual_log.csv","tags":{"FILE_LINE_OF_CODE":"null"}}
{"ts":1754409928478,"action":"FILE_OPENED","file":"/raport.md","tags":{"FILE_LINE_OF_CODE":"49"}}
{"ts":1754409930231,"action":"IDE_DEACTIVATED"}
{"ts":1754409930644,"action":"IDE_ACTIVATED"}
{"ts":1754409931790,"action":"IDE_DEACTIVATED"}
{"ts":1754409932610,"action":"IDE_ACTIVATED"}
{"ts":1754409933851,"action":"FILE_CLOSED","file":"/raport.md","tags":{"FILE_LINE_OF_CODE":"49"}}
{"ts":1754409934720,"action":"FILE_OPENED","file":"/lombok_manual_log.csv","tags":{"FILE_LINE_OF_CODE":"null"}}
{"ts":1754409935973,"action":"FILE_CLOSED","file":"/lombok_manual_log.csv","tags":{"FILE_LINE_OF_CODE":"null"}}
{"ts":1754409940536,"action":"FILE_OPENED","file":"/spring-framework_manual_log.csv","tags":{"FILE_LINE_OF_CODE":"null"}}
{"ts":1754409950139,"action":"IDE_DEACTIVATED"}
{"ts":1754409950250,"action":"IDE_ACTIVATED"}
{"ts":1754409950611,"action":"IDE_DEACTIVATED"}
{"ts":1754409950673,"action":"IDE_ACTIVATED"}
{"ts":1754409954088,"action":"FILE_CLOSED","file":"/spring-framework_manual_log.csv","tags":{"FILE_LINE_OF_CODE":"null"}}
{"ts":1754409961367,"action":"FILE_OPENED","file":"/spring-framework_manual_log.csv","tags":{"FILE_LINE_OF_CODE":"null"}}
{"ts":1754409968979,"action":"FILE_CLOSED","file":"/spring-framework_manual_log.csv","tags":{"FILE_LINE_OF_CODE":"null"}}
{"ts":1754410019729,"action":"FILE_OPENED","file":"/jackson-databind_manual_log.csv","tags":{"FILE_LINE_OF_CODE":"null"}}
{"ts":1754410026161,"action":"IDE_DEACTIVATED"}
{"ts":1754410034313,"action":"IDE_ACTIVATED"}
{"ts":1754410037476,"action":"IDE_DEACTIVATED"}
{"ts":1754410037807,"action":"IDE_ACTIVATED"}
{"ts":1754410043838,"action":"FILE_CLOSED","file":"/jackson-databind_manual_log.csv","tags":{"FILE_LINE_OF_CODE":"null"}}
{"ts":1754410043838,"action":"FILE_OPENED","file":"/raport.md","tags":{"FILE_LINE_OF_CODE":"49"}}
{"ts":1754410056304,"action":"FILE_CLOSED","file":"/raport.md","tags":{"FILE_LINE_OF_CODE":"49"}}
{"ts":1754410063023,"action":"FILE_OPENED","file":"/raport.md","tags":{"FILE_LINE_OF_CODE":"49"}}
{"ts":1754410095912,"action":"FILE_CLOSED","file":"/raport.md","tags":{"FILE_LINE_OF_CODE":"55"}}
{"ts":1754410095928,"action":"FILE_OPENED","file":"/jackson-modules-java8_manual_log.csv","tags":{"FILE_LINE_OF_CODE":"null"}}
{"ts":1754410097441,"action":"FILE_CLOSED","file":"/jackson-modules-java8_manual_log.csv","tags":{"FILE_LINE_OF_CODE":"null"}}
{"ts":1754410097444,"action":"FILE_OPENED","file":"/jackson-databind_manual_log.csv","tags":{"FILE_LINE_OF_CODE":"null"}}
{"ts":1754410103471,"action":"IDE_DEACTIVATED"}
{"ts":1754410104482,"action":"IDE_ACTIVATED"}
{"ts":1754410120750,"action":"IDE_DEACTIVATED"}
{"ts":1754410120824,"action":"IDE_ACTIVATED"}
{"ts":1754410124002,"action":"IDE_DEACTIVATED"}
{"ts":1754410124085,"action":"IDE_ACTIVATED"}
{"ts":1754410126713,"action":"IDE_DEACTIVATED"}
{"ts":1754410126746,"action":"IDE_ACTIVATED"}
{"ts":1754410137179,"action":"IDE_DEACTIVATED"}
{"ts":1754410137252,"action":"IDE_ACTIVATED"}
{"ts":1754410137491,"action":"IDE_DEACTIVATED"}
{"ts":1754410137567,"action":"IDE_ACTIVATED"}
{"ts":1754410138216,"action":"IDE_DEACTIVATED"}
{"ts":1754410138294,"action":"IDE_ACTIVATED"}
{"ts":1754410140699,"action":"IDE_DEACTIVATED"}
{"ts":1754410141386,"action":"IDE_ACTIVATED"}
{"ts":1754410142269,"action":"FILE_CLOSED","file":"/jackson-databind_manual_log.csv","tags":{"FILE_LINE_OF_CODE":"null"}}
{"ts":1754410142269,"action":"FILE_OPENED","file":"/raport.md","tags":{"FILE_LINE_OF_CODE":"55"}}
{"ts":1754410159479,"action":"FILE_CLOSED","file":"/raport.md","tags":{"FILE_LINE_OF_CODE":"57"}}
{"ts":1754410159479,"action":"FILE_OPENED","file":"/jackson-databind_manual_log.csv","tags":{"FILE_LINE_OF_CODE":"null"}}
{"ts":1754410159993,"action":"FILE_CLOSED","file":"/jackson-databind_manual_log.csv","tags":{"FILE_LINE_OF_CODE":"null"}}
{"ts":1754410159993,"action":"FILE_OPENED","file":"/raport.md","tags":{"FILE_LINE_OF_CODE":"57"}}
{"ts":1754410162069,"action":"FILE_CLOSED","file":"/raport.md","tags":{"FILE_LINE_OF_CODE":"57"}}
{"ts":1754410180233,"action":"FILE_OPENED","file":"/raport.md","tags":{"FILE_LINE_OF_CODE":"57"}}
{"ts":1754410180875,"action":"FILE_CLOSED","file":"/raport.md","tags":{"FILE_LINE_OF_CODE":"57"}}
{"ts":1754410191219,"action":"FILE_OPENED","file":"/raport.md","tags":{"FILE_LINE_OF_CODE":"57"}}
{"ts":1754410195297,"action":"FILE_CLOSED","file":"/raport.md","tags":{"FILE_LINE_OF_CODE":"57"}}
{"ts":1754410195341,"action":"FILE_OPENED","file":"/spring-framework_manual_log.csv","tags":{"FILE_LINE_OF_CODE":"null"}}
{"ts":1754410202109,"action":"FILE_CLOSED","file":"/spring-framework_manual_log.csv","tags":{"FILE_LINE_OF_CODE":"null"}}
{"ts":1754410202109,"action":"FILE_OPENED","file":"/raport.md","tags":{"FILE_LINE_OF_CODE":"57"}}
{"ts":1754410212309,"action":"FILE_CLOSED","file":"/raport.md","tags":{"FILE_LINE_OF_CODE":"57"}}
{"ts":1754410224228,"action":"FILE_OPENED","file":"/raport.md","tags":{"FILE_LINE_OF_CODE":"57"}}
{"ts":1754410232821,"action":"IDE_DEACTIVATED"}
{"ts":1754410243456,"action":"IDE_ACTIVATED"}
{"ts":1754410254989,"action":"IDE_DEACTIVATED"}
{"ts":1754410256315,"action":"IDE_ACTIVATED"}
{"ts":1754410257136,"action":"IDE_DEACTIVATED"}
{"ts":1754410257987,"action":"IDE_ACTIVATED"}
{"ts":1754410259331,"action":"IDE_DEACTIVATED"}
{"ts":1754410259768,"action":"IDE_ACTIVATED"}
{"ts":1754410261302,"action":"FILE_CLOSED","file":"/raport.md","tags":{"FILE_LINE_OF_CODE":"57"}}
{"ts":1754410262942,"action":"FILE_OPENED","file":"/raport.md","tags":{"FILE_LINE_OF_CODE":"57"}}
{"ts":1754410263369,"action":"IDE_DEACTIVATED"}
{"ts":1754410263473,"action":"IDE_ACTIVATED"}
{"ts":1754410263891,"action":"IDE_DEACTIVATED"}
{"ts":1754410263985,"action":"IDE_ACTIVATED"}
{"ts":1754410267871,"action":"FILE_CLOSED","file":"/raport.md","tags":{"FILE_LINE_OF_CODE":"57"}}
{"ts":1754410267893,"action":"FILE_OPENED","file":"/spring-framework_manual_log.csv","tags":{"FILE_LINE_OF_CODE":"null"}}
{"ts":1754410272202,"action":"IDE_DEACTIVATED"}
{"ts":1754410272305,"action":"IDE_ACTIVATED"}
{"ts":1754410281548,"action":"IDE_DEACTIVATED"}
{"ts":1754410281637,"action":"IDE_ACTIVATED"}
{"ts":1754410301562,"action":"IDE_DEACTIVATED"}
{"ts":1754410301645,"action":"IDE_ACTIVATED"}
{"ts":1754410301866,"action":"IDE_DEACTIVATED"}
{"ts":1754410301955,"action":"IDE_ACTIVATED"}
{"ts":1754410302499,"action":"IDE_DEACTIVATED"}
{"ts":1754410302613,"action":"IDE_ACTIVATED"}
{"ts":1754410303592,"action":"IDE_DEACTIVATED"}
{"ts":1754410303674,"action":"IDE_ACTIVATED"}
{"ts":1754410304354,"action":"IDE_ACTIVATED"}
{"ts":1754410304510,"action":"IDE_DEACTIVATED"}
{"ts":1754410304585,"action":"IDE_ACTIVATED"}
{"ts":1754410306232,"action":"IDE_DEACTIVATED"}
{"ts":1754410306298,"action":"IDE_ACTIVATED"}
{"ts":1754410310403,"action":"IDE_DEACTIVATED"}
{"ts":1754410310489,"action":"IDE_ACTIVATED"}
{"ts":1754410311903,"action":"IDE_DEACTIVATED"}
{"ts":1754410312054,"action":"IDE_ACTIVATED"}
{"ts":1754410312776,"action":"IDE_DEACTIVATED"}
{"ts":1754410312859,"action":"IDE_ACTIVATED"}
{"ts":1754410313737,"action":"IDE_DEACTIVATED"}
{"ts":1754410313795,"action":"IDE_ACTIVATED"}
{"ts":1754410315255,"action":"IDE_DEACTIVATED"}
{"ts":1754410315343,"action":"IDE_ACTIVATED"}
{"ts":1754410316026,"action":"IDE_DEACTIVATED"}
{"ts":1754410316109,"action":"IDE_ACTIVATED"}
{"ts":1754410317773,"action":"IDE_DEACTIVATED"}
{"ts":1754410317859,"action":"IDE_ACTIVATED"}
{"ts":1754410319661,"action":"IDE_DEACTIVATED"}
{"ts":1754410319749,"action":"IDE_ACTIVATED"}
{"ts":1754410322074,"action":"IDE_DEACTIVATED"}
{"ts":1754410322189,"action":"IDE_ACTIVATED"}
{"ts":1754410322872,"action":"IDE_DEACTIVATED"}
{"ts":1754410322998,"action":"IDE_ACTIVATED"}
{"ts":1754410353362,"action":"IDE_DEACTIVATED"}
{"ts":1754410354609,"action":"IDE_ACTIVATED"}
{"ts":1754410355407,"action":"IDE_DEACTIVATED"}
{"ts":1754410355935,"action":"IDE_ACTIVATED"}
{"ts":1754410356070,"action":"IDE_DEACTIVATED"}
{"ts":1754410356487,"action":"IDE_ACTIVATED"}
{"ts":1754410356739,"action":"IDE_DEACTIVATED"}
{"ts":1754410358924,"action":"IDE_ACTIVATED"}
{"ts":1754410359584,"action":"FILE_CLOSED","file":"/spring-framework_manual_log.csv","tags":{"FILE_LINE_OF_CODE":"null"}}
{"ts":1754410359584,"action":"FILE_OPENED","file":"/raport.md","tags":{"FILE_LINE_OF_CODE":"57"}}
{"ts":1754410372132,"action":"IDE_DEACTIVATED"}
{"ts":1754410372261,"action":"IDE_ACTIVATED"}
{"ts":1754410373607,"action":"IDE_DEACTIVATED"}
{"ts":1754410373698,"action":"IDE_ACTIVATED"}
{"ts":1754410374006,"action":"IDE_DEACTIVATED"}
{"ts":1754410374706,"action":"IDE_ACTIVATED"}
{"ts":1754410381554,"action":"FILE_CLOSED","file":"/raport.md","tags":{"FILE_LINE_OF_CODE":"57"}}
{"ts":1754410389778,"action":"FILE_OPENED","file":"/spring-framework_manual_log.csv","tags":{"FILE_LINE_OF_CODE":"null"}}
{"ts":1754410390813,"action":"FILE_CLOSED","file":"/spring-framework_manual_log.csv","tags":{"FILE_LINE_OF_CODE":"null"}}
{"ts":1754410400936,"action":"FILE_OPENED","file":"/raport.md","tags":{"FILE_LINE_OF_CODE":"57"}}
{"ts":1754410402119,"action":"FILE_CLOSED","file":"/raport.md","tags":{"FILE_LINE_OF_CODE":"57"}}
{"ts":1754410402119,"action":"FILE_OPENED","file":"/spring-framework_manual_log.csv","tags":{"FILE_LINE_OF_CODE":"null"}}
{"ts":1754410413410,"action":"FILE_CLOSED","file":"/spring-framework_manual_log.csv","tags":{"FILE_LINE_OF_CODE":"null"}}
{"ts":1754410423116,"action":"FILE_OPENED","file":"/raport.md","tags":{"FILE_LINE_OF_CODE":"57"}}
{"ts":1754410429001,"action":"FILE_CLOSED","file":"/raport.md","tags":{"FILE_LINE_OF_CODE":"57"}}
{"ts":1754410429004,"action":"FILE_OPENED","file":"/spring-framework_manual_log.csv","tags":{"FILE_LINE_OF_CODE":"null"}}
{"ts":1754410458166,"action":"FILE_CLOSED","file":"/spring-framework_manual_log.csv","tags":{"FILE_LINE_OF_CODE":"null"}}
{"ts":1754410470441,"action":"FILE_OPENED","file":"/spring-framework_manual_log.csv","tags":{"FILE_LINE_OF_CODE":"null"}}
{"ts":1754410487909,"action":"IDE_DEACTIVATED"}
{"ts":1754410489386,"action":"IDE_ACTIVATED"}
{"ts":1754410489893,"action":"IDE_DEACTIVATED"}
{"ts":1754410491490,"action":"IDE_ACTIVATED"}
{"ts":1754410505295,"action":"IDE_DEACTIVATED"}
{"ts":1754410505399,"action":"IDE_ACTIVATED"}
{"ts":1754410507504,"action":"IDE_DEACTIVATED"}
{"ts":1754410507597,"action":"IDE_ACTIVATED"}
{"ts":1754410514896,"action":"IDE_DEACTIVATED"}
{"ts":1754410514992,"action":"IDE_ACTIVATED"}
{"ts":1754410516848,"action":"IDE_DEACTIVATED"}
{"ts":1754410516946,"action":"IDE_ACTIVATED"}
{"ts":1754410518519,"action":"IDE_DEACTIVATED"}
{"ts":1754410518613,"action":"IDE_ACTIVATED"}
{"ts":1754410520214,"action":"IDE_DEACTIVATED"}
{"ts":1754410520299,"action":"IDE_ACTIVATED"}
{"ts":1754410522433,"action":"IDE_DEACTIVATED"}
{"ts":1754410522525,"action":"IDE_ACTIVATED"}
{"ts":1754410524203,"action":"IDE_DEACTIVATED"}
{"ts":1754410524259,"action":"IDE_ACTIVATED"}
{"ts":1754410525739,"action":"IDE_DEACTIVATED"}
{"ts":1754410526069,"action":"IDE_ACTIVATED"}
{"ts":1754410526958,"action":"IDE_DEACTIVATED"}
{"ts":1754410527018,"action":"IDE_ACTIVATED"}
{"ts":1754410552681,"action":"IDE_DEACTIVATED"}
{"ts":1754410552791,"action":"IDE_ACTIVATED"}
{"ts":1754410553872,"action":"IDE_DEACTIVATED"}
{"ts":1754410553918,"action":"IDE_ACTIVATED"}
{"ts":1754410554177,"action":"IDE_DEACTIVATED"}
{"ts":1754410554292,"action":"IDE_ACTIVATED"}
{"ts":1754410554526,"action":"FILE_CLOSED","file":"/spring-framework_manual_log.csv","tags":{"FILE_LINE_OF_CODE":"null"}}
{"ts":1754410555567,"action":"IDE_DEACTIVATED"}
{"ts":1754410556699,"action":"IDE_ACTIVATED"}
{"ts":1754410558536,"action":"IDE_DEACTIVATED"}
{"ts":1754410560473,"action":"IDE_ACTIVATED"}
{"ts":1754410563059,"action":"IDE_DEACTIVATED"}
{"ts":1754410564282,"action":"IDE_ACTIVATED"}
{"ts":1754410565962,"action":"FILE_OPENED","file":"/spring-framework_manual_log.csv","tags":{"FILE_LINE_OF_CODE":"null"}}
{"ts":1754410567824,"action":"FILE_CLOSED","file":"/spring-framework_manual_log.csv","tags":{"FILE_LINE_OF_CODE":"null"}}
{"ts":1754410567824,"action":"FILE_OPENED","file":"/raport.md","tags":{"FILE_LINE_OF_CODE":"57"}}
{"ts":1754410577697,"action":"IDE_DEACTIVATED"}
{"ts":1754410577819,"action":"IDE_ACTIVATED"}
{"ts":1754410578381,"action":"IDE_DEACTIVATED"}
{"ts":1754410578427,"action":"IDE_ACTIVATED"}
{"ts":1754410581391,"action":"IDE_DEACTIVATED"}
{"ts":1754413040961,"action":"IDE_ACTIVATED"}
{"ts":1754413042449,"action":"IDE_DEACTIVATED"}
{"ts":1754457574021,"action":"IDE_ACTIVATED"}
{"ts":1754457579007,"action":"IDE_DEACTIVATED"}
{"ts":1754490969362,"action":"IDE_ACTIVATED"}
{"ts":1754491003205,"action":"IDE_DEACTIVATED"}
{"ts":1754491091577,"action":"IDE_ACTIVATED"}
{"ts":1754491091871,"action":"IDE_DEACTIVATED"}
{"ts":1754491092340,"action":"IDE_ACTIVATED"}
{"ts":1754491092818,"action":"IDE_DEACTIVATED"}
{"ts":1754491159512,"action":"IDE_ACTIVATED"}
{"ts":1754491160847,"action":"IDE_DEACTIVATED"}
{"ts":1754492909577,"action":"IDE_ACTIVATED"}
{"ts":1754492923230,"action":"FILE_CLOSED","file":"/raport.md","tags":{"FILE_LINE_OF_CODE":"58"}}
{"ts":1754492951575,"action":"IDE_DEACTIVATED"}
{"ts":1754492963329,"action":"IDE_ACTIVATED"}
{"ts":1754492976017,"action":"FILE_OPENED","file":"/logback_checkpoint.properties","tags":{"FILE_LINE_OF_CODE":"5"}}
{"ts":1754492977092,"action":"FILE_CLOSED","file":"/logback_checkpoint.properties","tags":{"FILE_LINE_OF_CODE":"5"}}
{"ts":1754492977125,"action":"FILE_OPENED","file":"/junit-framework_manual_log.csv","tags":{"FILE_LINE_OF_CODE":"null"}}
{"ts":1754492988526,"action":"FILE_CLOSED","file":"/junit-framework_manual_log.csv","tags":{"FILE_LINE_OF_CODE":"null"}}
{"ts":1754492991754,"action":"FILE_OPENED","file":"/spring-framework_manual_log.csv","tags":{"FILE_LINE_OF_CODE":"null"}}
{"ts":1754492995279,"action":"FILE_CLOSED","file":"/spring-framework_manual_log.csv","tags":{"FILE_LINE_OF_CODE":"null"}}
{"ts":1754493002531,"action":"FILE_OPENED","file":"/junit-framework_checkpoint.properties","tags":{"FILE_LINE_OF_CODE":"5"}}
{"ts":1754493003717,"action":"FILE_CLOSED","file":"/junit-framework_checkpoint.properties","tags":{"FILE_LINE_OF_CODE":"5"}}
{"ts":1754493003717,"action":"FILE_OPENED","file":"/junit-framework_manual_log.csv","tags":{"FILE_LINE_OF_CODE":"null"}}
{"ts":1754493025959,"action":"FILE_CLOSED","file":"/junit-framework_manual_log.csv","tags":{"FILE_LINE_OF_CODE":"null"}}
{"ts":1754493025959,"action":"FILE_OPENED","file":"/junit-framework_checkpoint.properties","tags":{"FILE_LINE_OF_CODE":"5"}}
{"ts":1754493031459,"action":"FILE_CLOSED","file":"/junit-framework_checkpoint.properties","tags":{"FILE_LINE_OF_CODE":"5"}}
{"ts":1754493036844,"action":"FILE_OPENED","file":"/junit-framework_manual_log.csv","tags":{"FILE_LINE_OF_CODE":"null"}}
{"ts":1754493037335,"action":"FILE_CLOSED","file":"/junit-framework_manual_log.csv","tags":{"FILE_LINE_OF_CODE":"null"}}
{"ts":1754493037335,"action":"FILE_OPENED","file":"/logback_checkpoint.properties","tags":{"FILE_LINE_OF_CODE":"5"}}
{"ts":1754493037880,"action":"FILE_CLOSED","file":"/logback_checkpoint.properties","tags":{"FILE_LINE_OF_CODE":"5"}}
{"ts":1754493037880,"action":"FILE_OPENED","file":"/raport.md","tags":{"FILE_LINE_OF_CODE":"58"}}
{"ts":1754493039490,"action":"FILE_CLOSED","file":"/raport.md","tags":{"FILE_LINE_OF_CODE":"58"}}
{"ts":1754493039490,"action":"FILE_OPENED","file":"/junit-framework_manual_log.csv","tags":{"FILE_LINE_OF_CODE":"null"}}
{"ts":1754493059359,"action":"IDE_DEACTIVATED"}
{"ts":1754493060409,"action":"IDE_ACTIVATED"}
{"ts":1754493092630,"action":"IDE_DEACTIVATED"}
{"ts":1754493092712,"action":"IDE_ACTIVATED"}
{"ts":1754493096386,"action":"IDE_DEACTIVATED"}
{"ts":1754493096463,"action":"IDE_ACTIVATED"}
{"ts":1754493096819,"action":"IDE_DEACTIVATED"}
{"ts":1754493096929,"action":"IDE_ACTIVATED"}
{"ts":1754493097108,"action":"IDE_DEACTIVATED"}
{"ts":1754493097156,"action":"IDE_ACTIVATED"}
{"ts":1754493097937,"action":"IDE_DEACTIVATED"}
{"ts":1754493098037,"action":"IDE_ACTIVATED"}
{"ts":1754493098662,"action":"IDE_DEACTIVATED"}
{"ts":1754493098698,"action":"IDE_ACTIVATED"}
{"ts":1754493104233,"action":"IDE_DEACTIVATED"}
{"ts":1754493104344,"action":"IDE_ACTIVATED"}
{"ts":1754493105612,"action":"IDE_DEACTIVATED"}
{"ts":1754493105715,"action":"IDE_ACTIVATED"}
{"ts":1754493107419,"action":"IDE_DEACTIVATED"}
{"ts":1754493107505,"action":"IDE_ACTIVATED"}
{"ts":1754493109111,"action":"IDE_DEACTIVATED"}
{"ts":1754493109212,"action":"IDE_ACTIVATED"}
{"ts":1754493110859,"action":"IDE_DEACTIVATED"}
{"ts":1754493110960,"action":"IDE_ACTIVATED"}
{"ts":1754493114302,"action":"IDE_DEACTIVATED"}
{"ts":1754493114383,"action":"IDE_ACTIVATED"}
{"ts":1754493120216,"action":"IDE_DEACTIVATED"}
{"ts":1754493120299,"action":"IDE_ACTIVATED"}
{"ts":1754493120892,"action":"IDE_DEACTIVATED"}
{"ts":1754493120990,"action":"IDE_ACTIVATED"}
{"ts":1754493147653,"action":"FILE_CLOSED","file":"/junit-framework_manual_log.csv","tags":{"FILE_LINE_OF_CODE":"null"}}
{"ts":1754493147653,"action":"FILE_OPENED","file":"/raport.md","tags":{"FILE_LINE_OF_CODE":"58"}}
{"ts":1754493166824,"action":"IDE_DEACTIVATED"}
{"ts":1754493168474,"action":"IDE_ACTIVATED"}
{"ts":1754493170147,"action":"IDE_DEACTIVATED"}
{"ts":1754493170847,"action":"IDE_ACTIVATED"}
{"ts":1754493182677,"action":"FILE_CLOSED","file":"/raport.md","tags":{"FILE_LINE_OF_CODE":"63"}}
{"ts":1754493193294,"action":"IDE_DEACTIVATED"}
{"ts":1754493200326,"action":"IDE_ACTIVATED"}
{"ts":1754493220865,"action":"IDE_DEACTIVATED"}
{"ts":1754493221015,"action":"IDE_ACTIVATED"}
{"ts":1754493229928,"action":"FILE_OPENED","file":"/lombok_checkpoint.properties","tags":{"FILE_LINE_OF_CODE":"5"}}
{"ts":1754493231126,"action":"FILE_CLOSED","file":"/lombok_checkpoint.properties","tags":{"FILE_LINE_OF_CODE":"5"}}
{"ts":1754493231129,"action":"FILE_OPENED","file":"/lombok_manual_log.csv","tags":{"FILE_LINE_OF_CODE":"null"}}
{"ts":1754493235908,"action":"IDE_DEACTIVATED"}
{"ts":1754493235989,"action":"IDE_ACTIVATED"}
{"ts":1754493243024,"action":"IDE_DEACTIVATED"}
{"ts":1754493243114,"action":"IDE_ACTIVATED"}
{"ts":1754493245230,"action":"IDE_DEACTIVATED"}
{"ts":1754493245322,"action":"IDE_ACTIVATED"}
{"ts":1754493246705,"action":"IDE_DEACTIVATED"}
{"ts":1754493246810,"action":"IDE_ACTIVATED"}
{"ts":1754493247084,"action":"IDE_DEACTIVATED"}
{"ts":1754493247145,"action":"IDE_ACTIVATED"}
{"ts":1754493247345,"action":"IDE_DEACTIVATED"}
{"ts":1754493247455,"action":"IDE_ACTIVATED"}
{"ts":1754493248110,"action":"IDE_DEACTIVATED"}
{"ts":1754493248192,"action":"IDE_ACTIVATED"}
{"ts":1754493248378,"action":"IDE_DEACTIVATED"}
{"ts":1754493248450,"action":"IDE_ACTIVATED"}
{"ts":1754493249398,"action":"IDE_DEACTIVATED"}
{"ts":1754493249496,"action":"IDE_ACTIVATED"}
{"ts":1754493249692,"action":"IDE_DEACTIVATED"}
{"ts":1754493249794,"action":"IDE_ACTIVATED"}
{"ts":1754493257986,"action":"IDE_DEACTIVATED"}
{"ts":1754493258095,"action":"IDE_ACTIVATED"}
{"ts":1754493258285,"action":"IDE_DEACTIVATED"}
{"ts":1754493258365,"action":"IDE_ACTIVATED"}
{"ts":1754493258899,"action":"IDE_DEACTIVATED"}
{"ts":1754493259639,"action":"IDE_ACTIVATED"}
{"ts":1754493260137,"action":"IDE_DEACTIVATED"}
{"ts":1754493260493,"action":"IDE_ACTIVATED"}
{"ts":1754493270682,"action":"IDE_DEACTIVATED"}
{"ts":1754493271470,"action":"IDE_ACTIVATED"}
{"ts":1754493283228,"action":"IDE_DEACTIVATED"}
{"ts":1754493283937,"action":"IDE_ACTIVATED"}
{"ts":1754493285698,"action":"IDE_DEACTIVATED"}
{"ts":1754493286829,"action":"IDE_ACTIVATED"}
{"ts":1754493287901,"action":"FILE_CLOSED","file":"/lombok_manual_log.csv","tags":{"FILE_LINE_OF_CODE":"null"}}
{"ts":1754493287901,"action":"FILE_OPENED","file":"/raport.md","tags":{"FILE_LINE_OF_CODE":"63"}}
{"ts":1754493300957,"action":"IDE_DEACTIVATED"}
{"ts":1754493301288,"action":"IDE_ACTIVATED"}
{"ts":1754493310071,"action":"IDE_DEACTIVATED"}
{"ts":1754493310596,"action":"IDE_ACTIVATED"}
{"ts":1754493324456,"action":"IDE_DEACTIVATED"}
{"ts":1754493325164,"action":"IDE_ACTIVATED"}
{"ts":1754493326719,"action":"IDE_DEACTIVATED"}
{"ts":1754584991546,"action":"IDE_ACTIVATED"}
{"ts":1754584993528,"action":"IDE_DEACTIVATED"}
{"ts":1754651824310,"action":"IDE_ACTIVATED"}
{"ts":1754651825555,"action":"IDE_DEACTIVATED"}
{"ts":1754741528766,"action":"IDE_ACTIVATED"}
{"ts":1754741530458,"action":"IDE_DEACTIVATED"}
{"ts":1754821008848,"action":"IDE_ACTIVATED"}
{"ts":1754821011585,"action":"IDE_DEACTIVATED"}
{"ts":1754821020853,"action":"IDE_ACTIVATED"}
{"ts":1754821022396,"action":"IDE_DEACTIVATED"}
{"ts":1754940229269,"action":"IDE_ACTIVATED"}
{"ts":1754940234236,"action":"IDE_DEACTIVATED"}
{"ts":1755009075167,"action":"IDE_ACTIVATED"}
{"ts":1755009089516,"action":"FILE_CLOSED","file":"/raport.md","tags":{"FILE_LINE_OF_CODE":"68"}}
{"ts":1755009092317,"action":"FILE_OPENED","file":"/raport.md","tags":{"FILE_LINE_OF_CODE":"68"}}
{"ts":1755009092632,"action":"FILE_CLOSED","file":"/raport.md","tags":{"FILE_LINE_OF_CODE":"68"}}
{"ts":1755009094438,"action":"FILE_OPENED","file":"/raport.md","tags":{"FILE_LINE_OF_CODE":"68"}}
{"ts":1755009101850,"action":"FILE_CLOSED","file":"/raport.md","tags":{"FILE_LINE_OF_CODE":"67"}}
{"ts":1755009105837,"action":"FILE_OPENED","file":"/junit-framework_checkpoint.properties","tags":{"FILE_LINE_OF_CODE":"5"}}
{"ts":1755009106727,"action":"FILE_CLOSED","file":"/junit-framework_checkpoint.properties","tags":{"FILE_LINE_OF_CODE":"5"}}
{"ts":1755009106727,"action":"FILE_OPENED","file":"/raport.md","tags":{"FILE_LINE_OF_CODE":"67"}}
{"ts":1755009106994,"action":"FILE_CLOSED","file":"/raport.md","tags":{"FILE_LINE_OF_CODE":"67"}}
{"ts":1755009106994,"action":"FILE_OPENED","file":"/junit-framework_checkpoint.properties","tags":{"FILE_LINE_OF_CODE":"5"}}
{"ts":1755009107419,"action":"FILE_CLOSED","file":"/junit-framework_checkpoint.properties","tags":{"FILE_LINE_OF_CODE":"5"}}
{"ts":1755009107470,"action":"FILE_OPENED","file":"/raport.md","tags":{"FILE_LINE_OF_CODE":"67"}}
{"ts":1755009111825,"action":"FILE_CLOSED","file":"/raport.md","tags":{"FILE_LINE_OF_CODE":"67"}}
{"ts":1755009111825,"action":"FILE_OPENED","file":"/spring-framework_manual_log.csv","tags":{"FILE_LINE_OF_CODE":"null"}}
{"ts":1755009112560,"action":"FILE_CLOSED","file":"/spring-framework_manual_log.csv","tags":{"FILE_LINE_OF_CODE":"null"}}
{"ts":1755009112560,"action":"FILE_OPENED","file":"/raport.md","tags":{"FILE_LINE_OF_CODE":"67"}}
{"ts":1755009116467,"action":"FILE_CLOSED","file":"/raport.md","tags":{"FILE_LINE_OF_CODE":"67"}}
{"ts":1755009121517,"action":"IDE_DEACTIVATED"}
{"ts":1755009121791,"action":"IDE_ACTIVATED"}
{"ts":1755009122035,"action":"IDE_DEACTIVATED"}
{"ts":1755009122900,"action":"IDE_ACTIVATED"}
{"ts":1755009125307,"action":"IDE_DEACTIVATED"}
{"ts":1755009125581,"action":"IDE_ACTIVATED"}
{"ts":1755009128927,"action":"IDE_DEACTIVATED"}
{"ts":1755009146944,"action":"IDE_ACTIVATED"}
{"ts":1755009149183,"action":"IDE_DEACTIVATED"}
{"ts":1755009157154,"action":"IDE_ACTIVATED"}
{"ts":1755009159797,"action":"FILE_OPENED","file":"/raport.md","tags":{"FILE_LINE_OF_CODE":"67"}}
{"ts":1755009171968,"action":"IDE_DEACTIVATED"}
{"ts":1755009173103,"action":"IDE_ACTIVATED"}
{"ts":1755009174116,"action":"IDE_DEACTIVATED"}
{"ts":1755009174973,"action":"IDE_ACTIVATED"}
{"ts":1755009175118,"action":"FILE_CLOSED","file":"/raport.md","tags":{"FILE_LINE_OF_CODE":"68"}}
{"ts":1755009175166,"action":"FILE_OPENED","file":"/.gitignore","tags":{"FILE_LINE_OF_CODE":"38"}}
{"ts":1755009176346,"action":"FILE_CLOSED","file":"/.gitignore","tags":{"FILE_LINE_OF_CODE":"38"}}
{"ts":1755009176352,"action":"FILE_OPENED","file":"/analysis_results_cleaned.csv","tags":{"FILE_LINE_OF_CODE":"null"}}
{"ts":1755009181764,"action":"FILE_CLOSED","file":"/analysis_results_cleaned.csv","tags":{"FILE_LINE_OF_CODE":"null"}}
{"ts":1755009181772,"action":"FILE_OPENED","file":"/assertj_manual_log.csv","tags":{"FILE_LINE_OF_CODE":"null"}}
{"ts":1755009186456,"action":"IDE_DEACTIVATED"}
{"ts":1755009186833,"action":"IDE_ACTIVATED"}
{"ts":1755009187013,"action":"IDE_DEACTIVATED"}
{"ts":1755009187329,"action":"IDE_ACTIVATED"}
{"ts":1755009188124,"action":"IDE_DEACTIVATED"}
{"ts":1755009188726,"action":"IDE_ACTIVATED"}
{"ts":1755009204847,"action":"IDE_DEACTIVATED"}
{"ts":1755009204939,"action":"IDE_ACTIVATED"}
{"ts":1755009208301,"action":"IDE_DEACTIVATED"}
{"ts":1755009208410,"action":"IDE_ACTIVATED"}
{"ts":1755009210301,"action":"IDE_DEACTIVATED"}
{"ts":1755009210408,"action":"IDE_ACTIVATED"}
{"ts":1755009213524,"action":"IDE_DEACTIVATED"}
{"ts":1755009213571,"action":"IDE_ACTIVATED"}
{"ts":1755009215216,"action":"IDE_DEACTIVATED"}
{"ts":1755009215368,"action":"IDE_ACTIVATED"}
{"ts":1755009217704,"action":"IDE_DEACTIVATED"}
{"ts":1755009217809,"action":"IDE_ACTIVATED"}
{"ts":1755009219128,"action":"IDE_DEACTIVATED"}
{"ts":1755009219234,"action":"IDE_ACTIVATED"}
{"ts":1755009224444,"action":"IDE_DEACTIVATED"}
{"ts":1755009224538,"action":"IDE_ACTIVATED"}
{"ts":1755009226499,"action":"IDE_DEACTIVATED"}
{"ts":1755009226565,"action":"IDE_ACTIVATED"}
{"ts":1755009227533,"action":"IDE_DEACTIVATED"}
{"ts":1755009227587,"action":"IDE_ACTIVATED"}
{"ts":1755009228458,"action":"IDE_DEACTIVATED"}
{"ts":1755009228555,"action":"IDE_ACTIVATED"}
{"ts":1755009247597,"action":"FILE_CLOSED","file":"/assertj_manual_log.csv","tags":{"FILE_LINE_OF_CODE":"null"}}
{"ts":1755009247597,"action":"FILE_OPENED","file":"/raport.md","tags":{"FILE_LINE_OF_CODE":"68"}}
{"ts":1755009268068,"action":"FILE_CLOSED","file":"/raport.md","tags":{"FILE_LINE_OF_CODE":"71"}}
{"ts":1755009268068,"action":"FILE_OPENED","file":"/assertj_manual_log.csv","tags":{"FILE_LINE_OF_CODE":"null"}}
{"ts":1755009269613,"action":"FILE_CLOSED","file":"/assertj_manual_log.csv","tags":{"FILE_LINE_OF_CODE":"null"}}
{"ts":1755009269613,"action":"FILE_OPENED","file":"/raport.md","tags":{"FILE_LINE_OF_CODE":"71"}}
{"ts":1755009276221,"action":"FILE_CLOSED","file":"/raport.md","tags":{"FILE_LINE_OF_CODE":"71"}}
{"ts":1755009280832,"action":"FILE_OPENED","file":"/raport.md","tags":{"FILE_LINE_OF_CODE":"71"}}
{"ts":1755009283745,"action":"FILE_CLOSED","file":"/raport.md","tags":{"FILE_LINE_OF_CODE":"71"}}
{"ts":1755009283788,"action":"FILE_OPENED","file":"/assertj_manual_log.csv","tags":{"FILE_LINE_OF_CODE":"null"}}
{"ts":1755009291780,"action":"IDE_DEACTIVATED"}
{"ts":1755009293358,"action":"IDE_ACTIVATED"}
{"ts":1755009299169,"action":"IDE_DEACTIVATED"}
{"ts":1755009299279,"action":"IDE_ACTIVATED"}
{"ts":1755009302234,"action":"IDE_DEACTIVATED"}
{"ts":1755009302339,"action":"IDE_ACTIVATED"}
{"ts":1755009302683,"action":"IDE_DEACTIVATED"}
{"ts":1755009302800,"action":"IDE_ACTIVATED"}
{"ts":1755009305576,"action":"IDE_DEACTIVATED"}
{"ts":1755009305669,"action":"IDE_ACTIVATED"}
{"ts":1755009311401,"action":"IDE_DEACTIVATED"}
{"ts":1755009311499,"action":"IDE_ACTIVATED"}
{"ts":1755009313437,"action":"IDE_DEACTIVATED"}
{"ts":1755009313535,"action":"IDE_ACTIVATED"}
{"ts":1755009313740,"action":"IDE_DEACTIVATED"}
{"ts":1755009313838,"action":"IDE_ACTIVATED"}
{"ts":1755009315999,"action":"IDE_DEACTIVATED"}
{"ts":1755009316105,"action":"IDE_ACTIVATED"}
{"ts":1755009317212,"action":"IDE_DEACTIVATED"}
{"ts":1755009317310,"action":"IDE_ACTIVATED"}
{"ts":1755009318111,"action":"IDE_DEACTIVATED"}
{"ts":1755009318221,"action":"IDE_ACTIVATED"}
{"ts":1755009319017,"action":"IDE_DEACTIVATED"}
{"ts":1755009319152,"action":"IDE_ACTIVATED"}
{"ts":1755009321994,"action":"IDE_DEACTIVATED"}
{"ts":1755009322103,"action":"IDE_ACTIVATED"}
{"ts":1755009328270,"action":"IDE_DEACTIVATED"}
{"ts":1755009328319,"action":"IDE_ACTIVATED"}
{"ts":1755009329905,"action":"IDE_DEACTIVATED"}
{"ts":1755009329985,"action":"IDE_ACTIVATED"}
{"ts":1755009343968,"action":"FILE_CLOSED","file":"/assertj_manual_log.csv","tags":{"FILE_LINE_OF_CODE":"null"}}
{"ts":1755009343968,"action":"FILE_OPENED","file":"/raport.md","tags":{"FILE_LINE_OF_CODE":"71"}}
{"ts":1755009351439,"action":"IDE_DEACTIVATED"}
{"ts":1755009351540,"action":"IDE_ACTIVATED"}
{"ts":1755009352779,"action":"IDE_DEACTIVATED"}
{"ts":1755009352889,"action":"IDE_ACTIVATED"}
{"ts":1755009355333,"action":"FILE_CLOSED","file":"/raport.md","tags":{"FILE_LINE_OF_CODE":"71"}}
{"ts":1755009355333,"action":"FILE_OPENED","file":"/assertj_manual_log.csv","tags":{"FILE_LINE_OF_CODE":"null"}}
{"ts":1755009355944,"action":"IDE_DEACTIVATED"}
{"ts":1755009356039,"action":"IDE_ACTIVATED"}
{"ts":1755009357243,"action":"IDE_DEACTIVATED"}
{"ts":1755009357340,"action":"IDE_ACTIVATED"}
{"ts":1755009357679,"action":"IDE_DEACTIVATED"}
{"ts":1755009357771,"action":"IDE_ACTIVATED"}
{"ts":1755009359466,"action":"IDE_DEACTIVATED"}
{"ts":1755009359552,"action":"IDE_ACTIVATED"}
{"ts":1755009360321,"action":"FILE_CLOSED","file":"/assertj_manual_log.csv","tags":{"FILE_LINE_OF_CODE":"null"}}
{"ts":1755009360321,"action":"FILE_OPENED","file":"/raport.md","tags":{"FILE_LINE_OF_CODE":"71"}}
{"ts":1755009373942,"action":"IDE_DEACTIVATED"}
{"ts":1755009374036,"action":"IDE_ACTIVATED"}
{"ts":1755009377202,"action":"IDE_DEACTIVATED"}
{"ts":1755009377318,"action":"IDE_ACTIVATED"}
{"ts":1755009380408,"action":"IDE_DEACTIVATED"}
{"ts":1755009380522,"action":"IDE_ACTIVATED"}
{"ts":1755009381176,"action":"IDE_DEACTIVATED"}
{"ts":1755009381333,"action":"IDE_ACTIVATED"}
{"ts":1755009384179,"action":"IDE_DEACTIVATED"}
{"ts":1755009384257,"action":"IDE_ACTIVATED"}
{"ts":1755009385582,"action":"IDE_DEACTIVATED"}
{"ts":1755009385676,"action":"IDE_ACTIVATED"}
{"ts":1755009390517,"action":"FILE_CLOSED","file":"/raport.md","tags":{"FILE_LINE_OF_CODE":"71"}}
{"ts":1755009390517,"action":"FILE_OPENED","file":"/assertj_manual_log.csv","tags":{"FILE_LINE_OF_CODE":"null"}}
{"ts":1755009395348,"action":"IDE_DEACTIVATED"}
{"ts":1755009395717,"action":"IDE_ACTIVATED"}
{"ts":1755009395951,"action":"IDE_DEACTIVATED"}
{"ts":1755009397834,"action":"IDE_ACTIVATED"}
{"ts":1755009402712,"action":"FILE_CLOSED","file":"/assertj_manual_log.csv","tags":{"FILE_LINE_OF_CODE":"null"}}
{"ts":1755009406782,"action":"FILE_OPENED","file":"/raport.md","tags":{"FILE_LINE_OF_CODE":"71"}}
{"ts":1755009410699,"action":"IDE_DEACTIVATED"}
{"ts":1755009415094,"action":"IDE_ACTIVATED"}
{"ts":1755009415729,"action":"IDE_DEACTIVATED"}
{"ts":1755009423605,"action":"IDE_ACTIVATED"}
{"ts":1755009428685,"action":"IDE_DEACTIVATED"}
{"ts":1755009428832,"action":"IDE_ACTIVATED"}
{"ts":1755009449244,"action":"FILE_CLOSED","file":"/raport.md","tags":{"FILE_LINE_OF_CODE":"71"}}
{"ts":1755009449256,"action":"FILE_OPENED","file":"/jackson-modules-java8_checkpoint.properties","tags":{"FILE_LINE_OF_CODE":"5"}}
{"ts":1755009449907,"action":"FILE_CLOSED","file":"/jackson-modules-java8_checkpoint.properties","tags":{"FILE_LINE_OF_CODE":"5"}}
{"ts":1755009449907,"action":"FILE_OPENED","file":"/jackson-databind_manual_log.csv","tags":{"FILE_LINE_OF_CODE":"null"}}
{"ts":1755009456554,"action":"FILE_CLOSED","file":"/jackson-databind_manual_log.csv","tags":{"FILE_LINE_OF_CODE":"null"}}
{"ts":1755009456554,"action":"FILE_OPENED","file":"/jackson-modules-java8_checkpoint.properties","tags":{"FILE_LINE_OF_CODE":"5"}}
{"ts":1755009457071,"action":"FILE_CLOSED","file":"/jackson-modules-java8_checkpoint.properties","tags":{"FILE_LINE_OF_CODE":"5"}}
{"ts":1755009457071,"action":"FILE_OPENED","file":"/raport.md","tags":{"FILE_LINE_OF_CODE":"71"}}
{"ts":1755009457847,"action":"FILE_CLOSED","file":"/raport.md","tags":{"FILE_LINE_OF_CODE":"71"}}
{"ts":1755009457847,"action":"FILE_OPENED","file":"/jackson-databind_manual_log.csv","tags":{"FILE_LINE_OF_CODE":"null"}}
{"ts":1755009470337,"action":"IDE_DEACTIVATED"}
{"ts":1755009470802,"action":"IDE_ACTIVATED"}
{"ts":1755009471642,"action":"IDE_DEACTIVATED"}
{"ts":1755009472525,"action":"IDE_ACTIVATED"}
{"ts":1755009475588,"action":"IDE_DEACTIVATED"}
{"ts":1755009476502,"action":"IDE_ACTIVATED"}
{"ts":1755009487637,"action":"FILE_CLOSED","file":"/jackson-databind_manual_log.csv","tags":{"FILE_LINE_OF_CODE":"null"}}
{"ts":1755009487637,"action":"FILE_OPENED","file":"/raport.md","tags":{"FILE_LINE_OF_CODE":"71"}}
{"ts":1755009500923,"action":"IDE_DEACTIVATED"}
{"ts":1755009501032,"action":"IDE_ACTIVATED"}
{"ts":1755009501214,"action":"IDE_DEACTIVATED"}
{"ts":1755009501305,"action":"IDE_ACTIVATED"}
{"ts":1755009507516,"action":"FILE_CLOSED","file":"/raport.md","tags":{"FILE_LINE_OF_CODE":"74"}}
{"ts":1755009507516,"action":"FILE_OPENED","file":"/jackson-databind_manual_log.csv","tags":{"FILE_LINE_OF_CODE":"null"}}
{"ts":1755009509245,"action":"FILE_CLOSED","file":"/jackson-databind_manual_log.csv","tags":{"FILE_LINE_OF_CODE":"null"}}
{"ts":1755009509245,"action":"FILE_OPENED","file":"/raport.md","tags":{"FILE_LINE_OF_CODE":"74"}}
{"ts":1755009513603,"action":"IDE_DEACTIVATED"}
{"ts":1755009513717,"action":"IDE_ACTIVATED"}
{"ts":1755009514169,"action":"IDE_DEACTIVATED"}
{"ts":1755009514261,"action":"IDE_ACTIVATED"}
{"ts":1755009515378,"action":"FILE_CLOSED","file":"/raport.md","tags":{"FILE_LINE_OF_CODE":"74"}}
{"ts":1755009515378,"action":"FILE_OPENED","file":"/jackson-databind_manual_log.csv","tags":{"FILE_LINE_OF_CODE":"null"}}
{"ts":1755009519129,"action":"IDE_DEACTIVATED"}
{"ts":1755009521266,"action":"IDE_ACTIVATED"}
{"ts":1755009522117,"action":"IDE_DEACTIVATED"}
{"ts":1755009522573,"action":"IDE_ACTIVATED"}
{"ts":1755009527427,"action":"IDE_DEACTIVATED"}
{"ts":1755009527514,"action":"IDE_ACTIVATED"}
{"ts":1755009528958,"action":"IDE_DEACTIVATED"}
{"ts":1755009529051,"action":"IDE_ACTIVATED"}
{"ts":1755009530876,"action":"IDE_DEACTIVATED"}
{"ts":1755009530965,"action":"IDE_ACTIVATED"}
{"ts":1755009531823,"action":"IDE_DEACTIVATED"}
{"ts":1755009531912,"action":"IDE_ACTIVATED"}
{"ts":1755009537257,"action":"IDE_DEACTIVATED"}
{"ts":1755009537357,"action":"IDE_ACTIVATED"}
{"ts":1755009538705,"action":"IDE_DEACTIVATED"}
{"ts":1755009538797,"action":"IDE_ACTIVATED"}
{"ts":1755009572843,"action":"IDE_DEACTIVATED"}
{"ts":1755009582234,"action":"IDE_ACTIVATED"}
{"ts":1755009619685,"action":"IDE_DEACTIVATED"}
{"ts":1755009620378,"action":"IDE_ACTIVATED"}
{"ts":1755009621636,"action":"FILE_CLOSED","file":"/jackson-databind_manual_log.csv","tags":{"FILE_LINE_OF_CODE":"null"}}
{"ts":1755009621636,"action":"FILE_OPENED","file":"/raport.md","tags":{"FILE_LINE_OF_CODE":"74"}}
{"ts":1755009642002,"action":"IDE_DEACTIVATED"}
{"ts":1755009770073,"action":"IDE_ACTIVATED"}
{"ts":1755009775772,"action":"FILE_CLOSED","file":"/raport.md","tags":{"FILE_LINE_OF_CODE":"76"}}
{"ts":1755009794645,"action":"FILE_OPENED","file":"/junit-framework_manual_log.csv","tags":{"FILE_LINE_OF_CODE":"null"}}
{"ts":1755009806679,"action":"FILE_CLOSED","file":"/junit-framework_manual_log.csv","tags":{"FILE_LINE_OF_CODE":"null"}}
{"ts":1755009808163,"action":"FILE_OPENED","file":"/junit-framework_manual_log.csv","tags":{"FILE_LINE_OF_CODE":"null"}}
{"ts":1755009825846,"action":"IDE_DEACTIVATED"}
{"ts":1755009836238,"action":"IDE_ACTIVATED"}
{"ts":1755009855199,"action":"IDE_DEACTIVATED"}
{"ts":1755009855315,"action":"IDE_ACTIVATED"}
{"ts":1755009858369,"action":"IDE_DEACTIVATED"}
{"ts":1755009858485,"action":"IDE_ACTIVATED"}
{"ts":1755009860029,"action":"IDE_DEACTIVATED"}
{"ts":1755009860134,"action":"IDE_ACTIVATED"}
{"ts":1755009860610,"action":"IDE_DEACTIVATED"}
{"ts":1755009860714,"action":"IDE_ACTIVATED"}
{"ts":1755009870657,"action":"IDE_DEACTIVATED"}
{"ts":1755009871584,"action":"IDE_ACTIVATED"}
{"ts":1755009877124,"action":"IDE_DEACTIVATED"}
{"ts":1755009877256,"action":"IDE_ACTIVATED"}
{"ts":1755009879164,"action":"FILE_CLOSED","file":"/junit-framework_manual_log.csv","tags":{"FILE_LINE_OF_CODE":"null"}}
{"ts":1755009879670,"action":"FILE_OPENED","file":"/raport.md","tags":{"FILE_LINE_OF_CODE":"76"}}
{"ts":1755009882119,"action":"FILE_CLOSED","file":"/raport.md","tags":{"FILE_LINE_OF_CODE":"76"}}
{"ts":1755009882119,"action":"FILE_OPENED","file":"/junit-framework_manual_log.csv","tags":{"FILE_LINE_OF_CODE":"null"}}
{"ts":1755009885874,"action":"FILE_CLOSED","file":"/junit-framework_manual_log.csv","tags":{"FILE_LINE_OF_CODE":"null"}}
{"ts":1755009886719,"action":"FILE_OPENED","file":"/raport.md","tags":{"FILE_LINE_OF_CODE":"76"}}
{"ts":1755009918656,"action":"IDE_DEACTIVATED"}
{"ts":1755009963026,"action":"IDE_ACTIVATED"}
{"ts":1755010174359,"action":"IDE_DEACTIVATED"}
{"ts":1755010175868,"action":"IDE_ACTIVATED"}
{"ts":1755010179316,"action":"FILE_CLOSED","file":"/raport.md","tags":{"FILE_LINE_OF_CODE":"79"}}
{"ts":1755010191772,"action":"FILE_OPENED","file":"/raport.md","tags":{"FILE_LINE_OF_CODE":"79"}}
{"ts":1755010208555,"action":"FILE_CLOSED","file":"/raport.md","tags":{"FILE_LINE_OF_CODE":"83"}}
{"ts":1755010209654,"action":"FILE_OPENED","file":"/raport.md","tags":{"FILE_LINE_OF_CODE":"83"}}
{"ts":1755010213093,"action":"FILE_CLOSED","file":"/raport.md","tags":{"FILE_LINE_OF_CODE":"83"}}
{"ts":1755010213874,"action":"FILE_OPENED","file":"/raport.md","tags":{"FILE_LINE_OF_CODE":"83"}}
{"ts":1755010218408,"action":"IDE_DEACTIVATED"}
{"ts":1755010219492,"action":"IDE_ACTIVATED"}
{"ts":1755010221722,"action":"FILE_CLOSED","file":"/raport.md","tags":{"FILE_LINE_OF_CODE":"83"}}
{"ts":1755010242560,"action":"FILE_OPENED","file":"/raport.md","tags":{"FILE_LINE_OF_CODE":"83"}}
{"ts":1755010243149,"action":"FILE_CLOSED","file":"/raport.md","tags":{"FILE_LINE_OF_CODE":"83"}}
{"ts":1755010251308,"action":"FILE_OPENED","file":"/raport.md","tags":{"FILE_LINE_OF_CODE":"83"}}
{"ts":1755010261959,"action":"FILE_CLOSED","file":"/raport.md","tags":{"FILE_LINE_OF_CODE":"87"}}
{"ts":1755010263331,"action":"FILE_OPENED","file":"/raport.md","tags":{"FILE_LINE_OF_CODE":"87"}}
{"ts":1755010267476,"action":"IDE_DEACTIVATED"}
{"ts":1755010277259,"action":"IDE_ACTIVATED"}
{"ts":1755010292446,"action":"IDE_DEACTIVATED"}
{"ts":1755010292538,"action":"IDE_ACTIVATED"}
{"ts":1755010293903,"action":"FILE_CLOSED","file":"/raport.md","tags":{"FILE_LINE_OF_CODE":"87"}}
{"ts":1755010298941,"action":"FILE_OPENED","file":"/lombok_manual_log.csv","tags":{"FILE_LINE_OF_CODE":"null"}}
{"ts":1755010309432,"action":"IDE_DEACTIVATED"}
{"ts":1755010309529,"action":"IDE_ACTIVATED"}
{"ts":1755010317861,"action":"IDE_DEACTIVATED"}
{"ts":1755010318225,"action":"IDE_ACTIVATED"}
{"ts":1755010322884,"action":"IDE_DEACTIVATED"}
{"ts":1755010323472,"action":"IDE_ACTIVATED"}
{"ts":1755010324332,"action":"FILE_CLOSED","file":"/lombok_manual_log.csv","tags":{"FILE_LINE_OF_CODE":"null"}}
{"ts":1755010324332,"action":"FILE_OPENED","file":"/raport.md","tags":{"FILE_LINE_OF_CODE":"87"}}
{"ts":1755010330447,"action":"FILE_CLOSED","file":"/raport.md","tags":{"FILE_LINE_OF_CODE":"88"}}
{"ts":1755010330447,"action":"FILE_OPENED","file":"/lombok_manual_log.csv","tags":{"FILE_LINE_OF_CODE":"null"}}
{"ts":1755010331918,"action":"FILE_CLOSED","file":"/lombok_manual_log.csv","tags":{"FILE_LINE_OF_CODE":"null"}}
{"ts":1755010331918,"action":"FILE_OPENED","file":"/raport.md","tags":{"FILE_LINE_OF_CODE":"88"}}
{"ts":1755010340252,"action":"FILE_CLOSED","file":"/raport.md","tags":{"FILE_LINE_OF_CODE":"87"}}
{"ts":1755010340269,"action":"FILE_OPENED","file":"/maven-plugin-tools_manual_log.csv","tags":{"FILE_LINE_OF_CODE":"null"}}
{"ts":1755010344342,"action":"FILE_CLOSED","file":"/maven-plugin-tools_manual_log.csv","tags":{"FILE_LINE_OF_CODE":"null"}}
{"ts":1755010355762,"action":"IDE_DEACTIVATED"}
{"ts":1755010363703,"action":"IDE_ACTIVATED"}
{"ts":1755010366838,"action":"FILE_OPENED","file":"/raport.md","tags":{"FILE_LINE_OF_CODE":"87"}}
{"ts":1755010367380,"action":"FILE_CLOSED","file":"/raport.md","tags":{"FILE_LINE_OF_CODE":"87"}}
{"ts":1755010372113,"action":"FILE_OPENED","file":"/logging-log4j2_manual_log.csv","tags":{"FILE_LINE_OF_CODE":"null"}}
{"ts":1755010380866,"action":"IDE_DEACTIVATED"}
{"ts":1755010381621,"action":"IDE_ACTIVATED"}
{"ts":1755010392764,"action":"IDE_DEACTIVATED"}
{"ts":1755010392894,"action":"IDE_ACTIVATED"}
{"ts":1755010396134,"action":"IDE_DEACTIVATED"}
{"ts":1755010396188,"action":"IDE_ACTIVATED"}
{"ts":1755010420207,"action":"IDE_DEACTIVATED"}
{"ts":1755010420290,"action":"IDE_ACTIVATED"}
{"ts":1755010426503,"action":"IDE_DEACTIVATED"}
{"ts":1755010426613,"action":"IDE_ACTIVATED"}
{"ts":1755010433054,"action":"IDE_DEACTIVATED"}
{"ts":1755010433164,"action":"IDE_ACTIVATED"}
{"ts":1755010436825,"action":"IDE_DEACTIVATED"}
{"ts":1755010436900,"action":"IDE_ACTIVATED"}
{"ts":1755010453989,"action":"IDE_DEACTIVATED"}
{"ts":1755010454180,"action":"IDE_ACTIVATED"}
{"ts":1755010460304,"action":"IDE_DEACTIVATED"}
{"ts":1755010460485,"action":"IDE_ACTIVATED"}
{"ts":1755010495803,"action":"IDE_DEACTIVATED"}
{"ts":1755010495906,"action":"IDE_ACTIVATED"}
{"ts":1755010548420,"action":"FILE_CLOSED","file":"/logging-log4j2_manual_log.csv","tags":{"FILE_LINE_OF_CODE":"null"}}
{"ts":1755010548420,"action":"FILE_OPENED","file":"/raport.md","tags":{"FILE_LINE_OF_CODE":"87"}}
{"ts":1755010562073,"action":"FILE_CLOSED","file":"/raport.md","tags":{"FILE_LINE_OF_CODE":"89"}}
{"ts":1755010562073,"action":"FILE_OPENED","file":"/logging-log4j2_manual_log.csv","tags":{"FILE_LINE_OF_CODE":"null"}}
{"ts":1755010562781,"action":"FILE_CLOSED","file":"/logging-log4j2_manual_log.csv","tags":{"FILE_LINE_OF_CODE":"null"}}
{"ts":1755010562781,"action":"FILE_OPENED","file":"/raport.md","tags":{"FILE_LINE_OF_CODE":"89"}}
{"ts":1755010567409,"action":"FILE_CLOSED","file":"/raport.md","tags":{"FILE_LINE_OF_CODE":"90"}}
{"ts":1755010567409,"action":"FILE_OPENED","file":"/logging-log4j2_manual_log.csv","tags":{"FILE_LINE_OF_CODE":"null"}}
{"ts":1755010568322,"action":"FILE_CLOSED","file":"/logging-log4j2_manual_log.csv","tags":{"FILE_LINE_OF_CODE":"null"}}
{"ts":1755010568323,"action":"FILE_OPENED","file":"/raport.md","tags":{"FILE_LINE_OF_CODE":"90"}}
{"ts":1755010577404,"action":"IDE_DEACTIVATED"}
{"ts":1755010577529,"action":"IDE_ACTIVATED"}
{"ts":1755010577953,"action":"IDE_DEACTIVATED"}
{"ts":1755010578064,"action":"IDE_ACTIVATED"}
{"ts":1755010578461,"action":"FILE_CLOSED","file":"/raport.md","tags":{"FILE_LINE_OF_CODE":"90"}}
{"ts":1755010578461,"action":"FILE_OPENED","file":"/logging-log4j2_manual_log.csv","tags":{"FILE_LINE_OF_CODE":"null"}}
{"ts":1755010580803,"action":"IDE_DEACTIVATED"}
{"ts":1755010581637,"action":"IDE_ACTIVATED"}
{"ts":1755010582646,"action":"IDE_DEACTIVATED"}
{"ts":1755010583480,"action":"IDE_ACTIVATED"}
{"ts":1755010597629,"action":"FILE_CLOSED","file":"/logging-log4j2_manual_log.csv","tags":{"FILE_LINE_OF_CODE":"null"}}
{"ts":1755010597629,"action":"FILE_OPENED","file":"/raport.md","tags":{"FILE_LINE_OF_CODE":"90"}}
{"ts":1755010605664,"action":"FILE_CLOSED","file":"/raport.md","tags":{"FILE_LINE_OF_CODE":"90"}}
{"ts":1755010614371,"action":"IDE_DEACTIVATED"}
{"ts":1755010615881,"action":"IDE_ACTIVATED"}
{"ts":1755010617824,"action":"IDE_DEACTIVATED"}
{"ts":1755010624074,"action":"IDE_ACTIVATED"}
{"ts":1755010630633,"action":"FILE_OPENED","file":"/gson_manual_log.csv","tags":{"FILE_LINE_OF_CODE":"null"}}
{"ts":1755010636443,"action":"IDE_DEACTIVATED"}
{"ts":1755010636546,"action":"IDE_ACTIVATED"}
{"ts":1755010648562,"action":"IDE_DEACTIVATED"}
{"ts":1755010648594,"action":"IDE_ACTIVATED"}
{"ts":1755010653918,"action":"IDE_DEACTIVATED"}
{"ts":1755010654026,"action":"IDE_ACTIVATED"}
{"ts":1755010668334,"action":"IDE_DEACTIVATED"}
{"ts":1755010668441,"action":"IDE_ACTIVATED"}
{"ts":1755010671023,"action":"IDE_DEACTIVATED"}
{"ts":1755010671112,"action":"IDE_ACTIVATED"}
{"ts":1755010739580,"action":"IDE_DEACTIVATED"}
{"ts":1755010739678,"action":"IDE_ACTIVATED"}
{"ts":1755010780814,"action":"IDE_DEACTIVATED"}
{"ts":1755010780929,"action":"IDE_ACTIVATED"}
{"ts":1755010802385,"action":"FILE_CLOSED","file":"/gson_manual_log.csv","tags":{"FILE_LINE_OF_CODE":"null"}}
{"ts":1755010802385,"action":"FILE_OPENED","file":"/raport.md","tags":{"FILE_LINE_OF_CODE":"90"}}
{"ts":1755010815741,"action":"IDE_DEACTIVATED"}
{"ts":1755010815860,"action":"IDE_ACTIVATED"}
{"ts":1755010816009,"action":"IDE_DEACTIVATED"}
{"ts":1755010816124,"action":"IDE_ACTIVATED"}
{"ts":1755010830063,"action":"FILE_CLOSED","file":"/raport.md","tags":{"FILE_LINE_OF_CODE":"93"}}
{"ts":1755010830063,"action":"FILE_OPENED","file":"/gson_manual_log.csv","tags":{"FILE_LINE_OF_CODE":"null"}}
{"ts":1755010831352,"action":"FILE_CLOSED","file":"/gson_manual_log.csv","tags":{"FILE_LINE_OF_CODE":"null"}}
{"ts":1755010831352,"action":"FILE_OPENED","file":"/raport.md","tags":{"FILE_LINE_OF_CODE":"93"}}
{"ts":1755010831713,"action":"IDE_DEACTIVATED"}
{"ts":1755010831966,"action":"IDE_ACTIVATED"}
{"ts":1755010836971,"action":"FILE_CLOSED","file":"/raport.md","tags":{"FILE_LINE_OF_CODE":"93"}}
{"ts":1755010839380,"action":"IDE_DEACTIVATED"}
{"ts":1755010844243,"action":"IDE_ACTIVATED"}
{"ts":1755010847028,"action":"FILE_OPENED","file":"/gson_manual_log.csv","tags":{"FILE_LINE_OF_CODE":"null"}}
{"ts":1755010865601,"action":"IDE_DEACTIVATED"}
{"ts":1755010866422,"action":"IDE_ACTIVATED"}
{"ts":1755010875133,"action":"FILE_CLOSED","file":"/gson_manual_log.csv","tags":{"FILE_LINE_OF_CODE":"null"}}
{"ts":1755010875600,"action":"FILE_OPENED","file":"/raport.md","tags":{"FILE_LINE_OF_CODE":"93"}}
{"ts":1755010884869,"action":"IDE_DEACTIVATED"}
{"ts":1755010884993,"action":"IDE_ACTIVATED"}
{"ts":1755010887495,"action":"IDE_DEACTIVATED"}
{"ts":1755010887601,"action":"IDE_ACTIVATED"}
{"ts":1755010889028,"action":"IDE_DEACTIVATED"}
{"ts":1755010889139,"action":"IDE_ACTIVATED"}
{"ts":1755010889664,"action":"IDE_DEACTIVATED"}
{"ts":1755010889810,"action":"IDE_ACTIVATED"}
{"ts":1755010890153,"action":"IDE_DEACTIVATED"}
{"ts":1755010890258,"action":"IDE_ACTIVATED"}
{"ts":1755010890775,"action":"IDE_DEACTIVATED"}
{"ts":1755010890871,"action":"IDE_ACTIVATED"}
{"ts":1755010891923,"action":"FILE_CLOSED","file":"/raport.md","tags":{"FILE_LINE_OF_CODE":"96"}}
{"ts":1755010891923,"action":"FILE_OPENED","file":"/gson_manual_log.csv","tags":{"FILE_LINE_OF_CODE":"null"}}
{"ts":1755010898531,"action":"FILE_CLOSED","file":"/gson_manual_log.csv","tags":{"FILE_LINE_OF_CODE":"null"}}
{"ts":1755010899027,"action":"FILE_OPENED","file":"/raport.md","tags":{"FILE_LINE_OF_CODE":"96"}}
{"ts":1755010899897,"action":"IDE_DEACTIVATED"}
{"ts":1755010899994,"action":"IDE_ACTIVATED"}
{"ts":1755010900667,"action":"IDE_DEACTIVATED"}
{"ts":1755010900772,"action":"IDE_ACTIVATED"}
{"ts":1755010900899,"action":"IDE_DEACTIVATED"}
{"ts":1755010900986,"action":"IDE_ACTIVATED"}
{"ts":1755010906225,"action":"FILE_CLOSED","file":"/raport.md","tags":{"FILE_LINE_OF_CODE":"96"}}
{"ts":1755010906225,"action":"FILE_OPENED","file":"/gson_manual_log.csv","tags":{"FILE_LINE_OF_CODE":"null"}}
{"ts":1755010908334,"action":"IDE_DEACTIVATED"}
{"ts":1755010908422,"action":"IDE_ACTIVATED"}
{"ts":1755010913590,"action":"IDE_DEACTIVATED"}
{"ts":1755010913688,"action":"IDE_ACTIVATED"}
{"ts":1755010915068,"action":"IDE_DEACTIVATED"}
{"ts":1755010915166,"action":"IDE_ACTIVATED"}
{"ts":1755010949009,"action":"IDE_DEACTIVATED"}
{"ts":1755010949119,"action":"IDE_ACTIVATED"}
{"ts":1755010949682,"action":"IDE_DEACTIVATED"}
{"ts":1755010949804,"action":"IDE_ACTIVATED"}
{"ts":1755010951416,"action":"IDE_DEACTIVATED"}
{"ts":1755010951512,"action":"IDE_ACTIVATED"}
{"ts":1755010974184,"action":"FILE_CLOSED","file":"/gson_manual_log.csv","tags":{"FILE_LINE_OF_CODE":"null"}}
{"ts":1755010974184,"action":"FILE_OPENED","file":"/raport.md","tags":{"FILE_LINE_OF_CODE":"96"}}
{"ts":1755011036386,"action":"IDE_DEACTIVATED"}
{"ts":1755011042450,"action":"IDE_ACTIVATED"}
{"ts":1755011130755,"action":"IDE_DEACTIVATED"}
{"ts":1755011131284,"action":"IDE_ACTIVATED"}
{"ts":1755011132463,"action":"IDE_DEACTIVATED"}
{"ts":1755011140572,"action":"IDE_ACTIVATED"}
{"ts":1755011224114,"action":"IDE_DEACTIVATED"}
{"ts":1755011232241,"action":"IDE_ACTIVATED"}
{"ts":1755011234304,"action":"IDE_DEACTIVATED"}
{"ts":1755011234586,"action":"IDE_ACTIVATED"}
{"ts":1755011236796,"action":"IDE_DEACTIVATED"}
{"ts":1755011403131,"action":"IDE_ACTIVATED"}
{"ts":1755011424276,"action":"FILE_CLOSED","file":"/raport.md","tags":{"FILE_LINE_OF_CODE":"98"}}
{"ts":1755011424294,"action":"FILE_OPENED","file":"/src/main/java/com/yourcompany/game/VarUsageAnalyzer.java","tags":{"FILE_LINE_OF_CODE":"68"}}
{"ts":1755011454241,"action":"FILE_CLOSED","file":"/src/main/java/com/yourcompany/game/VarUsageAnalyzer.java","tags":{"FILE_LINE_OF_CODE":"68"}}
{"ts":1755011454241,"action":"FILE_OPENED","file":"/raport.md","tags":{"FILE_LINE_OF_CODE":"98"}}
{"ts":1755011454262,"action":"FILE_CLOSED","file":"/raport.md","tags":{"FILE_LINE_OF_CODE":"98"}}
{"ts":1755011454279,"action":"FILE_OPENED","file":"/src/main/java/com/yourcompany/game/SyntaxAnalyzerStrategy.java","tags":{"FILE_LINE_OF_CODE":"32"}}
{"ts":1755011462122,"action":"FILE_CLOSED","file":"/src/main/java/com/yourcompany/game/SyntaxAnalyzerStrategy.java","tags":{"FILE_LINE_OF_CODE":"33"}}
{"ts":1755011462145,"action":"FILE_OPENED","file":"/src/main/java/com/yourcompany/game/HistoricalAnalyzer.java","tags":{"FILE_LINE_OF_CODE":"206"}}
{"ts":1755011483136,"action":"IDE_DEACTIVATED"}
{"ts":1755011492380,"action":"IDE_ACTIVATED"}
{"ts":1755011492834,"action":"IDE_DEACTIVATED"}
{"ts":1755011675196,"action":"FILE_OPENED","file":"/logging-log4j2_manual_log.csv","tags":{"FILE_LINE_OF_CODE":"null"}}
{"ts":1755011675746,"action":"PROJECT_OPENED","tags":{"PROJECT_NAME":"Parsing"}}
{"ts":1755011693902,"action":"IDE_DEACTIVATED"}
{"ts":1755011694419,"action":"IDE_ACTIVATED"}
{"ts":1755011694856,"action":"IDE_DEACTIVATED"}
{"ts":1755011699798,"action":"IDE_ACTIVATED"}
{"ts":1755011699980,"action":"IDE_DEACTIVATED"}
{"ts":1755011703110,"action":"IDE_ACTIVATED"}
{"ts":1755011704439,"action":"IDE_DEACTIVATED"}
{"ts":1755011705192,"action":"IDE_ACTIVATED"}
{"ts":1755011707980,"action":"IDE_DEACTIVATED"}
{"ts":1755011708721,"action":"IDE_ACTIVATED"}
{"ts":1755011741759,"action":"IDE_DEACTIVATED"}
{"ts":1755011742628,"action":"IDE_ACTIVATED"}
{"ts":1755011752191,"action":"IDE_DEACTIVATED"}
{"ts":1755011759537,"action":"IDE_ACTIVATED"}
{"ts":1755011760304,"action":"IDE_DEACTIVATED"}
{"ts":1755011761226,"action":"FILE_CLOSED","file":"/logging-log4j2_manual_log.csv","tags":{"FILE_LINE_OF_CODE":"null"}}
{"ts":1755011761226,"action":"FILE_OPENED","file":"/raport.md","tags":{"FILE_LINE_OF_CODE":"98"}}
{"ts":1755011761249,"action":"FILE_CLOSED","file":"/raport.md","tags":{"FILE_LINE_OF_CODE":"98"}}
{"ts":1755011761314,"action":"IDE_ACTIVATED"}
{"ts":1755011761360,"action":"FILE_OPENED","file":"/src/main/java/com/yourcompany/game/HistoricalAnalyzer.java","tags":{"FILE_LINE_OF_CODE":"206"}}
{"ts":1755011764921,"action":"IDE_DEACTIVATED"}
{"ts":1755011769657,"action":"IDE_ACTIVATED"}
{"ts":1755011820073,"action":"IDE_DEACTIVATED"}
{"ts":1755011823534,"action":"IDE_ACTIVATED"}
{"ts":1755011837298,"action":"IDE_DEACTIVATED"}
{"ts":1755011861462,"action":"IDE_ACTIVATED"}
{"ts":1755011865997,"action":"IDE_DEACTIVATED"}
{"ts":1755011866756,"action":"IDE_ACTIVATED"}
{"ts":1755011868626,"action":"IDE_DEACTIVATED"}
{"ts":1755011900732,"action":"IDE_ACTIVATED"}
{"ts":1755011900977,"action":"IDE_DEACTIVATED"}
{"ts":1755011903220,"action":"IDE_ACTIVATED"}
{"ts":1755011908082,"action":"IDE_DEACTIVATED"}
{"ts":1755011911694,"action":"IDE_ACTIVATED"}
{"ts":1755011918757,"action":"IDE_DEACTIVATED"}
{"ts":1755011923152,"action":"IDE_ACTIVATED"}
{"ts":1755011924105,"action":"IDE_DEACTIVATED"}
{"ts":1755011930903,"action":"IDE_ACTIVATED"}
{"ts":1755011931197,"action":"IDE_DEACTIVATED"}
{"ts":1755011932003,"action":"IDE_ACTIVATED"}
{"ts":1755011932475,"action":"IDE_DEACTIVATED"}
{"ts":1755011933156,"action":"IDE_ACTIVATED"}
{"ts":1755011938321,"action":"IDE_DEACTIVATED"}
{"ts":1755011939018,"action":"IDE_ACTIVATED"}
{"ts":1755011939538,"action":"IDE_DEACTIVATED"}
{"ts":1755011940222,"action":"IDE_ACTIVATED"}
{"ts":1755011940424,"action":"IDE_DEACTIVATED"}
{"ts":1755011943737,"action":"IDE_ACTIVATED"}
{"ts":1755011943915,"action":"IDE_DEACTIVATED"}
{"ts":1755011944647,"action":"IDE_ACTIVATED"}
{"ts":1755011946216,"action":"IDE_DEACTIVATED"}
{"ts":1755011961627,"action":"IDE_ACTIVATED"}
{"ts":1755011963676,"action":"IDE_DEACTIVATED"}
{"ts":1755011968003,"action":"IDE_ACTIVATED"}
{"ts":1755011995255,"action":"FILE_CLOSED","file":"/src/main/java/com/yourcompany/game/HistoricalAnalyzer.java","tags":{"FILE_LINE_OF_CODE":"206"}}
{"ts":1755012033013,"action":"IDE_DEACTIVATED"}
{"ts":1755012034374,"action":"IDE_ACTIVATED"}
{"ts":1755012055654,"action":"IDE_DEACTIVATED"}
{"ts":1755012062964,"action":"IDE_ACTIVATED"}
{"ts":1755012087843,"action":"IDE_DEACTIVATED"}
{"ts":1755012093793,"action":"IDE_ACTIVATED"}
{"ts":1755012094536,"action":"IDE_DEACTIVATED"}
{"ts":1755012102189,"action":"IDE_ACTIVATED"}
{"ts":1755012103072,"action":"IDE_DEACTIVATED"}
{"ts":1755012104734,"action":"IDE_ACTIVATED"}
{"ts":1755012104932,"action":"IDE_DEACTIVATED"}
{"ts":1755012108925,"action":"IDE_ACTIVATED"}
{"ts":1755012110075,"action":"IDE_DEACTIVATED"}
{"ts":1755012113106,"action":"IDE_ACTIVATED"}
{"ts":1755012116272,"action":"IDE_DEACTIVATED"}
{"ts":1755012118250,"action":"IDE_ACTIVATED"}
{"ts":1755012118938,"action":"IDE_DEACTIVATED"}
{"ts":1755012137444,"action":"IDE_ACTIVATED"}
{"ts":1755012140514,"action":"IDE_DEACTIVATED"}
{"ts":1755012141242,"action":"IDE_ACTIVATED"}
{"ts":1755012141441,"action":"IDE_DEACTIVATED"}
{"ts":1755012141848,"action":"IDE_ACTIVATED"}
{"ts":1755012146271,"action":"IDE_DEACTIVATED"}
{"ts":1755012146893,"action":"IDE_ACTIVATED"}
{"ts":1755012147865,"action":"IDE_DEACTIVATED"}
{"ts":1755012149548,"action":"IDE_ACTIVATED"}
{"ts":1755012152765,"action":"FILE_OPENED","file":"/src/main/java/com/yourcompany/game/HistoricalAnalyzer.java","tags":{"FILE_LINE_OF_CODE":"207"}}
{"ts":1755012160476,"action":"IDE_DEACTIVATED"}
{"ts":1755012167040,"action":"IDE_ACTIVATED"}
{"ts":1755012178536,"action":"IDE_DEACTIVATED"}
{"ts":1755012190900,"action":"IDE_ACTIVATED"}
{"ts":1755012206037,"action":"IDE_DEACTIVATED"}
{"ts":1755012206785,"action":"IDE_ACTIVATED"}
{"ts":1755012212277,"action":"IDE_DEACTIVATED"}
{"ts":1755012214466,"action":"IDE_ACTIVATED"}
{"ts":1755012220397,"action":"IDE_DEACTIVATED"}
{"ts":1755012254843,"action":"IDE_ACTIVATED"}
{"ts":1755012255116,"action":"IDE_DEACTIVATED"}
{"ts":1755012255535,"action":"IDE_ACTIVATED"}
{"ts":1755012256040,"action":"IDE_DEACTIVATED"}
{"ts":1755012257010,"action":"IDE_ACTIVATED"}
{"ts":1755012257358,"action":"IDE_DEACTIVATED"}
{"ts":1755012259487,"action":"IDE_ACTIVATED"}
{"ts":1755012260598,"action":"IDE_DEACTIVATED"}
{"ts":1755012261194,"action":"IDE_ACTIVATED"}
{"ts":1755012261576,"action":"IDE_DEACTIVATED"}
{"ts":1755012290636,"action":"IDE_ACTIVATED"}
{"ts":1755012296029,"action":"IDE_DEACTIVATED"}
{"ts":1755012298252,"action":"IDE_ACTIVATED"}
{"ts":1755012300330,"action":"IDE_DEACTIVATED"}
{"ts":1755012301712,"action":"IDE_ACTIVATED"}
{"ts":1755012302721,"action":"IDE_DEACTIVATED"}
{"ts":1755012306161,"action":"IDE_ACTIVATED"}
{"ts":1755012309069,"action":"IDE_DEACTIVATED"}
{"ts":1755012325112,"action":"IDE_ACTIVATED"}
{"ts":1755012325384,"action":"IDE_DEACTIVATED"}
{"ts":1755012330173,"action":"IDE_ACTIVATED"}
{"ts":1755012336245,"action":"IDE_DEACTIVATED"}
{"ts":1755012336856,"action":"IDE_ACTIVATED"}
{"ts":1755012365180,"action":"IDE_DEACTIVATED"}
{"ts":1755012367279,"action":"IDE_ACTIVATED"}
{"ts":1755012367973,"action":"IDE_DEACTIVATED"}
{"ts":1755012371729,"action":"IDE_ACTIVATED"}
{"ts":1755012372166,"action":"IDE_DEACTIVATED"}
{"ts":1755012373153,"action":"IDE_ACTIVATED"}
{"ts":1755012373610,"action":"IDE_DEACTIVATED"}
{"ts":1755012376232,"action":"IDE_ACTIVATED"}
{"ts":1755012392663,"action":"IDE_DEACTIVATED"}
{"ts":1755012393304,"action":"IDE_ACTIVATED"}
{"ts":1755012395173,"action":"IDE_DEACTIVATED"}
{"ts":1755012406494,"action":"IDE_ACTIVATED"}
{"ts":1755012406910,"action":"IDE_DEACTIVATED"}
{"ts":1755012408252,"action":"IDE_ACTIVATED"}
{"ts":1755012408713,"action":"IDE_DEACTIVATED"}
{"ts":1755012409000,"action":"IDE_ACTIVATED"}
{"ts":1755012409376,"action":"IDE_DEACTIVATED"}
{"ts":1755012409717,"action":"IDE_ACTIVATED"}
{"ts":1755012409826,"action":"IDE_DEACTIVATED"}
{"ts":1755012410289,"action":"IDE_ACTIVATED"}
{"ts":1755012410636,"action":"IDE_DEACTIVATED"}
{"ts":1755012426336,"action":"IDE_ACTIVATED"}
{"ts":1755012482008,"action":"FILE_CLOSED","file":"/src/main/java/com/yourcompany/game/HistoricalAnalyzer.java","tags":{"FILE_LINE_OF_CODE":"207"}}
{"ts":1755012482033,"action":"FILE_OPENED","file":"/src/main/java/com/yourcompany/game/App.java","tags":{"FILE_LINE_OF_CODE":"162"}}
{"ts":1755012574700,"action":"IDE_DEACTIVATED"}
{"ts":1755012575030,"action":"IDE_ACTIVATED"}
{"ts":1755012575213,"action":"IDE_DEACTIVATED"}
{"ts":1755012579476,"action":"IDE_ACTIVATED"}
{"ts":1755012651188,"action":"IDE_DEACTIVATED"}
{"ts":1755012653231,"action":"IDE_ACTIVATED"}
{"ts":1755012679469,"action":"IDE_DEACTIVATED"}
{"ts":1755012680301,"action":"IDE_ACTIVATED"}
{"ts":1755012682411,"action":"IDE_DEACTIVATED"}
{"ts":1755012685345,"action":"IDE_ACTIVATED"}
{"ts":1755012830839,"action":"IDE_DEACTIVATED"}
{"ts":1755012832614,"action":"IDE_ACTIVATED"}
{"ts":1755012861885,"action":"IDE_DEACTIVATED"}
{"ts":1755012862162,"action":"IDE_ACTIVATED"}
{"ts":1755549382448,"action":"FILE_OPENED","file":"/src/main/java/com/yourcompany/game/HistoricalAnalyzer.java","tags":{"FILE_LINE_OF_CODE":"207"}}
{"ts":1755549383409,"action":"IDE_DEACTIVATED"}
{"ts":1755549383800,"action":"PROJECT_OPENED","tags":{"PROJECT_NAME":"Parsing — kopia — kopia"}}
{"ts":1755549402743,"action":"IDE_ACTIVATED"}
{"ts":1755549403105,"action":"IDE_DEACTIVATED"}
{"ts":1755549403834,"action":"IDE_ACTIVATED"}
{"ts":1755549464193,"action":"FILE_CLOSED","file":"/src/main/java/com/yourcompany/game/HistoricalAnalyzer.java","tags":{"FILE_LINE_OF_CODE":"207"}}
{"ts":1755549464193,"action":"FILE_OPENED","file":"/src/main/java/com/yourcompany/game/App.java","tags":{"FILE_LINE_OF_CODE":"162"}}
{"ts":1755549477502,"action":"IDE_DEACTIVATED"}
{"ts":1755549478914,"action":"IDE_ACTIVATED"}
{"ts":1755549719547,"action":"FILE_CLOSED","file":"/src/main/java/com/yourcompany/game/App.java","tags":{"FILE_LINE_OF_CODE":"168"}}
{"ts":1755549719570,"action":"FILE_OPENED","file":"/src/main/java/com/yourcompany/game/CsvCleaner.java","tags":{"FILE_LINE_OF_CODE":"131"}}
{"ts":1755549721990,"action":"FILE_CLOSED","file":"/src/main/java/com/yourcompany/game/CsvCleaner.java","tags":{"FILE_LINE_OF_CODE":"131"}}
{"ts":1755549722003,"action":"FILE_OPENED","file":"/src/main/java/com/yourcompany/game/CheckpointManager.java","tags":{"FILE_LINE_OF_CODE":"51"}}
{"ts":1755549723315,"action":"FILE_CLOSED","file":"/src/main/java/com/yourcompany/game/CheckpointManager.java","tags":{"FILE_LINE_OF_CODE":"51"}}
{"ts":1755549723315,"action":"FILE_OPENED","file":"/src/main/java/com/yourcompany/game/App.java","tags":{"FILE_LINE_OF_CODE":"168"}}
{"ts":1755549723445,"action":"FILE_CLOSED","file":"/src/main/java/com/yourcompany/game/App.java","tags":{"FILE_LINE_OF_CODE":"168"}}
{"ts":1755549723445,"action":"FILE_OPENED","file":"/src/main/java/com/yourcompany/game/FeatureSignature.java","tags":{"FILE_LINE_OF_CODE":"61"}}
{"ts":1755549725335,"action":"FILE_CLOSED","file":"/src/main/java/com/yourcompany/game/FeatureSignature.java","tags":{"FILE_LINE_OF_CODE":"61"}}
{"ts":1755549725361,"action":"FILE_OPENED","file":"/src/main/java/com/yourcompany/game/FeatureAdoptionAnalyzer.java","tags":{"FILE_LINE_OF_CODE":"259"}}
{"ts":1755549733311,"action":"FILE_CLOSED","file":"/src/main/java/com/yourcompany/game/FeatureAdoptionAnalyzer.java","tags":{"FILE_LINE_OF_CODE":"259"}}
{"ts":1755549733311,"action":"FILE_OPENED","file":"/src/main/java/com/yourcompany/game/FeatureSignature.java","tags":{"FILE_LINE_OF_CODE":"61"}}
{"ts":1755549743968,"action":"FILE_CLOSED","file":"/src/main/java/com/yourcompany/game/FeatureSignature.java","tags":{"FILE_LINE_OF_CODE":"61"}}
{"ts":1755549743995,"action":"FILE_OPENED","file":"/src/main/java/com/yourcompany/game/VarUsageAnalyzer.java","tags":{"FILE_LINE_OF_CODE":"68"}}
{"ts":1755549749683,"action":"FILE_CLOSED","file":"/src/main/java/com/yourcompany/game/VarUsageAnalyzer.java","tags":{"FILE_LINE_OF_CODE":"91"}}
{"ts":1755549749683,"action":"FILE_OPENED","file":"/src/main/java/com/yourcompany/game/FeatureSignature.java","tags":{"FILE_LINE_OF_CODE":"61"}}
{"ts":1755549774388,"action":"FILE_CLOSED","file":"/src/main/java/com/yourcompany/game/FeatureSignature.java","tags":{"FILE_LINE_OF_CODE":"61"}}
{"ts":1755549774425,"action":"FILE_OPENED","file":"/src/main/java/com/yourcompany/game/TextBlockAnalyzer.java","tags":{"FILE_LINE_OF_CODE":"68"}}
{"ts":1755549795917,"action":"FILE_CLOSED","file":"/src/main/java/com/yourcompany/game/TextBlockAnalyzer.java","tags":{"FILE_LINE_OF_CODE":"91"}}
{"ts":1755549795949,"action":"FILE_OPENED","file":"/src/main/java/com/yourcompany/game/SwitchExpressionAnalyzer.java","tags":{"FILE_LINE_OF_CODE":"68"}}
{"ts":1755549813076,"action":"FILE_CLOSED","file":"/src/main/java/com/yourcompany/game/SwitchExpressionAnalyzer.java","tags":{"FILE_LINE_OF_CODE":"91"}}
{"ts":1755549831226,"action":"FILE_OPENED","file":"/src/main/java/com/yourcompany/game/SwitchExpressionAnalyzer.java","tags":{"FILE_LINE_OF_CODE":"91"}}
{"ts":1755549868294,"action":"FILE_CLOSED","file":"/src/main/java/com/yourcompany/game/SwitchExpressionAnalyzer.java","tags":{"FILE_LINE_OF_CODE":"91"}}
{"ts":1755549868326,"action":"FILE_OPENED","file":"/src/main/java/com/yourcompany/game/RecordDeclarationAnalyzer.java","tags":{"FILE_LINE_OF_CODE":"68"}}
{"ts":1755549902174,"action":"FILE_CLOSED","file":"/src/main/java/com/yourcompany/game/RecordDeclarationAnalyzer.java","tags":{"FILE_LINE_OF_CODE":"93"}}
{"ts":1755549902212,"action":"FILE_OPENED","file":"/src/main/java/com/yourcompany/game/SealedClassAnalyzer.java","tags":{"FILE_LINE_OF_CODE":"76"}}
{"ts":1755549979910,"action":"FILE_CLOSED","file":"/src/main/java/com/yourcompany/game/SealedClassAnalyzer.java","tags":{"FILE_LINE_OF_CODE":"106"}}
{"ts":1755549979910,"action":"FILE_OPENED","file":"/src/main/java/com/yourcompany/game/App.java","tags":{"FILE_LINE_OF_CODE":"168"}}
{"ts":1755550044020,"action":"IDE_DEACTIVATED"}
{"ts":1755550053310,"action":"IDE_ACTIVATED"}
{"ts":1755550142739,"action":"IDE_DEACTIVATED"}
{"ts":1755550182153,"action":"IDE_ACTIVATED"}
{"ts":1755550196353,"action":"FILE_CLOSED","file":"/src/main/java/com/yourcompany/game/App.java","tags":{"FILE_LINE_OF_CODE":"180"}}
{"ts":1755550196353,"action":"FILE_OPENED","file":"/src/main/java/com/yourcompany/game/HistoricalAnalyzer.java","tags":{"FILE_LINE_OF_CODE":"218"}}
{"ts":1755550218672,"action":"IDE_DEACTIVATED"}
{"ts":1755550221207,"action":"IDE_ACTIVATED"}
{"ts":1755550239714,"action":"IDE_DEACTIVATED"}
{"ts":1755550241389,"action":"IDE_ACTIVATED"}
{"ts":1755550241864,"action":"IDE_DEACTIVATED"}
{"ts":1755550252225,"action":"IDE_ACTIVATED"}
{"ts":1755550344101,"action":"FILE_CLOSED","file":"/src/main/java/com/yourcompany/game/HistoricalAnalyzer.java","tags":{"FILE_LINE_OF_CODE":"222"}}
{"ts":1755550344101,"action":"FILE_OPENED","file":"/src/main/java/com/yourcompany/game/App.java","tags":{"FILE_LINE_OF_CODE":"180"}}
{"ts":1755550360409,"action":"IDE_DEACTIVATED"}
{"ts":1755550382777,"action":"IDE_ACTIVATED"}
{"ts":1755550385081,"action":"IDE_DEACTIVATED"}
{"ts":1755550389321,"action":"IDE_ACTIVATED"}
{"ts":1755550522342,"action":"FILE_CLOSED","file":"/src/main/java/com/yourcompany/game/App.java","tags":{"FILE_LINE_OF_CODE":"180"}}
{"ts":1755550522926,"action":"FILE_OPENED","file":"/dokumentacja_techniczna.md","tags":{"FILE_LINE_OF_CODE":"133"}}
{"ts":1755550546985,"action":"FILE_CLOSED","file":"/dokumentacja_techniczna.md","tags":{"FILE_LINE_OF_CODE":"133"}}
{"ts":1755550547025,"action":"FILE_OPENED","file":"/analysis_results.csv","tags":{"FILE_LINE_OF_CODE":"null"}}
{"ts":1755550646070,"action":"IDE_DEACTIVATED"}
{"ts":1755550662728,"action":"IDE_ACTIVATED"}
{"ts":1755550663415,"action":"IDE_DEACTIVATED"}
{"ts":1755550752205,"action":"IDE_ACTIVATED"}
{"ts":1755550759704,"action":"IDE_DEACTIVATED"}
{"ts":1755550860922,"action":"IDE_ACTIVATED"}
{"ts":1755550862184,"action":"IDE_DEACTIVATED"}
{"ts":1755550862583,"action":"IDE_ACTIVATED"}
{"ts":1755550864562,"action":"IDE_DEACTIVATED"}
{"ts":1755551046803,"action":"IDE_ACTIVATED"}
{"ts":1755551758403,"action":"IDE_DEACTIVATED"}
{"ts":1755551759422,"action":"IDE_ACTIVATED"}
{"ts":1755551773454,"action":"FILE_CLOSED","file":"/analysis_results.csv","tags":{"FILE_LINE_OF_CODE":"null"}}
{"ts":1755551773454,"action":"FILE_OPENED","file":"/dokumentacja_techniczna.md","tags":{"FILE_LINE_OF_CODE":"133"}}
{"ts":1755551773477,"action":"FILE_CLOSED","file":"/dokumentacja_techniczna.md","tags":{"FILE_LINE_OF_CODE":"133"}}
{"ts":1755551773611,"action":"FILE_OPENED","file":"/src/main/java/com/yourcompany/game/SyntaxAnalyzerStrategy.java","tags":{"FILE_LINE_OF_CODE":"75"}}
{"ts":1755551826152,"action":"FILE_CLOSED","file":"/src/main/java/com/yourcompany/game/SyntaxAnalyzerStrategy.java","tags":{"FILE_LINE_OF_CODE":"75"}}
{"ts":1755551826204,"action":"FILE_OPENED","file":"/src/main/java/com/yourcompany/game/RepositoryMetrics.java","tags":{"FILE_LINE_OF_CODE":"20"}}
{"ts":1755551851043,"action":"IDE_DEACTIVATED"}
{"ts":1755551861326,"action":"IDE_ACTIVATED"}
{"ts":1755551888656,"action":"FILE_CLOSED","file":"/src/main/java/com/yourcompany/game/RepositoryMetrics.java","tags":{"FILE_LINE_OF_CODE":"21"}}
{"ts":1755551888656,"action":"FILE_OPENED","file":"/src/main/java/com/yourcompany/game/HistoricalAnalyzer.java","tags":{"FILE_LINE_OF_CODE":"275"}}
{"ts":1755551991242,"action":"FILE_CLOSED","file":"/src/main/java/com/yourcompany/game/HistoricalAnalyzer.java","tags":{"FILE_LINE_OF_CODE":"282"}}
{"ts":1755551991266,"action":"FILE_OPENED","file":"/java-annotations_checkpoint.properties","tags":{"FILE_LINE_OF_CODE":"5"}}
{"ts":1755551992308,"action":"FILE_CLOSED","file":"/java-annotations_checkpoint.properties","tags":{"FILE_LINE_OF_CODE":"5"}}
{"ts":1755551992312,"action":"FILE_OPENED","file":"/java-annotations_manual_log.csv","tags":{"FILE_LINE_OF_CODE":"null"}}
{"ts":1755551994946,"action":"FILE_CLOSED","file":"/java-annotations_manual_log.csv","tags":{"FILE_LINE_OF_CODE":"null"}}
{"ts":1755551994955,"action":"FILE_OPENED","file":"/commons-cli_checkpoint.properties","tags":{"FILE_LINE_OF_CODE":"5"}}
{"ts":1755552040984,"action":"IDE_DEACTIVATED"}
{"ts":1755552062351,"action":"IDE_ACTIVATED"}
{"ts":1755552062665,"action":"FILE_OPENED","file":"/src/main/java/com/yourcompany/game/HistoricalAnalyzer.java","tags":{"FILE_LINE_OF_CODE":"282"}}
{"ts":1755552221308,"action":"FILE_CLOSED","file":"/src/main/java/com/yourcompany/game/HistoricalAnalyzer.java","tags":{"FILE_LINE_OF_CODE":"242"}}
{"ts":1755552221353,"action":"FILE_OPENED","file":"/clean_csv.py","tags":{"FILE_LINE_OF_CODE":"31"}}
{"ts":1755552223780,"action":"FILE_CLOSED","file":"/clean_csv.py","tags":{"FILE_LINE_OF_CODE":"31"}}
{"ts":1755552230009,"action":"FILE_OPENED","file":"/src/main/java/com/yourcompany/game/PatternMatchingSwitchAnalyzer.java","tags":{"FILE_LINE_OF_CODE":"122"}}
{"ts":1755552230795,"action":"FILE_CLOSED","file":"/src/main/java/com/yourcompany/game/PatternMatchingSwitchAnalyzer.java","tags":{"FILE_LINE_OF_CODE":"122"}}
{"ts":1755552230795,"action":"FILE_OPENED","file":"/src/main/java/com/yourcompany/game/App.java","tags":{"FILE_LINE_OF_CODE":"180"}}
{"ts":1755552232198,"action":"FILE_CLOSED","file":"/src/main/java/com/yourcompany/game/App.java","tags":{"FILE_LINE_OF_CODE":"180"}}
{"ts":1755552232198,"action":"FILE_OPENED","file":"/dokumentacja_techniczna.md","tags":{"FILE_LINE_OF_CODE":"133"}}
{"ts":1755552233697,"action":"FILE_CLOSED","file":"/dokumentacja_techniczna.md","tags":{"FILE_LINE_OF_CODE":"133"}}
{"ts":1755552233697,"action":"FILE_OPENED","file":"/src/main/java/com/yourcompany/game/SyntaxAnalyzerStrategy.java","tags":{"FILE_LINE_OF_CODE":"75"}}
{"ts":1755552247905,"action":"FILE_CLOSED","file":"/src/main/java/com/yourcompany/game/SyntaxAnalyzerStrategy.java","tags":{"FILE_LINE_OF_CODE":"75"}}
{"ts":1755552247950,"action":"FILE_OPENED","file":"/dokumentacja_techniczna.md","tags":{"FILE_LINE_OF_CODE":"133"}}
{"ts":1755552266970,"action":"IDE_DEACTIVATED"}
{"ts":1755552292356,"action":"IDE_ACTIVATED"}
{"ts":1755552292411,"action":"FILE_CLOSED","file":"/dokumentacja_techniczna.md","tags":{"FILE_LINE_OF_CODE":"133"}}
{"ts":1755552292415,"action":"FILE_OPENED","file":"/Parsing cl_manual_log.csv","tags":{"FILE_LINE_OF_CODE":"null"}}
{"ts":1755552292910,"action":"FILE_CLOSED","file":"/Parsing cl_manual_log.csv","tags":{"FILE_LINE_OF_CODE":"null"}}
{"ts":1755552292922,"action":"FILE_OPENED","file":"/Parsing cl_checkpoint.properties","tags":{"FILE_LINE_OF_CODE":"5"}}
{"ts":1755552293531,"action":"FILE_CLOSED","file":"/Parsing cl_checkpoint.properties","tags":{"FILE_LINE_OF_CODE":"5"}}
{"ts":1755552293534,"action":"FILE_OPENED","file":"/Parsing cl_manual_log.csv","tags":{"FILE_LINE_OF_CODE":"null"}}
{"ts":1755552295418,"action":"IDE_DEACTIVATED"}
{"ts":1755552296560,"action":"IDE_ACTIVATED"}
{"ts":1755552300157,"action":"FILE_CLOSED","file":"/Parsing cl_manual_log.csv","tags":{"FILE_LINE_OF_CODE":"null"}}
{"ts":1755552300180,"action":"FILE_OPENED","file":"/Parsing cl_checkpoint.properties","tags":{"FILE_LINE_OF_CODE":"5"}}
{"ts":1755552300787,"action":"FILE_CLOSED","file":"/Parsing cl_checkpoint.properties","tags":{"FILE_LINE_OF_CODE":"5"}}
{"ts":1755552300790,"action":"FILE_OPENED","file":"/Parsing cl_manual_log.csv","tags":{"FILE_LINE_OF_CODE":"null"}}
{"ts":1755552320423,"action":"FILE_CLOSED","file":"/Parsing cl_manual_log.csv","tags":{"FILE_LINE_OF_CODE":"null"}}
{"ts":1755552320435,"action":"FILE_OPENED","file":"/Parsing cl_checkpoint.properties","tags":{"FILE_LINE_OF_CODE":"5"}}
{"ts":1755552320982,"action":"FILE_CLOSED","file":"/Parsing cl_checkpoint.properties","tags":{"FILE_LINE_OF_CODE":"5"}}
{"ts":1755552320986,"action":"FILE_OPENED","file":"/Parsing cl_manual_log.csv","tags":{"FILE_LINE_OF_CODE":"null"}}
{"ts":1755552324848,"action":"IDE_DEACTIVATED"}
{"ts":1755552325455,"action":"IDE_ACTIVATED"}
{"ts":1755552328074,"action":"FILE_CLOSED","file":"/Parsing cl_manual_log.csv","tags":{"FILE_LINE_OF_CODE":"null"}}
{"ts":1755552328074,"action":"FILE_OPENED","file":"/src/main/java/com/yourcompany/game/SyntaxAnalyzerStrategy.java","tags":{"FILE_LINE_OF_CODE":"75"}}
{"ts":1755552333225,"action":"IDE_DEACTIVATED"}
{"ts":1755552335138,"action":"IDE_ACTIVATED"}
{"ts":1755552342632,"action":"IDE_DEACTIVATED"}
{"ts":1755552344160,"action":"IDE_ACTIVATED"}
{"ts":1755552344234,"action":"IDE_DEACTIVATED"}
{"ts":1755552356607,"action":"IDE_ACTIVATED"}
{"ts":1755552379811,"action":"IDE_DEACTIVATED"}
{"ts":1755552380744,"action":"IDE_ACTIVATED"}
{"ts":1755552380937,"action":"FILE_CLOSED","file":"/src/main/java/com/yourcompany/game/SyntaxAnalyzerStrategy.java","tags":{"FILE_LINE_OF_CODE":"75"}}
{"ts":1755552380991,"action":"FILE_OPENED","file":"/src/main/java/com/yourcompany/game/HistoricalAnalyzer.java","tags":{"FILE_LINE_OF_CODE":"242"}}
{"ts":1755552397661,"action":"IDE_DEACTIVATED"}
{"ts":1755552414314,"action":"IDE_ACTIVATED"}
{"ts":1755553325166,"action":"IDE_DEACTIVATED"}
{"ts":1755578801376,"action":"IDE_ACTIVATED"}
{"ts":1755578815968,"action":"FILE_CLOSED","file":"/src/main/java/com/yourcompany/game/HistoricalAnalyzer.java","tags":{"FILE_LINE_OF_CODE":"250"}}
{"ts":1755578816001,"action":"FILE_OPENED","file":"/analysis_results.csv","tags":{"FILE_LINE_OF_CODE":"null"}}
{"ts":1755578841566,"action":"FILE_CLOSED","file":"/analysis_results.csv","tags":{"FILE_LINE_OF_CODE":"null"}}
{"ts":1755578841583,"action":"FILE_OPENED","file":"/mockito_manual_log.csv","tags":{"FILE_LINE_OF_CODE":"null"}}
{"ts":1755578853478,"action":"FILE_CLOSED","file":"/mockito_manual_log.csv","tags":{"FILE_LINE_OF_CODE":"null"}}
{"ts":1755578853482,"action":"FILE_OPENED","file":"/analysis_results.csv","tags":{"FILE_LINE_OF_CODE":"null"}}
{"ts":1755578870708,"action":"IDE_DEACTIVATED"}
{"ts":1755579057895,"action":"IDE_ACTIVATED"}
{"ts":1755579367883,"action":"IDE_DEACTIVATED"}
{"ts":1755579702451,"action":"IDE_ACTIVATED"}
{"ts":1755579709866,"action":"IDE_DEACTIVATED"}
{"ts":1755579743438,"action":"IDE_ACTIVATED"}
{"ts":1755579745933,"action":"IDE_DEACTIVATED"}
{"ts":1755613228076,"action":"IDE_ACTIVATED"}
{"ts":1755613270693,"action":"IDE_DEACTIVATED"}
{"ts":1755613273872,"action":"IDE_ACTIVATED"}
{"ts":1755613274134,"action":"IDE_DEACTIVATED"}
{"ts":1755613276228,"action":"IDE_ACTIVATED"}
{"ts":1755613284161,"action":"FILE_CLOSED","file":"/analysis_results.csv","tags":{"FILE_LINE_OF_CODE":"null"}}
{"ts":1755613284186,"action":"FILE_OPENED","file":"/assertj_checkpoint.properties","tags":{"FILE_LINE_OF_CODE":"5"}}
{"ts":1755613284829,"action":"FILE_CLOSED","file":"/assertj_checkpoint.properties","tags":{"FILE_LINE_OF_CODE":"5"}}
{"ts":1755613284852,"action":"FILE_OPENED","file":"/analysis_summary.txt","tags":{"FILE_LINE_OF_CODE":"81"}}
{"ts":1755613285253,"action":"FILE_CLOSED","file":"/analysis_summary.txt","tags":{"FILE_LINE_OF_CODE":"81"}}
{"ts":1755613285257,"action":"FILE_OPENED","file":"/analysis_results.csv","tags":{"FILE_LINE_OF_CODE":"null"}}
{"ts":1755613295279,"action":"FILE_CLOSED","file":"/analysis_results.csv","tags":{"FILE_LINE_OF_CODE":"null"}}
{"ts":1755613295282,"action":"FILE_OPENED","file":"/spring-framework_manual_log.csv","tags":{"FILE_LINE_OF_CODE":"null"}}
{"ts":1755613302262,"action":"FILE_CLOSED","file":"/spring-framework_manual_log.csv","tags":{"FILE_LINE_OF_CODE":"null"}}
{"ts":1755613302262,"action":"FILE_OPENED","file":"/analysis_results.csv","tags":{"FILE_LINE_OF_CODE":"null"}}
{"ts":1755613302575,"action":"IDE_DEACTIVATED"}
{"ts":1755613415707,"action":"IDE_ACTIVATED"}
{"ts":1755613615440,"action":"IDE_DEACTIVATED"}
{"ts":1755613631359,"action":"IDE_ACTIVATED"}
{"ts":1755613857156,"action":"IDE_DEACTIVATED"}
{"ts":1755613870547,"action":"IDE_ACTIVATED"}
{"ts":1755613872714,"action":"IDE_DEACTIVATED"}
{"ts":1755613873137,"action":"IDE_ACTIVATED"}
{"ts":1755613877670,"action":"IDE_DEACTIVATED"}
{"ts":1755613889787,"action":"IDE_ACTIVATED"}
{"ts":1755614098285,"action":"IDE_DEACTIVATED"}
{"ts":1755614100110,"action":"IDE_ACTIVATED"}
{"ts":1755614102497,"action":"IDE_DEACTIVATED"}
{"ts":1755614115780,"action":"IDE_ACTIVATED"}
{"ts":1755614117193,"action":"IDE_DEACTIVATED"}
{"ts":1755614117791,"action":"IDE_ACTIVATED"}
{"ts":1755614122105,"action":"IDE_DEACTIVATED"}
{"ts":1755614129957,"action":"IDE_ACTIVATED"}
{"ts":1755614130714,"action":"IDE_DEACTIVATED"}
{"ts":1755614131027,"action":"IDE_ACTIVATED"}
{"ts":1755614238760,"action":"IDE_DEACTIVATED"}
{"ts":1755614266017,"action":"IDE_ACTIVATED"}
{"ts":1755614275045,"action":"IDE_DEACTIVATED"}
{"ts":1755614275213,"action":"IDE_ACTIVATED"}
{"ts":1755614321659,"action":"IDE_DEACTIVATED"}
{"ts":1755614331861,"action":"IDE_ACTIVATED"}
{"ts":1755614352998,"action":"IDE_DEACTIVATED"}
{"ts":1755614353123,"action":"IDE_ACTIVATED"}
{"ts":1755614383827,"action":"IDE_DEACTIVATED"}
{"ts":1755614383931,"action":"IDE_ACTIVATED"}
{"ts":1755614412657,"action":"IDE_DEACTIVATED"}
{"ts":1755614418819,"action":"IDE_ACTIVATED"}
{"ts":1755614421645,"action":"IDE_DEACTIVATED"}
{"ts":1755614422785,"action":"IDE_ACTIVATED"}
{"ts":1755614423879,"action":"IDE_DEACTIVATED"}
{"ts":1755614424521,"action":"IDE_ACTIVATED"}
{"ts":1755614463313,"action":"IDE_DEACTIVATED"}
{"ts":1755614493799,"action":"IDE_ACTIVATED"}
{"ts":1755614497907,"action":"IDE_DEACTIVATED"}
{"ts":1755614502053,"action":"IDE_ACTIVATED"}
{"ts":1755614523336,"action":"IDE_DEACTIVATED"}
{"ts":1755614523555,"action":"IDE_ACTIVATED"}
{"ts":1755614575944,"action":"IDE_DEACTIVATED"}
{"ts":1755614585952,"action":"IDE_ACTIVATED"}
{"ts":1755614652865,"action":"IDE_DEACTIVATED"}
{"ts":1755614667347,"action":"IDE_ACTIVATED"}
{"ts":1755614697389,"action":"IDE_DEACTIVATED"}
{"ts":1755614697611,"action":"IDE_ACTIVATED"}
{"ts":1755614872966,"action":"IDE_DEACTIVATED"}
{"ts":1755614914348,"action":"IDE_ACTIVATED"}
{"ts":1755614982781,"action":"IDE_DEACTIVATED"}
{"ts":1755614991955,"action":"IDE_ACTIVATED"}
{"ts":1755614999128,"action":"IDE_DEACTIVATED"}
{"ts":1755614999359,"action":"IDE_ACTIVATED"}
{"ts":1755615062139,"action":"IDE_DEACTIVATED"}
{"ts":1755615093169,"action":"IDE_ACTIVATED"}
{"ts":1755615098818,"action":"IDE_DEACTIVATED"}
{"ts":1755615176577,"action":"IDE_ACTIVATED"}
{"ts":1755615177721,"action":"IDE_DEACTIVATED"}
{"ts":1755615179009,"action":"IDE_ACTIVATED"}
{"ts":1755615179363,"action":"IDE_DEACTIVATED"}
{"ts":1755615179704,"action":"IDE_ACTIVATED"}
{"ts":1755615186114,"action":"IDE_DEACTIVATED"}
{"ts":1755615186406,"action":"IDE_ACTIVATED"}
{"ts":1755615200471,"action":"IDE_DEACTIVATED"}
{"ts":1755615200537,"action":"IDE_ACTIVATED"}
{"ts":1755615200943,"action":"IDE_DEACTIVATED"}
{"ts":1755615271989,"action":"IDE_ACTIVATED"}
{"ts":1755615279041,"action":"IDE_DEACTIVATED"}
{"ts":1755615282997,"action":"IDE_ACTIVATED"}
{"ts":1755615349724,"action":"IDE_DEACTIVATED"}
{"ts":1755615611583,"action":"IDE_ACTIVATED"}
{"ts":1755615617915,"action":"IDE_DEACTIVATED"}
{"ts":1755615618684,"action":"IDE_ACTIVATED"}
{"ts":1755615619679,"action":"IDE_DEACTIVATED"}
{"ts":1755615620138,"action":"IDE_ACTIVATED"}
{"ts":1755615620426,"action":"IDE_DEACTIVATED"}
{"ts":1755615647706,"action":"IDE_ACTIVATED"}
{"ts":1755615669849,"action":"IDE_DEACTIVATED"}
{"ts":1755615725706,"action":"IDE_ACTIVATED"}
{"ts":1755615760602,"action":"IDE_DEACTIVATED"}
{"ts":1755615786106,"action":"IDE_ACTIVATED"}
{"ts":1755615810111,"action":"IDE_DEACTIVATED"}
{"ts":1755615822398,"action":"IDE_ACTIVATED"}
{"ts":1755615841358,"action":"IDE_DEACTIVATED"}
{"ts":1755615841611,"action":"IDE_ACTIVATED"}
{"ts":1755615870366,"action":"IDE_DEACTIVATED"}
{"ts":1755615872736,"action":"IDE_ACTIVATED"}
{"ts":1755615878385,"action":"IDE_DEACTIVATED"}
{"ts":1755615880818,"action":"IDE_ACTIVATED"}
{"ts":1755615881322,"action":"IDE_DEACTIVATED"}
{"ts":1755615906039,"action":"IDE_ACTIVATED"}
{"ts":1755615906350,"action":"IDE_DEACTIVATED"}
{"ts":1755615908882,"action":"IDE_ACTIVATED"}
{"ts":1755615909127,"action":"IDE_DEACTIVATED"}
{"ts":1755615921502,"action":"IDE_ACTIVATED"}
{"ts":1755615923057,"action":"IDE_DEACTIVATED"}
{"ts":1755615926538,"action":"IDE_ACTIVATED"}
{"ts":1755615927243,"action":"IDE_DEACTIVATED"}
{"ts":1755615928040,"action":"IDE_ACTIVATED"}
{"ts":1755615934041,"action":"IDE_DEACTIVATED"}
{"ts":1755615934283,"action":"IDE_ACTIVATED"}
{"ts":1755615961448,"action":"IDE_DEACTIVATED"}
{"ts":1755615969989,"action":"IDE_ACTIVATED"}
{"ts":1755615978266,"action":"IDE_DEACTIVATED"}
{"ts":1755615979843,"action":"IDE_ACTIVATED"}
{"ts":1755615990252,"action":"IDE_DEACTIVATED"}
{"ts":1755615990482,"action":"IDE_ACTIVATED"}
{"ts":1755616009539,"action":"IDE_DEACTIVATED"}
{"ts":1755616013028,"action":"IDE_ACTIVATED"}
{"ts":1755616013507,"action":"IDE_DEACTIVATED"}
{"ts":1755616013993,"action":"IDE_ACTIVATED"}
{"ts":1755616014977,"action":"IDE_DEACTIVATED"}
{"ts":1755616027422,"action":"IDE_ACTIVATED"}
{"ts":1755616037698,"action":"IDE_DEACTIVATED"}
{"ts":1755616076532,"action":"IDE_ACTIVATED"}
{"ts":1755616085200,"action":"IDE_DEACTIVATED"}
{"ts":1755616085432,"action":"IDE_ACTIVATED"}
{"ts":1755616117866,"action":"IDE_DEACTIVATED"}
{"ts":1755616123149,"action":"IDE_ACTIVATED"}
{"ts":1755616124034,"action":"IDE_DEACTIVATED"}
{"ts":1755616129362,"action":"IDE_ACTIVATED"}
{"ts":1755616176918,"action":"IDE_DEACTIVATED"}
{"ts":1755616182598,"action":"IDE_ACTIVATED"}
{"ts":1755616183015,"action":"IDE_DEACTIVATED"}
{"ts":1755616184494,"action":"IDE_ACTIVATED"}
{"ts":1755616197131,"action":"IDE_DEACTIVATED"}
{"ts":1755616199714,"action":"IDE_ACTIVATED"}
{"ts":1755616200690,"action":"IDE_DEACTIVATED"}
{"ts":1755616205967,"action":"IDE_ACTIVATED"}
{"ts":1755616206524,"action":"IDE_DEACTIVATED"}
{"ts":1755616207568,"action":"IDE_ACTIVATED"}
{"ts":1755616207986,"action":"IDE_DEACTIVATED"}
{"ts":1755616263328,"action":"IDE_ACTIVATED"}
{"ts":1755616277002,"action":"IDE_DEACTIVATED"}
{"ts":1755616285872,"action":"IDE_ACTIVATED"}
{"ts":1755616286367,"action":"IDE_DEACTIVATED"}
{"ts":1755616294134,"action":"IDE_ACTIVATED"}
{"ts":1755616294851,"action":"IDE_DEACTIVATED"}
{"ts":1755616295789,"action":"IDE_ACTIVATED"}
{"ts":1755616297106,"action":"IDE_DEACTIVATED"}
{"ts":1755616297524,"action":"IDE_ACTIVATED"}
{"ts":1755616301575,"action":"IDE_DEACTIVATED"}
{"ts":1755616582782,"action":"IDE_ACTIVATED"}
{"ts":1755616592069,"action":"IDE_DEACTIVATED"}
{"ts":1755616636263,"action":"IDE_ACTIVATED"}
{"ts":1755616636723,"action":"IDE_DEACTIVATED"}
{"ts":1755617071881,"action":"IDE_ACTIVATED"}
{"ts":1755617073219,"action":"IDE_DEACTIVATED"}
{"ts":1755618675574,"action":"IDE_ACTIVATED"}
{"ts":1755618682827,"action":"IDE_DEACTIVATED"}
{"ts":1755620599470,"action":"IDE_ACTIVATED"}
{"ts":1755620619404,"action":"IDE_DEACTIVATED"}
{"ts":1755624329695,"action":"IDE_ACTIVATED"}
{"ts":1755624331190,"action":"IDE_DEACTIVATED"}
{"ts":1755625036205,"action":"IDE_ACTIVATED"}
{"ts":1755625041593,"action":"IDE_DEACTIVATED"}
{"ts":1755625043617,"action":"IDE_ACTIVATED"}
{"ts":1755625045404,"action":"IDE_DEACTIVATED"}
{"ts":1755627904922,"action":"IDE_ACTIVATED"}
{"ts":1755627906506,"action":"IDE_DEACTIVATED"}
{"ts":1755627906614,"action":"IDE_ACTIVATED"}
{"ts":1755627965145,"action":"IDE_DEACTIVATED"}
{"ts":1755627968942,"action":"IDE_ACTIVATED"}
{"ts":1755627970960,"action":"IDE_DEACTIVATED"}
{"ts":1755628261879,"action":"IDE_ACTIVATED"}
{"ts":1755628263279,"action":"IDE_DEACTIVATED"}
{"ts":1755628264013,"action":"IDE_ACTIVATED"}
{"ts":1755628265184,"action":"IDE_DEACTIVATED"}
{"ts":1755628265520,"action":"IDE_ACTIVATED"}
{"ts":1755628352764,"action":"IDE_DEACTIVATED"}
{"ts":1755628352892,"action":"IDE_ACTIVATED"}
{"ts":1755628353313,"action":"IDE_DEACTIVATED"}
{"ts":1755628353383,"action":"IDE_ACTIVATED"}
{"ts":1755628353717,"action":"IDE_DEACTIVATED"}
{"ts":1755628354537,"action":"IDE_ACTIVATED"}
{"ts":1755628354937,"action":"IDE_DEACTIVATED"}
{"ts":1755628409049,"action":"IDE_ACTIVATED"}
{"ts":1755628409736,"action":"IDE_DEACTIVATED"}
{"ts":1755628411633,"action":"IDE_ACTIVATED"}
{"ts":1755628415342,"action":"IDE_DEACTIVATED"}
{"ts":1755628418744,"action":"IDE_ACTIVATED"}
{"ts":1755628420244,"action":"IDE_DEACTIVATED"}
{"ts":1755628433910,"action":"IDE_ACTIVATED"}
{"ts":1755628439848,"action":"IDE_DEACTIVATED"}
{"ts":1755628471140,"action":"IDE_ACTIVATED"}
{"ts":1755628485449,"action":"IDE_DEACTIVATED"}
{"ts":1755628494303,"action":"IDE_ACTIVATED"}
{"ts":1755628501531,"action":"IDE_DEACTIVATED"}
{"ts":1755628502601,"action":"IDE_ACTIVATED"}
{"ts":1755628504628,"action":"IDE_DEACTIVATED"}
{"ts":1755628510595,"action":"IDE_ACTIVATED"}
{"ts":1755628511130,"action":"IDE_DEACTIVATED"}
{"ts":1755628515531,"action":"IDE_ACTIVATED"}
{"ts":1755628523607,"action":"IDE_DEACTIVATED"}
{"ts":1755628551410,"action":"IDE_ACTIVATED"}
{"ts":1755628551594,"action":"IDE_DEACTIVATED"}
{"ts":1755628558112,"action":"IDE_ACTIVATED"}
{"ts":1755628583374,"action":"IDE_DEACTIVATED"}
{"ts":1755628618290,"action":"IDE_ACTIVATED"}
{"ts":1755628645948,"action":"IDE_DEACTIVATED"}
{"ts":1755628673955,"action":"IDE_ACTIVATED"}
{"ts":1755628712652,"action":"IDE_DEACTIVATED"}
{"ts":1755628713298,"action":"IDE_ACTIVATED"}
{"ts":1755628748587,"action":"IDE_DEACTIVATED"}
{"ts":1755628749918,"action":"IDE_ACTIVATED"}
{"ts":1755628750535,"action":"IDE_DEACTIVATED"}
{"ts":1755628751721,"action":"IDE_ACTIVATED"}
{"ts":1755628753057,"action":"IDE_DEACTIVATED"}
{"ts":1755628753667,"action":"IDE_ACTIVATED"}
{"ts":1755628758268,"action":"IDE_DEACTIVATED"}
{"ts":1755628758927,"action":"IDE_ACTIVATED"}
{"ts":1755628759184,"action":"IDE_DEACTIVATED"}
{"ts":1755628760880,"action":"IDE_ACTIVATED"}
{"ts":1755628762034,"action":"IDE_DEACTIVATED"}
{"ts":1755628765885,"action":"IDE_ACTIVATED"}
{"ts":1755628767076,"action":"IDE_DEACTIVATED"}
{"ts":1755628768277,"action":"IDE_ACTIVATED"}
{"ts":1755628908743,"action":"IDE_DEACTIVATED"}
{"ts":1755628909503,"action":"IDE_ACTIVATED"}
{"ts":1755628912211,"action":"IDE_DEACTIVATED"}
{"ts":1755628913418,"action":"IDE_ACTIVATED"}
{"ts":1755628937183,"action":"IDE_DEACTIVATED"}
{"ts":1755628938121,"action":"IDE_ACTIVATED"}
{"ts":1755628945215,"action":"IDE_DEACTIVATED"}
{"ts":1755628945866,"action":"IDE_ACTIVATED"}
{"ts":1755628955469,"action":"IDE_DEACTIVATED"}
{"ts":1755628959247,"action":"IDE_ACTIVATED"}
{"ts":1755628960316,"action":"IDE_DEACTIVATED"}
{"ts":1755628960610,"action":"IDE_ACTIVATED"}
{"ts":1755628962563,"action":"IDE_DEACTIVATED"}
{"ts":1755628968416,"action":"IDE_ACTIVATED"}
{"ts":1755628968576,"action":"IDE_DEACTIVATED"}
{"ts":1755628969174,"action":"IDE_ACTIVATED"}
{"ts":1755628970223,"action":"IDE_DEACTIVATED"}
{"ts":1755628986461,"action":"IDE_ACTIVATED"}
{"ts":1755629036379,"action":"IDE_DEACTIVATED"}
{"ts":1755629046287,"action":"IDE_ACTIVATED"}
{"ts":1755629293434,"action":"IDE_DEACTIVATED"}
{"ts":1755629294288,"action":"IDE_ACTIVATED"}
{"ts":1755629294836,"action":"IDE_DEACTIVATED"}
{"ts":1755629300920,"action":"IDE_ACTIVATED"}
{"ts":1755629335760,"action":"IDE_DEACTIVATED"}
{"ts":1755629344456,"action":"IDE_ACTIVATED"}
{"ts":1755629525741,"action":"FILE_CLOSED","file":"/analysis_results.csv","tags":{"FILE_LINE_OF_CODE":"null"}}
{"ts":1755629525741,"action":"FILE_OPENED","file":"/src/main/java/com/yourcompany/game/HistoricalAnalyzer.java","tags":{"FILE_LINE_OF_CODE":"250"}}
{"ts":1755629647126,"action":"IDE_DEACTIVATED"}
{"ts":1755629648456,"action":"IDE_ACTIVATED"}
{"ts":1755629652935,"action":"IDE_DEACTIVATED"}
{"ts":1755629658987,"action":"IDE_ACTIVATED"}
{"ts":1755629677987,"action":"IDE_DEACTIVATED"}
{"ts":1755629678371,"action":"IDE_ACTIVATED"}
{"ts":1755629683910,"action":"IDE_DEACTIVATED"}
{"ts":1755629684889,"action":"IDE_ACTIVATED"}
{"ts":1755629802649,"action":"IDE_DEACTIVATED"}
{"ts":1755629803210,"action":"IDE_ACTIVATED"}
{"ts":1755629824868,"action":"IDE_DEACTIVATED"}
{"ts":1755629827148,"action":"IDE_ACTIVATED"}
{"ts":1755629827692,"action":"IDE_DEACTIVATED"}
{"ts":1755629852796,"action":"IDE_ACTIVATED"}
{"ts":1755629853378,"action":"IDE_DEACTIVATED"}
{"ts":1755629854029,"action":"IDE_ACTIVATED"}
{"ts":1755629862602,"action":"IDE_DEACTIVATED"}
{"ts":1755629863731,"action":"IDE_ACTIVATED"}
{"ts":1755629865076,"action":"IDE_DEACTIVATED"}
{"ts":1755629868482,"action":"IDE_ACTIVATED"}
{"ts":1755629872396,"action":"IDE_DEACTIVATED"}
{"ts":1755629874680,"action":"IDE_ACTIVATED"}
{"ts":1755629876450,"action":"IDE_DEACTIVATED"}
{"ts":1755629879328,"action":"IDE_ACTIVATED"}
{"ts":1755629882293,"action":"IDE_DEACTIVATED"}
{"ts":1755629901276,"action":"IDE_ACTIVATED"}
{"ts":1755629901836,"action":"IDE_DEACTIVATED"}
{"ts":1755629915940,"action":"IDE_ACTIVATED"}
{"ts":1755629917369,"action":"IDE_DEACTIVATED"}
{"ts":1755629925820,"action":"IDE_ACTIVATED"}
{"ts":1755629927507,"action":"IDE_DEACTIVATED"}
{"ts":1755629930460,"action":"IDE_ACTIVATED"}
{"ts":1755629930931,"action":"IDE_DEACTIVATED"}
{"ts":1755629938184,"action":"IDE_ACTIVATED"}
{"ts":1755629938857,"action":"IDE_DEACTIVATED"}
{"ts":1755629944551,"action":"IDE_ACTIVATED"}
{"ts":1755629954980,"action":"IDE_DEACTIVATED"}
{"ts":1755629960449,"action":"IDE_ACTIVATED"}
{"ts":1755629962157,"action":"IDE_DEACTIVATED"}
{"ts":1755629962853,"action":"IDE_ACTIVATED"}
{"ts":1755629963841,"action":"IDE_DEACTIVATED"}
{"ts":1755629967854,"action":"IDE_ACTIVATED"}
{"ts":1755629968500,"action":"IDE_DEACTIVATED"}
{"ts":1755629984009,"action":"IDE_ACTIVATED"}
{"ts":1755629987973,"action":"IDE_DEACTIVATED"}
{"ts":1755630003397,"action":"IDE_ACTIVATED"}
{"ts":1755630009564,"action":"IDE_DEACTIVATED"}
{"ts":1755630011021,"action":"IDE_ACTIVATED"}
{"ts":1755630014041,"action":"IDE_DEACTIVATED"}
{"ts":1755630015012,"action":"IDE_ACTIVATED"}
{"ts":1755630021094,"action":"IDE_DEACTIVATED"}
{"ts":1755630024098,"action":"IDE_ACTIVATED"}
{"ts":1755630030442,"action":"IDE_DEACTIVATED"}
{"ts":1755630114965,"action":"IDE_ACTIVATED"}
{"ts":1755630118959,"action":"IDE_DEACTIVATED"}
{"ts":1755630121747,"action":"IDE_ACTIVATED"}
{"ts":1755630124938,"action":"IDE_DEACTIVATED"}
{"ts":1755630152676,"action":"IDE_ACTIVATED"}
{"ts":1755630157441,"action":"IDE_DEACTIVATED"}
{"ts":1755630163765,"action":"IDE_ACTIVATED"}
{"ts":1755630164044,"action":"IDE_DEACTIVATED"}
{"ts":1755630164839,"action":"IDE_ACTIVATED"}
{"ts":1755630165225,"action":"IDE_DEACTIVATED"}
{"ts":1755630176123,"action":"IDE_ACTIVATED"}
{"ts":1755630176405,"action":"IDE_DEACTIVATED"}
{"ts":1755631016532,"action":"IDE_ACTIVATED"}
{"ts":1755631060600,"action":"IDE_DEACTIVATED"}
{"ts":1755631065554,"action":"IDE_ACTIVATED"}
{"ts":1755631097835,"action":"IDE_DEACTIVATED"}
{"ts":1755631464940,"action":"IDE_ACTIVATED"}
{"ts":1755631479459,"action":"FILE_CLOSED","file":"/src/main/java/com/yourcompany/game/HistoricalAnalyzer.java","tags":{"FILE_LINE_OF_CODE":"250"}}
{"ts":1755631479459,"action":"FILE_OPENED","file":"/analysis_results.csv","tags":{"FILE_LINE_OF_CODE":"null"}}
{"ts":1755631497398,"action":"IDE_DEACTIVATED"}
{"ts":1755631499214,"action":"IDE_ACTIVATED"}
{"ts":1755631500728,"action":"IDE_DEACTIVATED"}
{"ts":1755632133700,"action":"IDE_ACTIVATED"}
{"ts":1755632174706,"action":"IDE_DEACTIVATED"}
{"ts":1755632274170,"action":"IDE_ACTIVATED"}
{"ts":1755632274949,"action":"IDE_DEACTIVATED"}
{"ts":1755632275245,"action":"IDE_ACTIVATED"}
{"ts":1755632299114,"action":"IDE_DEACTIVATED"}
{"ts":1755632299539,"action":"IDE_ACTIVATED"}
{"ts":1755632300854,"action":"IDE_DEACTIVATED"}
{"ts":1755632372951,"action":"IDE_ACTIVATED"}
{"ts":1755632395996,"action":"IDE_DEACTIVATED"}
{"ts":1755664642917,"action":"IDE_ACTIVATED"}
{"ts":1755664650820,"action":"FILE_CLOSED","file":"/analysis_results.csv","tags":{"FILE_LINE_OF_CODE":"null"}}
{"ts":1755664650847,"action":"FILE_OPENED","file":"/assertj_manual_log.csv","tags":{"FILE_LINE_OF_CODE":"null"}}
{"ts":1755664658533,"action":"FILE_CLOSED","file":"/assertj_manual_log.csv","tags":{"FILE_LINE_OF_CODE":"null"}}
{"ts":1755664658551,"action":"FILE_OPENED","file":"/assertj_checkpoint.properties","tags":{"FILE_LINE_OF_CODE":"5"}}
{"ts":1755664660104,"action":"FILE_CLOSED","file":"/assertj_checkpoint.properties","tags":{"FILE_LINE_OF_CODE":"5"}}
{"ts":1755664660107,"action":"FILE_OPENED","file":"/assertj_manual_log.csv","tags":{"FILE_LINE_OF_CODE":"null"}}
{"ts":1755664681384,"action":"IDE_DEACTIVATED"}
{"ts":1755664683047,"action":"IDE_ACTIVATED"}
{"ts":1755664717886,"action":"IDE_DEACTIVATED"}
{"ts":1755664717969,"action":"IDE_ACTIVATED"}
{"ts":1755664718644,"action":"IDE_DEACTIVATED"}
{"ts":1755664718756,"action":"IDE_ACTIVATED"}
{"ts":1755664733609,"action":"IDE_DEACTIVATED"}
{"ts":1755664733688,"action":"IDE_ACTIVATED"}
{"ts":1755664734701,"action":"IDE_DEACTIVATED"}
{"ts":1755664734789,"action":"IDE_ACTIVATED"}
{"ts":1755664734992,"action":"IDE_DEACTIVATED"}
{"ts":1755664735063,"action":"IDE_ACTIVATED"}
{"ts":1755664737079,"action":"IDE_DEACTIVATED"}
{"ts":1755664737140,"action":"IDE_ACTIVATED"}
{"ts":1755664738130,"action":"IDE_DEACTIVATED"}
{"ts":1755664738217,"action":"IDE_ACTIVATED"}
{"ts":1755664745762,"action":"IDE_DEACTIVATED"}
{"ts":1755664745845,"action":"IDE_ACTIVATED"}
{"ts":1755664749979,"action":"IDE_DEACTIVATED"}
{"ts":1755664750049,"action":"IDE_ACTIVATED"}
{"ts":1755664782668,"action":"IDE_DEACTIVATED"}
{"ts":1755664782735,"action":"IDE_ACTIVATED"}
{"ts":1755664793154,"action":"IDE_DEACTIVATED"}
{"ts":1755664793221,"action":"IDE_ACTIVATED"}
{"ts":1755664801103,"action":"IDE_DEACTIVATED"}
{"ts":1755664801179,"action":"IDE_ACTIVATED"}
{"ts":1755664806882,"action":"IDE_DEACTIVATED"}
{"ts":1755664806949,"action":"IDE_ACTIVATED"}
{"ts":1755664814532,"action":"IDE_DEACTIVATED"}
{"ts":1755664814606,"action":"IDE_ACTIVATED"}
{"ts":1755664817780,"action":"IDE_DEACTIVATED"}
{"ts":1755664817906,"action":"IDE_ACTIVATED"}
{"ts":1755664818144,"action":"IDE_DEACTIVATED"}
{"ts":1755664818202,"action":"IDE_ACTIVATED"}
{"ts":1755664828969,"action":"IDE_DEACTIVATED"}
{"ts":1755664829043,"action":"IDE_ACTIVATED"}
{"ts":1755664871934,"action":"FILE_CLOSED","file":"/assertj_manual_log.csv","tags":{"FILE_LINE_OF_CODE":"null"}}
{"ts":1755664871975,"action":"FILE_OPENED","file":"/raport.md","tags":{"FILE_LINE_OF_CODE":"98"}}
{"ts":1755664873794,"action":"FILE_CLOSED","file":"/raport.md","tags":{"FILE_LINE_OF_CODE":"98"}}
{"ts":1755664876799,"action":"FILE_OPENED","file":"/junit-framework_manual_log.csv","tags":{"FILE_LINE_OF_CODE":"null"}}
{"ts":1755665054057,"action":"IDE_DEACTIVATED"}
{"ts":1755665054989,"action":"IDE_ACTIVATED"}
{"ts":1755665055380,"action":"IDE_DEACTIVATED"}
{"ts":1755665057960,"action":"IDE_ACTIVATED"}
{"ts":1755665058239,"action":"IDE_DEACTIVATED"}
{"ts":1755665058622,"action":"IDE_ACTIVATED"}
{"ts":1755665288760,"action":"IDE_DEACTIVATED"}
{"ts":1755665289470,"action":"IDE_ACTIVATED"}
{"ts":1755665289694,"action":"IDE_DEACTIVATED"}
{"ts":1755665290450,"action":"IDE_ACTIVATED"}
{"ts":1755665292429,"action":"IDE_DEACTIVATED"}
{"ts":1755665293645,"action":"IDE_ACTIVATED"}
{"ts":1755665294803,"action":"IDE_DEACTIVATED"}
{"ts":1755665295266,"action":"IDE_ACTIVATED"}
{"ts":1755665308479,"action":"IDE_DEACTIVATED"}
{"ts":1755665308557,"action":"IDE_ACTIVATED"}
{"ts":1755665310244,"action":"IDE_DEACTIVATED"}
{"ts":1755665310334,"action":"IDE_ACTIVATED"}
{"ts":1755665311531,"action":"IDE_DEACTIVATED"}
{"ts":1755665311615,"action":"IDE_ACTIVATED"}
{"ts":1755665312473,"action":"IDE_DEACTIVATED"}
{"ts":1755665312545,"action":"IDE_ACTIVATED"}
{"ts":1755665313340,"action":"IDE_DEACTIVATED"}
{"ts":1755665313400,"action":"IDE_ACTIVATED"}
{"ts":1755665313818,"action":"IDE_DEACTIVATED"}
{"ts":1755665313902,"action":"IDE_ACTIVATED"}
{"ts":1755665314821,"action":"IDE_DEACTIVATED"}
{"ts":1755665314901,"action":"IDE_ACTIVATED"}
{"ts":1755665416317,"action":"IDE_DEACTIVATED"}
{"ts":1755665416406,"action":"IDE_ACTIVATED"}
{"ts":1755665417120,"action":"IDE_DEACTIVATED"}
{"ts":1755665417206,"action":"IDE_ACTIVATED"}
{"ts":1755665418206,"action":"IDE_DEACTIVATED"}
{"ts":1755665418287,"action":"IDE_ACTIVATED"}
{"ts":1755665418850,"action":"IDE_DEACTIVATED"}
{"ts":1755665418936,"action":"IDE_ACTIVATED"}
{"ts":1755665425860,"action":"IDE_DEACTIVATED"}
{"ts":1755665425946,"action":"IDE_ACTIVATED"}
{"ts":1755665426807,"action":"IDE_DEACTIVATED"}
{"ts":1755665426902,"action":"IDE_ACTIVATED"}
{"ts":1755665436836,"action":"IDE_DEACTIVATED"}
{"ts":1755665436927,"action":"IDE_ACTIVATED"}
{"ts":1755665443782,"action":"IDE_DEACTIVATED"}
{"ts":1755665443869,"action":"IDE_ACTIVATED"}
{"ts":1755665447252,"action":"FILE_CLOSED","file":"/junit-framework_manual_log.csv","tags":{"FILE_LINE_OF_CODE":"null"}}
{"ts":1755665447256,"action":"FILE_OPENED","file":"/assertj_manual_log.csv","tags":{"FILE_LINE_OF_CODE":"null"}}
{"ts":1755665452856,"action":"IDE_DEACTIVATED"}
{"ts":1755665452943,"action":"IDE_ACTIVATED"}
{"ts":1755665493432,"action":"IDE_DEACTIVATED"}
{"ts":1755665493522,"action":"IDE_ACTIVATED"}
{"ts":1755665510243,"action":"IDE_DEACTIVATED"}
{"ts":1755665510331,"action":"IDE_ACTIVATED"}
{"ts":1755665510544,"action":"IDE_DEACTIVATED"}
{"ts":1755665510621,"action":"IDE_ACTIVATED"}
{"ts":1755665510886,"action":"IDE_DEACTIVATED"}
{"ts":1755665510978,"action":"IDE_ACTIVATED"}
{"ts":1755665513533,"action":"IDE_DEACTIVATED"}
{"ts":1755665513618,"action":"IDE_ACTIVATED"}
{"ts":1755665516000,"action":"IDE_DEACTIVATED"}
{"ts":1755665516089,"action":"IDE_ACTIVATED"}
{"ts":1755665523229,"action":"IDE_DEACTIVATED"}
{"ts":1755665523311,"action":"IDE_ACTIVATED"}
{"ts":1755665523915,"action":"IDE_DEACTIVATED"}
{"ts":1755665526246,"action":"IDE_ACTIVATED"}
{"ts":1755665528434,"action":"IDE_DEACTIVATED"}
{"ts":1755665529029,"action":"IDE_ACTIVATED"}
{"ts":1755665529206,"action":"IDE_DEACTIVATED"}
{"ts":1755665529425,"action":"IDE_ACTIVATED"}
{"ts":1755665547682,"action":"IDE_DEACTIVATED"}
{"ts":1755665547766,"action":"IDE_ACTIVATED"}
{"ts":1755665549041,"action":"IDE_DEACTIVATED"}
{"ts":1755665549141,"action":"IDE_ACTIVATED"}
{"ts":1755665572747,"action":"IDE_DEACTIVATED"}
{"ts":1755665572838,"action":"IDE_ACTIVATED"}
{"ts":1755665576728,"action":"IDE_DEACTIVATED"}
{"ts":1755665576816,"action":"IDE_ACTIVATED"}
{"ts":1755665577094,"action":"IDE_DEACTIVATED"}
{"ts":1755665577133,"action":"IDE_ACTIVATED"}
{"ts":1755665579292,"action":"IDE_DEACTIVATED"}
{"ts":1755665579378,"action":"IDE_ACTIVATED"}
{"ts":1755665603083,"action":"IDE_DEACTIVATED"}
{"ts":1755665603174,"action":"IDE_ACTIVATED"}
{"ts":1755665604060,"action":"IDE_DEACTIVATED"}
{"ts":1755665604956,"action":"IDE_ACTIVATED"}
{"ts":1755665605407,"action":"IDE_DEACTIVATED"}
{"ts":1755665607602,"action":"IDE_ACTIVATED"}
{"ts":1755665622364,"action":"IDE_DEACTIVATED"}
{"ts":1755665622446,"action":"IDE_ACTIVATED"}
{"ts":1755665623070,"action":"IDE_DEACTIVATED"}
{"ts":1755665623154,"action":"IDE_ACTIVATED"}
{"ts":1755666828419,"action":"IDE_DEACTIVATED"}
{"ts":1755700283480,"action":"IDE_ACTIVATED"}
{"ts":1755700285448,"action":"IDE_DEACTIVATED"}
{"ts":1755700342718,"action":"IDE_ACTIVATED"}
{"ts":1755700361239,"action":"IDE_DEACTIVATED"}
{"ts":1755700361615,"action":"IDE_ACTIVATED"}
{"ts":1755700362521,"action":"IDE_DEACTIVATED"}
{"ts":1755700362899,"action":"IDE_ACTIVATED"}
{"ts":1755700369733,"action":"FILE_CLOSED","file":"/assertj_manual_log.csv","tags":{"FILE_LINE_OF_CODE":"null"}}
{"ts":1755700369748,"action":"FILE_OPENED","file":"/commons-io_checkpoint.properties","tags":{"FILE_LINE_OF_CODE":"5"}}
{"ts":1755700384393,"action":"FILE_CLOSED","file":"/commons-io_checkpoint.properties","tags":{"FILE_LINE_OF_CODE":"5"}}
{"ts":1755700384393,"action":"FILE_OPENED","file":"/analysis_results.csv","tags":{"FILE_LINE_OF_CODE":"null"}}
{"ts":1755700384399,"action":"FILE_CLOSED","file":"/analysis_results.csv","tags":{"FILE_LINE_OF_CODE":"null"}}
{"ts":1755700384411,"action":"FILE_OPENED","file":"/junit-framework-STARY_manual_log.csv","tags":{"FILE_LINE_OF_CODE":"null"}}
{"ts":1755700389150,"action":"FILE_CLOSED","file":"/junit-framework-STARY_manual_log.csv","tags":{"FILE_LINE_OF_CODE":"null"}}
{"ts":1755700389178,"action":"FILE_OPENED","file":"/java-annotations_checkpoint.properties","tags":{"FILE_LINE_OF_CODE":"5"}}
{"ts":1755700391389,"action":"FILE_CLOSED","file":"/java-annotations_checkpoint.properties","tags":{"FILE_LINE_OF_CODE":"5"}}
{"ts":1755700391394,"action":"FILE_OPENED","file":"/junit-framework_manual_log.csv","tags":{"FILE_LINE_OF_CODE":"null"}}
{"ts":1755700642765,"action":"IDE_DEACTIVATED"}
{"ts":1755700663032,"action":"IDE_ACTIVATED"}
{"ts":1755700665606,"action":"IDE_DEACTIVATED"}
{"ts":1755700672523,"action":"IDE_ACTIVATED"}
{"ts":1755700672952,"action":"IDE_DEACTIVATED"}
{"ts":1755700720292,"action":"IDE_ACTIVATED"}
{"ts":1755700762392,"action":"IDE_DEACTIVATED"}
{"ts":1755700764785,"action":"IDE_ACTIVATED"}
{"ts":1755700765832,"action":"IDE_DEACTIVATED"}
{"ts":1755700767027,"action":"IDE_ACTIVATED"}
{"ts":1755700805986,"action":"IDE_DEACTIVATED"}
{"ts":1755700847545,"action":"IDE_ACTIVATED"}
{"ts":1755700889573,"action":"IDE_DEACTIVATED"}
{"ts":1755700943997,"action":"IDE_ACTIVATED"}
{"ts":1755700994088,"action":"FILE_CLOSED","file":"/junit-framework_manual_log.csv","tags":{"FILE_LINE_OF_CODE":"null"}}
{"ts":1755700994088,"action":"FILE_OPENED","file":"/junit-framework-STARY_manual_log.csv","tags":{"FILE_LINE_OF_CODE":"null"}}
{"ts":1755701002319,"action":"FILE_CLOSED","file":"/junit-framework-STARY_manual_log.csv","tags":{"FILE_LINE_OF_CODE":"null"}}
{"ts":1755701002319,"action":"FILE_OPENED","file":"/junit-framework_manual_log.csv","tags":{"FILE_LINE_OF_CODE":"null"}}
{"ts":1755701010910,"action":"FILE_CLOSED","file":"/junit-framework_manual_log.csv","tags":{"FILE_LINE_OF_CODE":"null"}}
{"ts":1755701010910,"action":"FILE_OPENED","file":"/junit-framework-STARY_manual_log.csv","tags":{"FILE_LINE_OF_CODE":"null"}}
{"ts":1755701013175,"action":"FILE_CLOSED","file":"/junit-framework-STARY_manual_log.csv","tags":{"FILE_LINE_OF_CODE":"null"}}
{"ts":1755701013175,"action":"FILE_OPENED","file":"/junit-framework_manual_log.csv","tags":{"FILE_LINE_OF_CODE":"null"}}
{"ts":1755701014264,"action":"FILE_CLOSED","file":"/junit-framework_manual_log.csv","tags":{"FILE_LINE_OF_CODE":"null"}}
{"ts":1755701014264,"action":"FILE_OPENED","file":"/junit-framework-STARY_manual_log.csv","tags":{"FILE_LINE_OF_CODE":"null"}}
{"ts":1755701016805,"action":"FILE_CLOSED","file":"/junit-framework-STARY_manual_log.csv","tags":{"FILE_LINE_OF_CODE":"null"}}
{"ts":1755701016805,"action":"FILE_OPENED","file":"/junit-framework_manual_log.csv","tags":{"FILE_LINE_OF_CODE":"null"}}
{"ts":1755701051810,"action":"IDE_DEACTIVATED"}
{"ts":1755701193476,"action":"IDE_ACTIVATED"}
{"ts":1755701194397,"action":"IDE_DEACTIVATED"}
{"ts":1755701194697,"action":"IDE_ACTIVATED"}
{"ts":1755701197041,"action":"IDE_DEACTIVATED"}
{"ts":1755701197137,"action":"IDE_ACTIVATED"}
{"ts":1755701197484,"action":"IDE_DEACTIVATED"}
{"ts":1755701199069,"action":"IDE_ACTIVATED"}
{"ts":1755701199636,"action":"IDE_DEACTIVATED"}
{"ts":1755701199839,"action":"IDE_ACTIVATED"}
{"ts":1755701201908,"action":"IDE_DEACTIVATED"}
{"ts":1755701201979,"action":"IDE_ACTIVATED"}
{"ts":1755701202618,"action":"IDE_DEACTIVATED"}
{"ts":1755701224066,"action":"IDE_ACTIVATED"}
{"ts":1755701238921,"action":"IDE_DEACTIVATED"}
{"ts":1755701263284,"action":"IDE_ACTIVATED"}
{"ts":1755701276119,"action":"IDE_DEACTIVATED"}
{"ts":1755701795913,"action":"IDE_ACTIVATED"}
{"ts":1755701832264,"action":"FILE_CLOSED","file":"/junit-framework_manual_log.csv","tags":{"FILE_LINE_OF_CODE":"null"}}
{"ts":1755701832278,"action":"FILE_OPENED","file":"/joda-time_manual_log.csv","tags":{"FILE_LINE_OF_CODE":"null"}}
{"ts":1755701870390,"action":"FILE_CLOSED","file":"/joda-time_manual_log.csv","tags":{"FILE_LINE_OF_CODE":"null"}}
{"ts":1755701870390,"action":"FILE_OPENED","file":"/src/main/java/com/yourcompany/game/HistoricalAnalyzer.java","tags":{"FILE_LINE_OF_CODE":"254"}}
{"ts":1755701890996,"action":"IDE_DEACTIVATED"}
{"ts":1755701898363,"action":"IDE_ACTIVATED"}
{"ts":1755701912994,"action":"IDE_DEACTIVATED"}
{"ts":1755701916212,"action":"IDE_ACTIVATED"}
{"ts":1755701920572,"action":"IDE_DEACTIVATED"}
{"ts":1755701920995,"action":"IDE_ACTIVATED"}
{"ts":1755701975309,"action":"IDE_DEACTIVATED"}
{"ts":1755701989697,"action":"IDE_ACTIVATED"}
{"ts":1755701991171,"action":"FILE_CLOSED","file":"/src/main/java/com/yourcompany/game/HistoricalAnalyzer.java","tags":{"FILE_LINE_OF_CODE":"250"}}
{"ts":1755701991196,"action":"FILE_OPENED","file":"/src/main/java/com/yourcompany/game/App.java","tags":{"FILE_LINE_OF_CODE":"180"}}
{"ts":1755702022901,"action":"FILE_CLOSED","file":"/src/main/java/com/yourcompany/game/App.java","tags":{"FILE_LINE_OF_CODE":"180"}}
{"ts":1755702022918,"action":"FILE_OPENED","file":"/junit-framework_checkpoint.properties","tags":{"FILE_LINE_OF_CODE":"5"}}
{"ts":1755702023870,"action":"FILE_OPENED","file":"/junit-framework-STARY_manual_log.csv","tags":{"FILE_LINE_OF_CODE":"null"}}
{"ts":1755702024516,"action":"FILE_CLOSED","file":"/junit-framework-STARY_manual_log.csv","tags":{"FILE_LINE_OF_CODE":"null"}}
{"ts":1755702024519,"action":"FILE_OPENED","file":"/junit-framework_manual_log.csv","tags":{"FILE_LINE_OF_CODE":"null"}}
{"ts":1755702025516,"action":"FILE_OPENED","file":"/junit-framework-STARY_manual_log.csv","tags":{"FILE_LINE_OF_CODE":"null"}}
{"ts":1755702027542,"action":"FILE_CLOSED","file":"/junit-framework-STARY_manual_log.csv","tags":{"FILE_LINE_OF_CODE":"null"}}
{"ts":1755702027574,"action":"FILE_OPENED","file":"/src/main/java/com/yourcompany/game/App.java","tags":{"FILE_LINE_OF_CODE":"180"}}
{"ts":1755702037822,"action":"FILE_CLOSED","file":"/src/main/java/com/yourcompany/game/App.java","tags":{"FILE_LINE_OF_CODE":"180"}}
{"ts":1755702037822,"action":"FILE_OPENED","file":"/src/main/java/com/yourcompany/game/FeatureAdoptionAnalyzer.java","tags":{"FILE_LINE_OF_CODE":"259"}}
{"ts":1755702040646,"action":"FILE_CLOSED","file":"/src/main/java/com/yourcompany/game/FeatureAdoptionAnalyzer.java","tags":{"FILE_LINE_OF_CODE":"259"}}
{"ts":1755702040646,"action":"FILE_OPENED","file":"/src/main/java/com/yourcompany/game/HistoricalAnalyzer.java","tags":{"FILE_LINE_OF_CODE":"250"}}
{"ts":1755702052101,"action":"IDE_DEACTIVATED"}
{"ts":1755702278933,"action":"IDE_ACTIVATED"}
{"ts":1755702304428,"action":"FILE_CLOSED","file":"/src/main/java/com/yourcompany/game/HistoricalAnalyzer.java","tags":{"FILE_LINE_OF_CODE":"254"}}
{"ts":1755702304428,"action":"FILE_OPENED","file":"/src/main/java/com/yourcompany/game/App.java","tags":{"FILE_LINE_OF_CODE":"180"}}
{"ts":1755702353041,"action":"IDE_DEACTIVATED"}
{"ts":1755702360703,"action":"IDE_ACTIVATED"}
{"ts":1755702391739,"action":"IDE_DEACTIVATED"}
{"ts":1755702392167,"action":"IDE_ACTIVATED"}
{"ts":1755702400818,"action":"IDE_DEACTIVATED"}
{"ts":1755702420887,"action":"IDE_ACTIVATED"}
{"ts":1755702433792,"action":"FILE_CLOSED","file":"/src/main/java/com/yourcompany/game/App.java","tags":{"FILE_LINE_OF_CODE":"181"}}
{"ts":1755702433817,"action":"FILE_OPENED","file":"/junit-framework_checkpoint.properties","tags":{"FILE_LINE_OF_CODE":"5"}}
{"ts":1755702434640,"action":"FILE_OPENED","file":"/src/main/java/com/yourcompany/game/App.java","tags":{"FILE_LINE_OF_CODE":"181"}}
{"ts":1755702438945,"action":"FILE_CLOSED","file":"/src/main/java/com/yourcompany/game/App.java","tags":{"FILE_LINE_OF_CODE":"181"}}
{"ts":1755702438948,"action":"FILE_OPENED","file":"/junit-framework_manual_log.csv","tags":{"FILE_LINE_OF_CODE":"null"}}
{"ts":1755702439934,"action":"FILE_OPENED","file":"/src/main/java/com/yourcompany/game/App.java","tags":{"FILE_LINE_OF_CODE":"181"}}
{"ts":1755702460341,"action":"IDE_DEACTIVATED"}
{"ts":1755702464682,"action":"IDE_ACTIVATED"}
{"ts":1755702466326,"action":"IDE_DEACTIVATED"}
{"ts":1755702545270,"action":"IDE_ACTIVATED"}
{"ts":1755702556604,"action":"IDE_DEACTIVATED"}
{"ts":1755702606963,"action":"IDE_ACTIVATED"}
{"ts":1755702614458,"action":"IDE_DEACTIVATED"}
{"ts":1755702648457,"action":"IDE_ACTIVATED"}
{"ts":1755702673167,"action":"IDE_DEACTIVATED"}
{"ts":1755702716869,"action":"IDE_ACTIVATED"}
{"ts":1755702722172,"action":"IDE_DEACTIVATED"}
{"ts":1755702979257,"action":"IDE_ACTIVATED"}
{"ts":1755702985237,"action":"FILE_CLOSED","file":"/src/main/java/com/yourcompany/game/App.java","tags":{"FILE_LINE_OF_CODE":"181"}}
{"ts":1755702985257,"action":"FILE_OPENED","file":"/junit-framework_checkpoint.properties","tags":{"FILE_LINE_OF_CODE":"5"}}
{"ts":1755702987328,"action":"FILE_CLOSED","file":"/junit-framework_checkpoint.properties","tags":{"FILE_LINE_OF_CODE":"5"}}
{"ts":1755702987342,"action":"FILE_OPENED","file":"/JSON-java_manual_log.csv","tags":{"FILE_LINE_OF_CODE":"null"}}
{"ts":1755702987901,"action":"FILE_CLOSED","file":"/JSON-java_manual_log.csv","tags":{"FILE_LINE_OF_CODE":"null"}}
{"ts":1755702987905,"action":"FILE_OPENED","file":"/junit-framework_manual_log.csv","tags":{"FILE_LINE_OF_CODE":"null"}}
{"ts":1755703008141,"action":"FILE_CLOSED","file":"/junit-framework_manual_log.csv","tags":{"FILE_LINE_OF_CODE":"null"}}
{"ts":1755703008141,"action":"FILE_OPENED","file":"/src/main/java/com/yourcompany/game/App.java","tags":{"FILE_LINE_OF_CODE":"181"}}
{"ts":1755703019375,"action":"IDE_DEACTIVATED"}
{"ts":1755703019741,"action":"IDE_ACTIVATED"}
{"ts":1755703020036,"action":"IDE_DEACTIVATED"}
{"ts":1755703020391,"action":"IDE_ACTIVATED"}
{"ts":1755703020596,"action":"IDE_DEACTIVATED"}
{"ts":1755703021573,"action":"IDE_ACTIVATED"}
{"ts":1755703022537,"action":"IDE_DEACTIVATED"}
{"ts":1755703023004,"action":"IDE_ACTIVATED"}
{"ts":1755703023785,"action":"IDE_DEACTIVATED"}
{"ts":1755703028669,"action":"IDE_ACTIVATED"}
{"ts":1755703029486,"action":"IDE_DEACTIVATED"}
{"ts":1755703059438,"action":"IDE_ACTIVATED"}
{"ts":1755703071238,"action":"FILE_CLOSED","file":"/src/main/java/com/yourcompany/game/App.java","tags":{"FILE_LINE_OF_CODE":"181"}}
{"ts":1755703071238,"action":"FILE_OPENED","file":"/junit-framework-STARY_manual_log.csv","tags":{"FILE_LINE_OF_CODE":"null"}}
{"ts":1755703203696,"action":"IDE_DEACTIVATED"}
{"ts":1755703211444,"action":"IDE_ACTIVATED"}
{"ts":1755703213495,"action":"IDE_DEACTIVATED"}
{"ts":1755703284985,"action":"IDE_ACTIVATED"}
{"ts":1755703294593,"action":"IDE_DEACTIVATED"}
{"ts":1755703306974,"action":"IDE_ACTIVATED"}
{"ts":1755703331816,"action":"IDE_DEACTIVATED"}
{"ts":1755703336096,"action":"IDE_ACTIVATED"}
{"ts":1755703440112,"action":"FILE_CLOSED","file":"/junit-framework-STARY_manual_log.csv","tags":{"FILE_LINE_OF_CODE":"null"}}
{"ts":1755703440112,"action":"FILE_OPENED","file":"/src/main/java/com/yourcompany/game/VarUsageAnalyzer.java","tags":{"FILE_LINE_OF_CODE":"105"}}
{"ts":1755703528527,"action":"FILE_CLOSED","file":"/src/main/java/com/yourcompany/game/VarUsageAnalyzer.java","tags":{"FILE_LINE_OF_CODE":"105"}}
{"ts":1755703528530,"action":"FILE_OPENED","file":"/junit-framework_manual_log.csv","tags":{"FILE_LINE_OF_CODE":"null"}}
{"ts":1755703529971,"action":"FILE_OPENED","file":"/src/main/java/com/yourcompany/game/VarUsageAnalyzer.java","tags":{"FILE_LINE_OF_CODE":"105"}}
{"ts":1755703530513,"action":"FILE_CLOSED","file":"/src/main/java/com/yourcompany/game/VarUsageAnalyzer.java","tags":{"FILE_LINE_OF_CODE":"105"}}
{"ts":1755703530530,"action":"FILE_OPENED","file":"/junit-framework_checkpoint.properties","tags":{"FILE_LINE_OF_CODE":"5"}}
{"ts":1755703531471,"action":"FILE_OPENED","file":"/src/main/java/com/yourcompany/game/VarUsageAnalyzer.java","tags":{"FILE_LINE_OF_CODE":"105"}}
{"ts":1755703554197,"action":"FILE_CLOSED","file":"/src/main/java/com/yourcompany/game/VarUsageAnalyzer.java","tags":{"FILE_LINE_OF_CODE":"105"}}
{"ts":1755703554217,"action":"FILE_OPENED","file":"/junit-framework_manual_log.csv","tags":{"FILE_LINE_OF_CODE":"null"}}
{"ts":1755703555287,"action":"FILE_OPENED","file":"/src/main/java/com/yourcompany/game/VarUsageAnalyzer.java","tags":{"FILE_LINE_OF_CODE":"105"}}
{"ts":1755703555788,"action":"FILE_CLOSED","file":"/src/main/java/com/yourcompany/game/VarUsageAnalyzer.java","tags":{"FILE_LINE_OF_CODE":"105"}}
{"ts":1755703555811,"action":"FILE_OPENED","file":"/logback_checkpoint.properties","tags":{"FILE_LINE_OF_CODE":"5"}}
{"ts":1755703556377,"action":"FILE_CLOSED","file":"/logback_checkpoint.properties","tags":{"FILE_LINE_OF_CODE":"5"}}
{"ts":1755703556392,"action":"FILE_OPENED","file":"/junit-framework_checkpoint.properties","tags":{"FILE_LINE_OF_CODE":"5"}}
{"ts":1755703557482,"action":"FILE_OPENED","file":"/src/main/java/com/yourcompany/game/VarUsageAnalyzer.java","tags":{"FILE_LINE_OF_CODE":"105"}}
{"ts":1755703575110,"action":"FILE_CLOSED","file":"/src/main/java/com/yourcompany/game/VarUsageAnalyzer.java","tags":{"FILE_LINE_OF_CODE":"105"}}
{"ts":1755703575113,"action":"FILE_OPENED","file":"/JSON-java_manual_log.csv","tags":{"FILE_LINE_OF_CODE":"null"}}
{"ts":1755703575736,"action":"FILE_CLOSED","file":"/JSON-java_manual_log.csv","tags":{"FILE_LINE_OF_CODE":"null"}}
{"ts":1755703575736,"action":"FILE_OPENED","file":"/junit-framework-STARY_manual_log.csv","tags":{"FILE_LINE_OF_CODE":"null"}}
{"ts":1755703576428,"action":"FILE_CLOSED","file":"/junit-framework-STARY_manual_log.csv","tags":{"FILE_LINE_OF_CODE":"null"}}
{"ts":1755703576430,"action":"FILE_OPENED","file":"/junit-framework_manual_log.csv","tags":{"FILE_LINE_OF_CODE":"null"}}
{"ts":1755703578118,"action":"FILE_CLOSED","file":"/junit-framework_manual_log.csv","tags":{"FILE_LINE_OF_CODE":"null"}}
{"ts":1755703578118,"action":"FILE_OPENED","file":"/src/main/java/com/yourcompany/game/VarUsageAnalyzer.java","tags":{"FILE_LINE_OF_CODE":"105"}}
{"ts":1755703742612,"action":"FILE_CLOSED","file":"/src/main/java/com/yourcompany/game/VarUsageAnalyzer.java","tags":{"FILE_LINE_OF_CODE":"105"}}
{"ts":1755703742616,"action":"FILE_OPENED","file":"/junit-framework_manual_log.csv","tags":{"FILE_LINE_OF_CODE":"null"}}
{"ts":1755703743805,"action":"FILE_OPENED","file":"/src/main/java/com/yourcompany/game/VarUsageAnalyzer.java","tags":{"FILE_LINE_OF_CODE":"105"}}
{"ts":1755703745247,"action":"FILE_CLOSED","file":"/src/main/java/com/yourcompany/game/VarUsageAnalyzer.java","tags":{"FILE_LINE_OF_CODE":"105"}}
{"ts":1755703745257,"action":"FILE_OPENED","file":"/junit-framework_checkpoint.properties","tags":{"FILE_LINE_OF_CODE":"5"}}
{"ts":1755703746661,"action":"FILE_OPENED","file":"/src/main/java/com/yourcompany/game/VarUsageAnalyzer.java","tags":{"FILE_LINE_OF_CODE":"105"}}
{"ts":1755703774077,"action":"FILE_CLOSED","file":"/src/main/java/com/yourcompany/game/VarUsageAnalyzer.java","tags":{"FILE_LINE_OF_CODE":"105"}}
{"ts":1755703774081,"action":"FILE_OPENED","file":"/logback_manual_log.csv","tags":{"FILE_LINE_OF_CODE":"null"}}
{"ts":1755703779511,"action":"FILE_CLOSED","file":"/logback_manual_log.csv","tags":{"FILE_LINE_OF_CODE":"null"}}
{"ts":1755703779513,"action":"FILE_OPENED","file":"/junit-framework_manual_log.csv","tags":{"FILE_LINE_OF_CODE":"null"}}
{"ts":1755703780029,"action":"FILE_CLOSED","file":"/junit-framework_manual_log.csv","tags":{"FILE_LINE_OF_CODE":"null"}}
{"ts":1755703780049,"action":"FILE_OPENED","file":"/junit-framework_checkpoint.properties","tags":{"FILE_LINE_OF_CODE":"5"}}
{"ts":1755703780758,"action":"FILE_CLOSED","file":"/junit-framework_checkpoint.properties","tags":{"FILE_LINE_OF_CODE":"5"}}
{"ts":1755703780780,"action":"FILE_OPENED","file":"/logback_checkpoint.properties","tags":{"FILE_LINE_OF_CODE":"5"}}
{"ts":1755703781290,"action":"FILE_CLOSED","file":"/logback_checkpoint.properties","tags":{"FILE_LINE_OF_CODE":"5"}}
{"ts":1755703781295,"action":"FILE_OPENED","file":"/junit-framework_manual_log.csv","tags":{"FILE_LINE_OF_CODE":"null"}}
{"ts":1755703857330,"action":"FILE_CLOSED","file":"/junit-framework_manual_log.csv","tags":{"FILE_LINE_OF_CODE":"null"}}
{"ts":1755703857330,"action":"FILE_OPENED","file":"/junit-framework_checkpoint.properties","tags":{"FILE_LINE_OF_CODE":"5"}}
{"ts":1755703857452,"action":"FILE_CLOSED","file":"/junit-framework_checkpoint.properties","tags":{"FILE_LINE_OF_CODE":"5"}}
{"ts":1755703857452,"action":"FILE_OPENED","file":"/compare_logs.py","tags":{"FILE_LINE_OF_CODE":"76"}}
{"ts":1755703912415,"action":"IDE_DEACTIVATED"}
{"ts":1755703941403,"action":"IDE_ACTIVATED"}
{"ts":1755704010358,"action":"FILE_CLOSED","file":"/compare_logs.py","tags":{"FILE_LINE_OF_CODE":"53"}}
{"ts":1755704010361,"action":"FILE_OPENED","file":"/junit-framework_manual_log.csv","tags":{"FILE_LINE_OF_CODE":"null"}}
{"ts":1755704021362,"action":"FILE_CLOSED","file":"/junit-framework_manual_log.csv","tags":{"FILE_LINE_OF_CODE":"null"}}
{"ts":1755704021377,"action":"FILE_OPENED","file":"/result_comparing.txt","tags":{"FILE_LINE_OF_CODE":"927"}}
{"ts":1755704042804,"action":"FILE_CLOSED","file":"/result_comparing.txt","tags":{"FILE_LINE_OF_CODE":"927"}}
{"ts":1755704042817,"action":"FILE_OPENED","file":"/junit-framework_manual_log.csv","tags":{"FILE_LINE_OF_CODE":"null"}}
{"ts":1755704359620,"action":"FILE_OPENED","file":"/compare_logs.py","tags":{"FILE_LINE_OF_CODE":"53"}}
{"ts":1755704360214,"action":"FILE_CLOSED","file":"/compare_logs.py","tags":{"FILE_LINE_OF_CODE":"53"}}
{"ts":1755704360214,"action":"FILE_OPENED","file":"/junit-framework_checkpoint.properties","tags":{"FILE_LINE_OF_CODE":"5"}}
{"ts":1755704360746,"action":"FILE_OPENED","file":"/src/main/java/com/yourcompany/game/VarUsageAnalyzer.java","tags":{"FILE_LINE_OF_CODE":"107"}}
{"ts":1755704382635,"action":"FILE_CLOSED","file":"/src/main/java/com/yourcompany/game/VarUsageAnalyzer.java","tags":{"FILE_LINE_OF_CODE":"108"}}
{"ts":1755704382639,"action":"FILE_OPENED","file":"/junit-framework_manual_log.csv","tags":{"FILE_LINE_OF_CODE":"null"}}
{"ts":1755704386513,"action":"FILE_OPENED","file":"/src/main/java/com/yourcompany/game/VarUsageAnalyzer.java","tags":{"FILE_LINE_OF_CODE":"108"}}
{"ts":1755704387241,"action":"FILE_CLOSED","file":"/src/main/java/com/yourcompany/game/VarUsageAnalyzer.java","tags":{"FILE_LINE_OF_CODE":"108"}}
{"ts":1755704387252,"action":"FILE_OPENED","file":"/junit-framework_checkpoint.properties","tags":{"FILE_LINE_OF_CODE":"5"}}
{"ts":1755704387891,"action":"FILE_OPENED","file":"/src/main/java/com/yourcompany/game/VarUsageAnalyzer.java","tags":{"FILE_LINE_OF_CODE":"108"}}
{"ts":1755704392228,"action":"IDE_DEACTIVATED"}
{"ts":1755704400072,"action":"IDE_ACTIVATED"}
{"ts":1755704407609,"action":"IDE_DEACTIVATED"}
{"ts":1755704409634,"action":"IDE_ACTIVATED"}
{"ts":1755704410747,"action":"FILE_CLOSED","file":"/src/main/java/com/yourcompany/game/VarUsageAnalyzer.java","tags":{"FILE_LINE_OF_CODE":"108"}}
{"ts":1755704410750,"action":"FILE_OPENED","file":"/junit-framework_manual_log.csv","tags":{"FILE_LINE_OF_CODE":"null"}}
{"ts":1755704414315,"action":"IDE_DEACTIVATED"}
{"ts":1755704436251,"action":"IDE_ACTIVATED"}
{"ts":1755704443438,"action":"FILE_CLOSED","file":"/junit-framework_manual_log.csv","tags":{"FILE_LINE_OF_CODE":"null"}}
{"ts":1755704443447,"action":"FILE_OPENED","file":"/junit-framework_checkpoint.properties","tags":{"FILE_LINE_OF_CODE":"5"}}
{"ts":1755704444318,"action":"FILE_OPENED","file":"/src/main/java/com/yourcompany/game/VarUsageAnalyzer.java","tags":{"FILE_LINE_OF_CODE":"108"}}
{"ts":1755704444756,"action":"FILE_CLOSED","file":"/src/main/java/com/yourcompany/game/VarUsageAnalyzer.java","tags":{"FILE_LINE_OF_CODE":"108"}}
{"ts":1755704444765,"action":"FILE_OPENED","file":"/junit-framework_manual_log.csv","tags":{"FILE_LINE_OF_CODE":"null"}}
{"ts":1755704445299,"action":"FILE_OPENED","file":"/src/main/java/com/yourcompany/game/VarUsageAnalyzer.java","tags":{"FILE_LINE_OF_CODE":"108"}}
{"ts":1755704459627,"action":"FILE_CLOSED","file":"/src/main/java/com/yourcompany/game/VarUsageAnalyzer.java","tags":{"FILE_LINE_OF_CODE":"108"}}
{"ts":1755704459629,"action":"FILE_OPENED","file":"/junit-framework_manual_log.csv","tags":{"FILE_LINE_OF_CODE":"null"}}
{"ts":1755704487939,"action":"FILE_CLOSED","file":"/junit-framework_manual_log.csv","tags":{"FILE_LINE_OF_CODE":"null"}}
{"ts":1755704487939,"action":"FILE_OPENED","file":"/src/main/java/com/yourcompany/game/VarUsageAnalyzer.java","tags":{"FILE_LINE_OF_CODE":"108"}}
{"ts":1755704488470,"action":"FILE_CLOSED","file":"/src/main/java/com/yourcompany/game/VarUsageAnalyzer.java","tags":{"FILE_LINE_OF_CODE":"108"}}
{"ts":1755704488470,"action":"FILE_OPENED","file":"/junit-framework_manual_log.csv","tags":{"FILE_LINE_OF_CODE":"null"}}
{"ts":1755704529556,"action":"FILE_CLOSED","file":"/junit-framework_manual_log.csv","tags":{"FILE_LINE_OF_CODE":"null"}}
{"ts":1755704529574,"action":"FILE_OPENED","file":"/junit-framework_checkpoint.properties","tags":{"FILE_LINE_OF_CODE":"5"}}
{"ts":1755704531515,"action":"FILE_OPENED","file":"/src/main/java/com/yourcompany/game/VarUsageAnalyzer.java","tags":{"FILE_LINE_OF_CODE":"111"}}
{"ts":1755704531905,"action":"FILE_CLOSED","file":"/src/main/java/com/yourcompany/game/VarUsageAnalyzer.java","tags":{"FILE_LINE_OF_CODE":"111"}}
{"ts":1755704531929,"action":"FILE_OPENED","file":"/logback_checkpoint.properties","tags":{"FILE_LINE_OF_CODE":"5"}}
{"ts":1755704532359,"action":"FILE_CLOSED","file":"/logback_checkpoint.properties","tags":{"FILE_LINE_OF_CODE":"5"}}
{"ts":1755704532359,"action":"FILE_OPENED","file":"/src/main/java/com/yourcompany/game/VarUsageAnalyzer.java","tags":{"FILE_LINE_OF_CODE":"111"}}
{"ts":1755704532366,"action":"FILE_CLOSED","file":"/src/main/java/com/yourcompany/game/VarUsageAnalyzer.java","tags":{"FILE_LINE_OF_CODE":"111"}}
{"ts":1755704532377,"action":"FILE_OPENED","file":"/junit-framework_manual_log.csv","tags":{"FILE_LINE_OF_CODE":"null"}}
{"ts":1755704534452,"action":"FILE_OPENED","file":"/src/main/java/com/yourcompany/game/VarUsageAnalyzer.java","tags":{"FILE_LINE_OF_CODE":"111"}}
{"ts":1755704568202,"action":"FILE_CLOSED","file":"/src/main/java/com/yourcompany/game/VarUsageAnalyzer.java","tags":{"FILE_LINE_OF_CODE":"111"}}
{"ts":1755704568220,"action":"FILE_OPENED","file":"/junit-framework_checkpoint.properties","tags":{"FILE_LINE_OF_CODE":"5"}}
{"ts":1755704569925,"action":"FILE_CLOSED","file":"/junit-framework_checkpoint.properties","tags":{"FILE_LINE_OF_CODE":"5"}}
{"ts":1755704569926,"action":"FILE_OPENED","file":"/junit-framework_manual_log.csv","tags":{"FILE_LINE_OF_CODE":"null"}}
{"ts":1755704657725,"action":"FILE_OPENED","file":"/src/main/java/com/yourcompany/game/VarUsageAnalyzer.java","tags":{"FILE_LINE_OF_CODE":"118"}}
{"ts":1755704658899,"action":"FILE_CLOSED","file":"/src/main/java/com/yourcompany/game/VarUsageAnalyzer.java","tags":{"FILE_LINE_OF_CODE":"118"}}
{"ts":1755704658910,"action":"FILE_OPENED","file":"/junit-framework_checkpoint.properties","tags":{"FILE_LINE_OF_CODE":"5"}}
{"ts":1755704659922,"action":"FILE_OPENED","file":"/src/main/java/com/yourcompany/game/VarUsageAnalyzer.java","tags":{"FILE_LINE_OF_CODE":"118"}}
{"ts":1755704785598,"action":"IDE_DEACTIVATED"}
{"ts":1755704788846,"action":"IDE_ACTIVATED"}
{"ts":1755704789953,"action":"IDE_DEACTIVATED"}
{"ts":1755704818988,"action":"IDE_ACTIVATED"}
{"ts":1755704835941,"action":"FILE_CLOSED","file":"/src/main/java/com/yourcompany/game/VarUsageAnalyzer.java","tags":{"FILE_LINE_OF_CODE":"117"}}
{"ts":1755704835976,"action":"FILE_OPENED","file":"/src/main/java/com/yourcompany/game/PatternMatchingSwitchAnalyzer.java","tags":{"FILE_LINE_OF_CODE":"122"}}
{"ts":1755704900965,"action":"IDE_DEACTIVATED"}
{"ts":1755704904678,"action":"IDE_ACTIVATED"}
{"ts":1755704905790,"action":"IDE_DEACTIVATED"}
{"ts":1755704908782,"action":"IDE_ACTIVATED"}
{"ts":1755704915778,"action":"IDE_DEACTIVATED"}
{"ts":1755704919533,"action":"IDE_ACTIVATED"}
{"ts":1755704922360,"action":"IDE_DEACTIVATED"}
{"ts":1755704941763,"action":"IDE_ACTIVATED"}
{"ts":1755704944145,"action":"IDE_DEACTIVATED"}
{"ts":1755704947528,"action":"IDE_ACTIVATED"}
{"ts":1755704947834,"action":"IDE_DEACTIVATED"}
{"ts":1755704967069,"action":"IDE_ACTIVATED"}
{"ts":1755704985776,"action":"IDE_DEACTIVATED"}
{"ts":1755705075109,"action":"IDE_ACTIVATED"}
{"ts":1755705083643,"action":"FILE_CLOSED","file":"/src/main/java/com/yourcompany/game/PatternMatchingSwitchAnalyzer.java","tags":{"FILE_LINE_OF_CODE":"135"}}
{"ts":1755705083643,"action":"FILE_OPENED","file":"/src/main/java/com/yourcompany/game/FeatureAdoptionAnalyzer.java","tags":{"FILE_LINE_OF_CODE":"269"}}
{"ts":1755705089660,"action":"IDE_DEACTIVATED"}
{"ts":1755705095855,"action":"IDE_ACTIVATED"}
{"ts":1755705096329,"action":"IDE_DEACTIVATED"}
{"ts":1755705100674,"action":"IDE_ACTIVATED"}
{"ts":1755705101193,"action":"IDE_DEACTIVATED"}
{"ts":1755705133420,"action":"IDE_ACTIVATED"}
{"ts":1755705170466,"action":"IDE_DEACTIVATED"}
{"ts":1755705174724,"action":"IDE_ACTIVATED"}
{"ts":1755705176008,"action":"IDE_DEACTIVATED"}
{"ts":1755705176934,"action":"IDE_ACTIVATED"}
{"ts":1755705177294,"action":"IDE_DEACTIVATED"}
{"ts":1755705182594,"action":"IDE_ACTIVATED"}
{"ts":1755705183025,"action":"IDE_DEACTIVATED"}
{"ts":1755705205832,"action":"IDE_ACTIVATED"}
{"ts":1755705209099,"action":"IDE_DEACTIVATED"}
{"ts":1755705213800,"action":"IDE_ACTIVATED"}
{"ts":1755705214223,"action":"IDE_DEACTIVATED"}
{"ts":1755705215679,"action":"IDE_ACTIVATED"}
{"ts":1755705217248,"action":"IDE_DEACTIVATED"}
{"ts":1755705221157,"action":"IDE_ACTIVATED"}
{"ts":1755705221428,"action":"IDE_DEACTIVATED"}
{"ts":1755705227866,"action":"IDE_ACTIVATED"}
{"ts":1755705228323,"action":"IDE_DEACTIVATED"}
{"ts":1755705338138,"action":"IDE_ACTIVATED"}
{"ts":1755705339423,"action":"IDE_DEACTIVATED"}
{"ts":1755705339718,"action":"IDE_ACTIVATED"}
{"ts":1755705360571,"action":"IDE_DEACTIVATED"}
{"ts":1755705360682,"action":"IDE_ACTIVATED"}
{"ts":1755705361017,"action":"IDE_DEACTIVATED"}
{"ts":1755705364793,"action":"IDE_ACTIVATED"}
{"ts":1755705365315,"action":"IDE_DEACTIVATED"}
{"ts":1755705365854,"action":"IDE_ACTIVATED"}
{"ts":1755705367905,"action":"IDE_DEACTIVATED"}
{"ts":1755705368225,"action":"IDE_ACTIVATED"}
{"ts":1755705369123,"action":"IDE_DEACTIVATED"}
{"ts":1755705369500,"action":"IDE_ACTIVATED"}
{"ts":1755705381525,"action":"FILE_CLOSED","file":"/src/main/java/com/yourcompany/game/FeatureAdoptionAnalyzer.java","tags":{"FILE_LINE_OF_CODE":"309"}}
{"ts":1755705381528,"action":"FILE_OPENED","file":"/junit-framework_manual_log.csv","tags":{"FILE_LINE_OF_CODE":"null"}}
{"ts":1755705408957,"action":"IDE_DEACTIVATED"}
{"ts":1755705417104,"action":"IDE_ACTIVATED"}
{"ts":1755705436337,"action":"IDE_DEACTIVATED"}
{"ts":1755705739182,"action":"IDE_ACTIVATED"}
{"ts":1755705744027,"action":"FILE_OPENED","file":"/src/main/java/com/yourcompany/game/FeatureAdoptionAnalyzer.java","tags":{"FILE_LINE_OF_CODE":"309"}}
{"ts":1755705744694,"action":"FILE_CLOSED","file":"/src/main/java/com/yourcompany/game/FeatureAdoptionAnalyzer.java","tags":{"FILE_LINE_OF_CODE":"309"}}
{"ts":1755705744705,"action":"FILE_OPENED","file":"/junit-framework_checkpoint.properties","tags":{"FILE_LINE_OF_CODE":"5"}}
{"ts":1755705745688,"action":"FILE_OPENED","file":"/src/main/java/com/yourcompany/game/FeatureAdoptionAnalyzer.java","tags":{"FILE_LINE_OF_CODE":"309"}}
{"ts":1755705764255,"action":"FILE_CLOSED","file":"/src/main/java/com/yourcompany/game/FeatureAdoptionAnalyzer.java","tags":{"FILE_LINE_OF_CODE":"309"}}
{"ts":1755705764258,"action":"FILE_OPENED","file":"/junit-framework_manual_log.csv","tags":{"FILE_LINE_OF_CODE":"null"}}
{"ts":1755705801123,"action":"IDE_DEACTIVATED"}
{"ts":1755705851744,"action":"IDE_ACTIVATED"}
{"ts":1755706254216,"action":"IDE_DEACTIVATED"}
{"ts":1755706275956,"action":"IDE_ACTIVATED"}
{"ts":1755706277276,"action":"IDE_DEACTIVATED"}
{"ts":1755706277728,"action":"IDE_ACTIVATED"}
{"ts":1755706291857,"action":"FILE_CLOSED","file":"/junit-framework_manual_log.csv","tags":{"FILE_LINE_OF_CODE":"null"}}
{"ts":1755706291869,"action":"FILE_OPENED","file":"/junit-framework_checkpoint.properties","tags":{"FILE_LINE_OF_CODE":"5"}}
{"ts":1755706292452,"action":"FILE_OPENED","file":"/src/main/java/com/yourcompany/game/FeatureAdoptionAnalyzer.java","tags":{"FILE_LINE_OF_CODE":"309"}}
{"ts":1755706293005,"action":"FILE_CLOSED","file":"/src/main/java/com/yourcompany/game/FeatureAdoptionAnalyzer.java","tags":{"FILE_LINE_OF_CODE":"309"}}
{"ts":1755706293012,"action":"FILE_OPENED","file":"/junit-framework_manual_log.csv","tags":{"FILE_LINE_OF_CODE":"null"}}
{"ts":1755706293465,"action":"FILE_OPENED","file":"/src/main/java/com/yourcompany/game/FeatureAdoptionAnalyzer.java","tags":{"FILE_LINE_OF_CODE":"309"}}
{"ts":1755706302539,"action":"IDE_DEACTIVATED"}
{"ts":1755706303653,"action":"IDE_ACTIVATED"}
{"ts":1755706305781,"action":"IDE_DEACTIVATED"}
{"ts":1755706313704,"action":"IDE_ACTIVATED"}
{"ts":1755706333895,"action":"FILE_CLOSED","file":"/src/main/java/com/yourcompany/game/FeatureAdoptionAnalyzer.java","tags":{"FILE_LINE_OF_CODE":"309"}}
{"ts":1755706333912,"action":"FILE_OPENED","file":"/junit-framework_checkpoint.properties","tags":{"FILE_LINE_OF_CODE":"5"}}
{"ts":1755706334535,"action":"FILE_CLOSED","file":"/junit-framework_checkpoint.properties","tags":{"FILE_LINE_OF_CODE":"5"}}
{"ts":1755706334538,"action":"FILE_OPENED","file":"/junit-framework_manual_log.csv","tags":{"FILE_LINE_OF_CODE":"null"}}
{"ts":1755706361960,"action":"FILE_CLOSED","file":"/junit-framework_manual_log.csv","tags":{"FILE_LINE_OF_CODE":"null"}}
{"ts":1755706361969,"action":"FILE_OPENED","file":"/junit-framework_checkpoint.properties","tags":{"FILE_LINE_OF_CODE":"5"}}
{"ts":1755706364468,"action":"FILE_CLOSED","file":"/junit-framework_checkpoint.properties","tags":{"FILE_LINE_OF_CODE":"5"}}
{"ts":1755706364468,"action":"FILE_OPENED","file":"/junit-framework-STARY_manual_log.csv","tags":{"FILE_LINE_OF_CODE":"null"}}
{"ts":1755706368858,"action":"FILE_CLOSED","file":"/junit-framework-STARY_manual_log.csv","tags":{"FILE_LINE_OF_CODE":"null"}}
{"ts":1755706368860,"action":"FILE_OPENED","file":"/junit-framework_manual_log.csv","tags":{"FILE_LINE_OF_CODE":"null"}}
{"ts":1755706375433,"action":"FILE_CLOSED","file":"/junit-framework_manual_log.csv","tags":{"FILE_LINE_OF_CODE":"null"}}
{"ts":1755706375433,"action":"FILE_OPENED","file":"/junit-framework-STARY_manual_log.csv","tags":{"FILE_LINE_OF_CODE":"null"}}
{"ts":1755706377961,"action":"FILE_CLOSED","file":"/junit-framework-STARY_manual_log.csv","tags":{"FILE_LINE_OF_CODE":"null"}}
{"ts":1755706377961,"action":"FILE_OPENED","file":"/junit-framework_manual_log.csv","tags":{"FILE_LINE_OF_CODE":"null"}}
{"ts":1755706396528,"action":"FILE_CLOSED","file":"/junit-framework_manual_log.csv","tags":{"FILE_LINE_OF_CODE":"null"}}
{"ts":1755706396528,"action":"FILE_OPENED","file":"/compare_logs.py","tags":{"FILE_LINE_OF_CODE":"75"}}
{"ts":1755706396677,"action":"FILE_CLOSED","file":"/compare_logs.py","tags":{"FILE_LINE_OF_CODE":"75"}}
{"ts":1755706396677,"action":"FILE_OPENED","file":"/src/main/java/com/yourcompany/game/AbstractFeatureAnalyzer.java","tags":{"FILE_LINE_OF_CODE":"95"}}
{"ts":1755706437719,"action":"IDE_DEACTIVATED"}
{"ts":1755706476641,"action":"IDE_ACTIVATED"}
{"ts":1755706692235,"action":"IDE_DEACTIVATED"}
{"ts":1755706716994,"action":"IDE_ACTIVATED"}
{"ts":1755706770185,"action":"FILE_CLOSED","file":"/src/main/java/com/yourcompany/game/AbstractFeatureAnalyzer.java","tags":{"FILE_LINE_OF_CODE":"95"}}
{"ts":1755706770309,"action":"FILE_OPENED","file":"/compare_junit_logs.py","tags":{"FILE_LINE_OF_CODE":"95"}}
{"ts":1755706835226,"action":"IDE_DEACTIVATED"}
{"ts":1755706870952,"action":"IDE_ACTIVATED"}
{"ts":1755706906875,"action":"FILE_CLOSED","file":"/compare_junit_logs.py","tags":{"FILE_LINE_OF_CODE":"95"}}
{"ts":1755706906875,"action":"FILE_OPENED","file":"/src/main/java/com/yourcompany/game/PatternMatchingSwitchAnalyzer.java","tags":{"FILE_LINE_OF_CODE":"80"}}
{"ts":1755706954411,"action":"IDE_DEACTIVATED"}
{"ts":1755706955039,"action":"IDE_ACTIVATED"}
{"ts":1755706961942,"action":"IDE_DEACTIVATED"}
{"ts":1755706990661,"action":"IDE_ACTIVATED"}
{"ts":1755707032387,"action":"IDE_DEACTIVATED"}
{"ts":1755707063771,"action":"IDE_ACTIVATED"}
{"ts":1755707079283,"action":"FILE_CLOSED","file":"/src/main/java/com/yourcompany/game/PatternMatchingSwitchAnalyzer.java","tags":{"FILE_LINE_OF_CODE":"89"}}
{"ts":1755707079283,"action":"FILE_OPENED","file":"/src/main/java/com/yourcompany/game/SyntaxAnalyzerStrategy.java","tags":{"FILE_LINE_OF_CODE":"77"}}
{"ts":1755707079722,"action":"FILE_CLOSED","file":"/src/main/java/com/yourcompany/game/SyntaxAnalyzerStrategy.java","tags":{"FILE_LINE_OF_CODE":"77"}}
{"ts":1755707079722,"action":"FILE_OPENED","file":"/src/main/java/com/yourcompany/game/TextBlockAnalyzer.java","tags":{"FILE_LINE_OF_CODE":"44"}}
{"ts":1755707134000,"action":"IDE_DEACTIVATED"}
{"ts":1755707148205,"action":"IDE_ACTIVATED"}
{"ts":1755707179258,"action":"FILE_CLOSED","file":"/src/main/java/com/yourcompany/game/TextBlockAnalyzer.java","tags":{"FILE_LINE_OF_CODE":"44"}}
{"ts":1755707179258,"action":"FILE_OPENED","file":"/src/main/java/com/yourcompany/game/FeatureSignature.java","tags":{"FILE_LINE_OF_CODE":"64"}}
{"ts":1755707231856,"action":"FILE_CLOSED","file":"/src/main/java/com/yourcompany/game/FeatureSignature.java","tags":{"FILE_LINE_OF_CODE":"64"}}
{"ts":1755707231866,"action":"FILE_OPENED","file":"/commons-logging_checkpoint.properties","tags":{"FILE_LINE_OF_CODE":"5"}}
{"ts":1755707241065,"action":"FILE_CLOSED","file":"/commons-logging_checkpoint.properties","tags":{"FILE_LINE_OF_CODE":"5"}}
{"ts":1755707241078,"action":"FILE_OPENED","file":"/junit-framework_checkpoint.properties","tags":{"FILE_LINE_OF_CODE":"5"}}
{"ts":1755707241665,"action":"FILE_OPENED","file":"/src/main/java/com/yourcompany/game/FeatureSignature.java","tags":{"FILE_LINE_OF_CODE":"64"}}
{"ts":1755707242429,"action":"FILE_CLOSED","file":"/src/main/java/com/yourcompany/game/FeatureSignature.java","tags":{"FILE_LINE_OF_CODE":"64"}}
{"ts":1755707242431,"action":"FILE_OPENED","file":"/junit-framework_manual_log.csv","tags":{"FILE_LINE_OF_CODE":"null"}}
{"ts":1755707242792,"action":"FILE_OPENED","file":"/src/main/java/com/yourcompany/game/FeatureSignature.java","tags":{"FILE_LINE_OF_CODE":"64"}}
{"ts":1755707405600,"action":"IDE_DEACTIVATED"}
{"ts":1755707420047,"action":"IDE_ACTIVATED"}
{"ts":1755707444404,"action":"FILE_CLOSED","file":"/src/main/java/com/yourcompany/game/FeatureSignature.java","tags":{"FILE_LINE_OF_CODE":"64"}}
{"ts":1755707444404,"action":"FILE_OPENED","file":"/junit-framework-STARY_manual_log.csv","tags":{"FILE_LINE_OF_CODE":"null"}}
{"ts":1755707556164,"action":"IDE_DEACTIVATED"}
{"ts":1755707583158,"action":"IDE_ACTIVATED"}
{"ts":1755707655226,"action":"FILE_CLOSED","file":"/junit-framework-STARY_manual_log.csv","tags":{"FILE_LINE_OF_CODE":"null"}}
{"ts":1755707655254,"action":"FILE_OPENED","file":"/src/main/java/com/yourcompany/game/CheckpointManager.java","tags":{"FILE_LINE_OF_CODE":"51"}}
{"ts":1755707692593,"action":"FILE_CLOSED","file":"/src/main/java/com/yourcompany/game/CheckpointManager.java","tags":{"FILE_LINE_OF_CODE":"62"}}
{"ts":1755707692611,"action":"FILE_OPENED","file":"/junit-framework_checkpoint.properties","tags":{"FILE_LINE_OF_CODE":"5"}}
{"ts":1755707693493,"action":"FILE_OPENED","file":"/src/main/java/com/yourcompany/game/CheckpointManager.java","tags":{"FILE_LINE_OF_CODE":"62"}}
{"ts":1755707694550,"action":"FILE_CLOSED","file":"/src/main/java/com/yourcompany/game/CheckpointManager.java","tags":{"FILE_LINE_OF_CODE":"62"}}
{"ts":1755707694553,"action":"FILE_OPENED","file":"/junit-framework_manual_log.csv","tags":{"FILE_LINE_OF_CODE":"null"}}
{"ts":1755707694940,"action":"FILE_OPENED","file":"/src/main/java/com/yourcompany/game/CheckpointManager.java","tags":{"FILE_LINE_OF_CODE":"62"}}
{"ts":1755707732548,"action":"FILE_CLOSED","file":"/src/main/java/com/yourcompany/game/CheckpointManager.java","tags":{"FILE_LINE_OF_CODE":"62"}}
{"ts":1755707732558,"action":"FILE_OPENED","file":"/junit-framework_checkpoint.properties","tags":{"FILE_LINE_OF_CODE":"5"}}
{"ts":1755707733152,"action":"FILE_CLOSED","file":"/junit-framework_checkpoint.properties","tags":{"FILE_LINE_OF_CODE":"5"}}
{"ts":1755707733162,"action":"FILE_OPENED","file":"/logback_checkpoint.properties","tags":{"FILE_LINE_OF_CODE":"5"}}
{"ts":1755707734137,"action":"FILE_CLOSED","file":"/logback_checkpoint.properties","tags":{"FILE_LINE_OF_CODE":"5"}}
{"ts":1755707734137,"action":"FILE_OPENED","file":"/src/main/java/com/yourcompany/game/CheckpointManager.java","tags":{"FILE_LINE_OF_CODE":"62"}}
{"ts":1755707737550,"action":"FILE_CLOSED","file":"/src/main/java/com/yourcompany/game/CheckpointManager.java","tags":{"FILE_LINE_OF_CODE":"62"}}
{"ts":1755707737560,"action":"FILE_OPENED","file":"/junit-framework_checkpoint.properties","tags":{"FILE_LINE_OF_CODE":"5"}}
{"ts":1755707738229,"action":"FILE_CLOSED","file":"/junit-framework_checkpoint.properties","tags":{"FILE_LINE_OF_CODE":"5"}}
{"ts":1755707738229,"action":"FILE_OPENED","file":"/junit-framework-STARY_manual_log.csv","tags":{"FILE_LINE_OF_CODE":"null"}}
{"ts":1755707751560,"action":"IDE_DEACTIVATED"}
{"ts":1755707765932,"action":"IDE_ACTIVATED"}
{"ts":1755707769921,"action":"IDE_DEACTIVATED"}
{"ts":1755707796171,"action":"IDE_ACTIVATED"}
{"ts":1755707801664,"action":"FILE_CLOSED","file":"/junit-framework-STARY_manual_log.csv","tags":{"FILE_LINE_OF_CODE":"null"}}
{"ts":1755707801664,"action":"FILE_OPENED","file":"/junit-framework_checkpoint.properties","tags":{"FILE_LINE_OF_CODE":"5"}}
{"ts":1755707802655,"action":"FILE_OPENED","file":"/src/main/java/com/yourcompany/game/CheckpointManager.java","tags":{"FILE_LINE_OF_CODE":"62"}}
{"ts":1755707803202,"action":"FILE_CLOSED","file":"/src/main/java/com/yourcompany/game/CheckpointManager.java","tags":{"FILE_LINE_OF_CODE":"62"}}
{"ts":1755707803210,"action":"FILE_OPENED","file":"/junit-framework_manual_log.csv","tags":{"FILE_LINE_OF_CODE":"null"}}
{"ts":1755707803683,"action":"FILE_OPENED","file":"/src/main/java/com/yourcompany/game/CheckpointManager.java","tags":{"FILE_LINE_OF_CODE":"62"}}
{"ts":1755707805636,"action":"IDE_DEACTIVATED"}
{"ts":1755707805822,"action":"FILE_CLOSED","file":"/src/main/java/com/yourcompany/game/CheckpointManager.java","tags":{"FILE_LINE_OF_CODE":"62"}}
{"ts":1755707805822,"action":"FILE_OPENED","file":"/src/main/java/com/yourcompany/game/HistoricalAnalyzer.java","tags":{"FILE_LINE_OF_CODE":"315"}}
{"ts":1755707805839,"action":"IDE_ACTIVATED"}
{"ts":1755707834949,"action":"IDE_DEACTIVATED"}
{"ts":1755707858622,"action":"IDE_ACTIVATED"}
{"ts":1755707918967,"action":"IDE_DEACTIVATED"}
{"ts":1755707949085,"action":"IDE_ACTIVATED"}
{"ts":1755707985462,"action":"IDE_DEACTIVATED"}
{"ts":1755708009291,"action":"IDE_ACTIVATED"}
{"ts":1755708020724,"action":"IDE_DEACTIVATED"}
{"ts":1755708042630,"action":"IDE_ACTIVATED"}
{"ts":1755708119569,"action":"IDE_DEACTIVATED"}
{"ts":1755708120256,"action":"IDE_ACTIVATED"}
{"ts":1755708124610,"action":"IDE_DEACTIVATED"}
{"ts":1755708155528,"action":"IDE_ACTIVATED"}
{"ts":1755708174190,"action":"IDE_DEACTIVATED"}
{"ts":1755708180247,"action":"IDE_ACTIVATED"}
{"ts":1755708181518,"action":"IDE_DEACTIVATED"}
{"ts":1755708195466,"action":"IDE_ACTIVATED"}
{"ts":1755708202415,"action":"IDE_DEACTIVATED"}
{"ts":1755708204602,"action":"IDE_ACTIVATED"}
{"ts":1755708205809,"action":"IDE_DEACTIVATED"}
{"ts":1755708206090,"action":"IDE_ACTIVATED"}
{"ts":1755708220570,"action":"FILE_CLOSED","file":"/src/main/java/com/yourcompany/game/HistoricalAnalyzer.java","tags":{"FILE_LINE_OF_CODE":"211"}}
{"ts":1755708220574,"action":"FILE_OPENED","file":"/junit-framework_manual_log.csv","tags":{"FILE_LINE_OF_CODE":"null"}}
{"ts":1755708221325,"action":"FILE_CLOSED","file":"/junit-framework_manual_log.csv","tags":{"FILE_LINE_OF_CODE":"null"}}
{"ts":1755708221336,"action":"FILE_OPENED","file":"/junit-framework_checkpoint.properties","tags":{"FILE_LINE_OF_CODE":"5"}}
{"ts":1755708222221,"action":"FILE_CLOSED","file":"/junit-framework_checkpoint.properties","tags":{"FILE_LINE_OF_CODE":"5"}}
{"ts":1755708222221,"action":"FILE_OPENED","file":"/src/main/java/com/yourcompany/game/HistoricalAnalyzer.java","tags":{"FILE_LINE_OF_CODE":"211"}}
{"ts":1755708222232,"action":"FILE_CLOSED","file":"/src/main/java/com/yourcompany/game/HistoricalAnalyzer.java","tags":{"FILE_LINE_OF_CODE":"211"}}
{"ts":1755708222241,"action":"FILE_OPENED","file":"/junit-framework_manual_log.csv","tags":{"FILE_LINE_OF_CODE":"null"}}
{"ts":1755708232880,"action":"FILE_CLOSED","file":"/junit-framework_manual_log.csv","tags":{"FILE_LINE_OF_CODE":"null"}}
{"ts":1755708232880,"action":"FILE_OPENED","file":"/junit-framework-STARY_manual_log.csv","tags":{"FILE_LINE_OF_CODE":"null"}}
{"ts":1755708247903,"action":"IDE_DEACTIVATED"}
{"ts":1755708262286,"action":"IDE_ACTIVATED"}
{"ts":1755708262646,"action":"IDE_DEACTIVATED"}
{"ts":1755708263299,"action":"IDE_ACTIVATED"}
{"ts":1755708263920,"action":"IDE_DEACTIVATED"}
{"ts":1755708267144,"action":"IDE_ACTIVATED"}
{"ts":1755708268408,"action":"IDE_DEACTIVATED"}
{"ts":1755708281918,"action":"IDE_ACTIVATED"}
{"ts":1755708284439,"action":"IDE_DEACTIVATED"}
{"ts":1755708288013,"action":"IDE_ACTIVATED"}
{"ts":1755708290927,"action":"IDE_DEACTIVATED"}
{"ts":1755708300810,"action":"IDE_ACTIVATED"}
{"ts":1755708310250,"action":"FILE_CLOSED","file":"/junit-framework-STARY_manual_log.csv","tags":{"FILE_LINE_OF_CODE":"null"}}
{"ts":1755708310250,"action":"FILE_OPENED","file":"/src/main/java/com/yourcompany/game/App.java","tags":{"FILE_LINE_OF_CODE":"172"}}
{"ts":1755708310561,"action":"IDE_DEACTIVATED"}
{"ts":1755708311333,"action":"IDE_ACTIVATED"}
{"ts":1755708312668,"action":"IDE_DEACTIVATED"}
{"ts":1755708316458,"action":"IDE_ACTIVATED"}
{"ts":1755708351006,"action":"FILE_CLOSED","file":"/src/main/java/com/yourcompany/game/App.java","tags":{"FILE_LINE_OF_CODE":"172"}}
{"ts":1755708351006,"action":"FILE_OPENED","file":"/junit-framework-STARY_manual_log.csv","tags":{"FILE_LINE_OF_CODE":"null"}}
{"ts":1755708368512,"action":"FILE_CLOSED","file":"/junit-framework-STARY_manual_log.csv","tags":{"FILE_LINE_OF_CODE":"null"}}
{"ts":1755708368525,"action":"FILE_OPENED","file":"/junit-framework_checkpoint.properties","tags":{"FILE_LINE_OF_CODE":"5"}}
{"ts":1755708369051,"action":"FILE_CLOSED","file":"/junit-framework_checkpoint.properties","tags":{"FILE_LINE_OF_CODE":"5"}}
{"ts":1755708369051,"action":"FILE_OPENED","file":"/junit-framework_manual_log.csv","tags":{"FILE_LINE_OF_CODE":"null"}}
{"ts":1755708378174,"action":"FILE_CLOSED","file":"/junit-framework_manual_log.csv","tags":{"FILE_LINE_OF_CODE":"null"}}
{"ts":1755708380301,"action":"IDE_DEACTIVATED"}
{"ts":1755708380905,"action":"IDE_ACTIVATED"}
{"ts":1755708381143,"action":"IDE_DEACTIVATED"}
{"ts":1755708382123,"action":"IDE_ACTIVATED"}
{"ts":1755708382454,"action":"IDE_DEACTIVATED"}
{"ts":1755708383833,"action":"IDE_ACTIVATED"}
{"ts":1755708385253,"action":"IDE_DEACTIVATED"}
{"ts":1755708386173,"action":"IDE_ACTIVATED"}
{"ts":1755708388022,"action":"FILE_OPENED","file":"/junit-framework-STARY_manual_log.csv","tags":{"FILE_LINE_OF_CODE":"null"}}
{"ts":1755708390076,"action":"FILE_CLOSED","file":"/junit-framework-STARY_manual_log.csv","tags":{"FILE_LINE_OF_CODE":"null"}}
{"ts":1755708390076,"action":"FILE_OPENED","file":"/junit-framework_manual_log.csv","tags":{"FILE_LINE_OF_CODE":"null"}}
{"ts":1755708394100,"action":"FILE_CLOSED","file":"/junit-framework_manual_log.csv","tags":{"FILE_LINE_OF_CODE":"null"}}
{"ts":1755708394100,"action":"FILE_OPENED","file":"/junit-framework-STARY_manual_log.csv","tags":{"FILE_LINE_OF_CODE":"null"}}
{"ts":1755708397613,"action":"FILE_CLOSED","file":"/junit-framework-STARY_manual_log.csv","tags":{"FILE_LINE_OF_CODE":"null"}}
{"ts":1755708397613,"action":"FILE_OPENED","file":"/junit-framework_manual_log.csv","tags":{"FILE_LINE_OF_CODE":"null"}}
{"ts":1755708453993,"action":"IDE_DEACTIVATED"}
{"ts":1755708456128,"action":"IDE_ACTIVATED"}
{"ts":1755708456907,"action":"IDE_DEACTIVATED"}
{"ts":1755708478034,"action":"IDE_ACTIVATED"}
{"ts":1755708520742,"action":"IDE_DEACTIVATED"}
{"ts":1755708532309,"action":"IDE_ACTIVATED"}
{"ts":1755708543061,"action":"IDE_DEACTIVATED"}
{"ts":1755708544059,"action":"IDE_ACTIVATED"}
{"ts":1755708554811,"action":"IDE_DEACTIVATED"}
{"ts":1755708575413,"action":"IDE_ACTIVATED"}
{"ts":1755708603360,"action":"FILE_CLOSED","file":"/junit-framework_manual_log.csv","tags":{"FILE_LINE_OF_CODE":"null"}}
{"ts":1755708603360,"action":"FILE_OPENED","file":"/junit-framework-STARY_manual_log.csv","tags":{"FILE_LINE_OF_CODE":"null"}}
{"ts":1755708610394,"action":"FILE_CLOSED","file":"/junit-framework-STARY_manual_log.csv","tags":{"FILE_LINE_OF_CODE":"null"}}
{"ts":1755708610394,"action":"FILE_OPENED","file":"/junit-framework_manual_log.csv","tags":{"FILE_LINE_OF_CODE":"null"}}
{"ts":1755708637412,"action":"FILE_CLOSED","file":"/junit-framework_manual_log.csv","tags":{"FILE_LINE_OF_CODE":"null"}}
{"ts":1755708637412,"action":"FILE_OPENED","file":"/junit-framework-STARY_manual_log.csv","tags":{"FILE_LINE_OF_CODE":"null"}}
{"ts":1755708640175,"action":"FILE_CLOSED","file":"/junit-framework-STARY_manual_log.csv","tags":{"FILE_LINE_OF_CODE":"null"}}
{"ts":1755708640175,"action":"FILE_OPENED","file":"/junit-framework_manual_log.csv","tags":{"FILE_LINE_OF_CODE":"null"}}
{"ts":1755708656751,"action":"IDE_DEACTIVATED"}
{"ts":1755708659863,"action":"IDE_ACTIVATED"}
{"ts":1755708689961,"action":"FILE_CLOSED","file":"/junit-framework_manual_log.csv","tags":{"FILE_LINE_OF_CODE":"null"}}
{"ts":1755708689961,"action":"FILE_OPENED","file":"/junit-framework-STARY_manual_log.csv","tags":{"FILE_LINE_OF_CODE":"null"}}
{"ts":1755708702211,"action":"IDE_DEACTIVATED"}
{"ts":1755708705380,"action":"FILE_CLOSED","file":"/junit-framework-STARY_manual_log.csv","tags":{"FILE_LINE_OF_CODE":"null"}}
{"ts":1755708705395,"action":"IDE_ACTIVATED"}
{"ts":1755708705517,"action":"FILE_OPENED","file":"/src/main/java/com/yourcompany/game/FormattedStringAnalyzer.java","tags":{"FILE_LINE_OF_CODE":"63"}}
{"ts":1755708800569,"action":"IDE_DEACTIVATED"}
{"ts":1755708817112,"action":"IDE_ACTIVATED"}
{"ts":1755708818676,"action":"IDE_DEACTIVATED"}
{"ts":1755708843292,"action":"IDE_ACTIVATED"}
{"ts":1755708874958,"action":"IDE_DEACTIVATED"}
{"ts":1755708883415,"action":"IDE_ACTIVATED"}
{"ts":1755708884935,"action":"IDE_DEACTIVATED"}
{"ts":1755708895334,"action":"IDE_ACTIVATED"}
{"ts":1755708935145,"action":"FILE_CLOSED","file":"/src/main/java/com/yourcompany/game/FormattedStringAnalyzer.java","tags":{"FILE_LINE_OF_CODE":"80"}}
{"ts":1755708935145,"action":"FILE_OPENED","file":"/src/main/java/com/yourcompany/game/AbstractFeatureAnalyzer.java","tags":{"FILE_LINE_OF_CODE":"106"}}
{"ts":1755708946654,"action":"FILE_CLOSED","file":"/src/main/java/com/yourcompany/game/AbstractFeatureAnalyzer.java","tags":{"FILE_LINE_OF_CODE":"106"}}
{"ts":1755708946673,"action":"FILE_OPENED","file":"/src/main/java/com/yourcompany/game/FeatureAdoptionAnalyzer.java","tags":{"FILE_LINE_OF_CODE":"309"}}
{"ts":1755708947753,"action":"IDE_DEACTIVATED"}
{"ts":1755708948432,"action":"IDE_ACTIVATED"}
{"ts":1755708951320,"action":"FILE_CLOSED","file":"/src/main/java/com/yourcompany/game/FeatureAdoptionAnalyzer.java","tags":{"FILE_LINE_OF_CODE":"309"}}
{"ts":1755708951320,"action":"FILE_OPENED","file":"/src/main/java/com/yourcompany/game/AbstractFeatureAnalyzer.java","tags":{"FILE_LINE_OF_CODE":"106"}}
{"ts":1755708951380,"action":"IDE_DEACTIVATED"}
{"ts":1755708955342,"action":"IDE_ACTIVATED"}
{"ts":1755708956170,"action":"IDE_DEACTIVATED"}
{"ts":1755708962760,"action":"IDE_ACTIVATED"}
{"ts":1755708963083,"action":"IDE_DEACTIVATED"}
{"ts":1755708967863,"action":"IDE_ACTIVATED"}
{"ts":1755708977363,"action":"FILE_CLOSED","file":"/src/main/java/com/yourcompany/game/AbstractFeatureAnalyzer.java","tags":{"FILE_LINE_OF_CODE":"106"}}
{"ts":1755708977363,"action":"FILE_OPENED","file":"/src/main/java/com/yourcompany/game/FormattedStringAnalyzer.java","tags":{"FILE_LINE_OF_CODE":"80"}}
{"ts":1755708992130,"action":"IDE_DEACTIVATED"}
{"ts":1755709001430,"action":"IDE_ACTIVATED"}
{"ts":1755709002501,"action":"IDE_DEACTIVATED"}
{"ts":1755709019756,"action":"IDE_ACTIVATED"}
{"ts":1755709022681,"action":"IDE_DEACTIVATED"}
{"ts":1755709028423,"action":"IDE_ACTIVATED"}
{"ts":1755709047070,"action":"IDE_DEACTIVATED"}
{"ts":1755709068542,"action":"IDE_ACTIVATED"}
{"ts":1755709095802,"action":"IDE_DEACTIVATED"}
{"ts":1755709134546,"action":"IDE_ACTIVATED"}
{"ts":1755709142228,"action":"FILE_CLOSED","file":"/src/main/java/com/yourcompany/game/FormattedStringAnalyzer.java","tags":{"FILE_LINE_OF_CODE":"67"}}
{"ts":1755709142238,"action":"FILE_OPENED","file":"/junit-framework_checkpoint.properties","tags":{"FILE_LINE_OF_CODE":"5"}}
{"ts":1755709143475,"action":"FILE_CLOSED","file":"/junit-framework_checkpoint.properties","tags":{"FILE_LINE_OF_CODE":"5"}}
{"ts":1755709143475,"action":"FILE_OPENED","file":"/junit-framework_manual_log.csv","tags":{"FILE_LINE_OF_CODE":"null"}}
{"ts":1755709147208,"action":"FILE_OPENED","file":"/src/main/java/com/yourcompany/game/HistoricalAnalyzer.java","tags":{"FILE_LINE_OF_CODE":"213"}}
{"ts":1755709169321,"action":"IDE_DEACTIVATED"}
{"ts":1755709186334,"action":"IDE_ACTIVATED"}
{"ts":1755709187605,"action":"IDE_DEACTIVATED"}
{"ts":1755709204237,"action":"IDE_ACTIVATED"}
{"ts":1755709206956,"action":"IDE_DEACTIVATED"}
{"ts":1755709225218,"action":"IDE_ACTIVATED"}
{"ts":1755709232884,"action":"FILE_CLOSED","file":"/src/main/java/com/yourcompany/game/HistoricalAnalyzer.java","tags":{"FILE_LINE_OF_CODE":"235"}}
{"ts":1755709232911,"action":"FILE_OPENED","file":"/logback_checkpoint.properties","tags":{"FILE_LINE_OF_CODE":"5"}}
{"ts":1755709234026,"action":"FILE_CLOSED","file":"/logback_checkpoint.properties","tags":{"FILE_LINE_OF_CODE":"5"}}
{"ts":1755709234026,"action":"FILE_OPENED","file":"/junit-framework_checkpoint.properties","tags":{"FILE_LINE_OF_CODE":"5"}}
{"ts":1755709235533,"action":"FILE_OPENED","file":"/src/main/java/com/yourcompany/game/FormattedStringAnalyzer.java","tags":{"FILE_LINE_OF_CODE":"67"}}
{"ts":1755709240280,"action":"IDE_DEACTIVATED"}
{"ts":1755709244086,"action":"IDE_ACTIVATED"}
{"ts":1755709246739,"action":"IDE_DEACTIVATED"}
{"ts":1755709247301,"action":"IDE_ACTIVATED"}
{"ts":1755709247573,"action":"IDE_DEACTIVATED"}
{"ts":1755709248174,"action":"IDE_ACTIVATED"}
{"ts":1755709248463,"action":"IDE_DEACTIVATED"}
{"ts":1755709248812,"action":"IDE_ACTIVATED"}
{"ts":1755709268409,"action":"FILE_CLOSED","file":"/src/main/java/com/yourcompany/game/FormattedStringAnalyzer.java","tags":{"FILE_LINE_OF_CODE":"67"}}
{"ts":1755709268430,"action":"FILE_OPENED","file":"/junit-framework_checkpoint.properties","tags":{"FILE_LINE_OF_CODE":"5"}}
{"ts":1755709269201,"action":"FILE_OPENED","file":"/src/main/java/com/yourcompany/game/HistoricalAnalyzer.java","tags":{"FILE_LINE_OF_CODE":"235"}}
{"ts":1755709270412,"action":"FILE_CLOSED","file":"/src/main/java/com/yourcompany/game/HistoricalAnalyzer.java","tags":{"FILE_LINE_OF_CODE":"235"}}
{"ts":1755709270437,"action":"FILE_OPENED","file":"/junit-framework_manual_log.csv","tags":{"FILE_LINE_OF_CODE":"null"}}
{"ts":1755709271920,"action":"FILE_OPENED","file":"/src/main/java/com/yourcompany/game/HistoricalAnalyzer.java","tags":{"FILE_LINE_OF_CODE":"235"}}
{"ts":1755709295672,"action":"FILE_CLOSED","file":"/src/main/java/com/yourcompany/game/HistoricalAnalyzer.java","tags":{"FILE_LINE_OF_CODE":"235"}}
{"ts":1755709295682,"action":"FILE_OPENED","file":"/src/main/java/com/yourcompany/game/HistoricalAnalyzer.java","tags":{"FILE_LINE_OF_CODE":"235"}}
{"ts":1755709306952,"action":"IDE_DEACTIVATED"}
{"ts":1755709331654,"action":"IDE_ACTIVATED"}
{"ts":1755709337040,"action":"IDE_DEACTIVATED"}
{"ts":1755709337470,"action":"IDE_ACTIVATED"}
{"ts":1755709344745,"action":"IDE_DEACTIVATED"}
{"ts":1755709357682,"action":"IDE_ACTIVATED"}
{"ts":1755709360553,"action":"FILE_CLOSED","file":"/src/main/java/com/yourcompany/game/HistoricalAnalyzer.java","tags":{"FILE_LINE_OF_CODE":"248"}}
{"ts":1755709360560,"action":"FILE_OPENED","file":"/junit-framework_checkpoint.properties","tags":{"FILE_LINE_OF_CODE":"5"}}
{"ts":1755709361520,"action":"FILE_OPENED","file":"/src/main/java/com/yourcompany/game/HistoricalAnalyzer.java","tags":{"FILE_LINE_OF_CODE":"248"}}
{"ts":1755709362125,"action":"FILE_CLOSED","file":"/src/main/java/com/yourcompany/game/HistoricalAnalyzer.java","tags":{"FILE_LINE_OF_CODE":"248"}}
{"ts":1755709362128,"action":"FILE_OPENED","file":"/junit-framework_manual_log.csv","tags":{"FILE_LINE_OF_CODE":"null"}}
{"ts":1755709363194,"action":"FILE_OPENED","file":"/src/main/java/com/yourcompany/game/HistoricalAnalyzer.java","tags":{"FILE_LINE_OF_CODE":"248"}}
{"ts":1755709386691,"action":"IDE_DEACTIVATED"}
{"ts":1755709399572,"action":"IDE_ACTIVATED"}
{"ts":1755709403468,"action":"IDE_DEACTIVATED"}
{"ts":1755709403816,"action":"IDE_ACTIVATED"}
{"ts":1755709404068,"action":"IDE_DEACTIVATED"}
{"ts":1755709419167,"action":"IDE_ACTIVATED"}
{"ts":1755709436369,"action":"FILE_CLOSED","file":"/src/main/java/com/yourcompany/game/HistoricalAnalyzer.java","tags":{"FILE_LINE_OF_CODE":"254"}}
{"ts":1755709436388,"action":"FILE_OPENED","file":"/junit-framework_checkpoint.properties","tags":{"FILE_LINE_OF_CODE":"5"}}
{"ts":1755709437264,"action":"FILE_OPENED","file":"/src/main/java/com/yourcompany/game/HistoricalAnalyzer.java","tags":{"FILE_LINE_OF_CODE":"254"}}
{"ts":1755709438028,"action":"FILE_CLOSED","file":"/src/main/java/com/yourcompany/game/HistoricalAnalyzer.java","tags":{"FILE_LINE_OF_CODE":"254"}}
{"ts":1755709438035,"action":"FILE_OPENED","file":"/junit-framework_manual_log.csv","tags":{"FILE_LINE_OF_CODE":"null"}}
{"ts":1755709438821,"action":"FILE_OPENED","file":"/src/main/java/com/yourcompany/game/HistoricalAnalyzer.java","tags":{"FILE_LINE_OF_CODE":"254"}}
{"ts":1755709464099,"action":"IDE_DEACTIVATED"}
{"ts":1755709465354,"action":"IDE_ACTIVATED"}
{"ts":1755709472570,"action":"IDE_DEACTIVATED"}
{"ts":1755709472987,"action":"IDE_ACTIVATED"}
{"ts":1755709474554,"action":"IDE_DEACTIVATED"}
{"ts":1755709474808,"action":"IDE_ACTIVATED"}
{"ts":1755709482530,"action":"FILE_CLOSED","file":"/src/main/java/com/yourcompany/game/HistoricalAnalyzer.java","tags":{"FILE_LINE_OF_CODE":"254"}}
{"ts":1755709482539,"action":"FILE_OPENED","file":"/logback_checkpoint.properties","tags":{"FILE_LINE_OF_CODE":"5"}}
{"ts":1755709483022,"action":"FILE_CLOSED","file":"/logback_checkpoint.properties","tags":{"FILE_LINE_OF_CODE":"5"}}
{"ts":1755709483033,"action":"FILE_OPENED","file":"/junit-framework_checkpoint.properties","tags":{"FILE_LINE_OF_CODE":"5"}}
{"ts":1755709496005,"action":"IDE_DEACTIVATED"}
{"ts":1755709508074,"action":"IDE_ACTIVATED"}
{"ts":1755709529912,"action":"FILE_CLOSED","file":"/junit-framework_checkpoint.properties","tags":{"FILE_LINE_OF_CODE":"5"}}
{"ts":1755709529927,"action":"FILE_OPENED","file":"/junit-framework_manual_log.csv","tags":{"FILE_LINE_OF_CODE":"null"}}
{"ts":1755709531222,"action":"FILE_OPENED","file":"/src/main/java/com/yourcompany/game/HistoricalAnalyzer.java","tags":{"FILE_LINE_OF_CODE":"258"}}
{"ts":1755709532551,"action":"FILE_CLOSED","file":"/src/main/java/com/yourcompany/game/HistoricalAnalyzer.java","tags":{"FILE_LINE_OF_CODE":"258"}}
{"ts":1755709532565,"action":"FILE_OPENED","file":"/junit-framework_checkpoint.properties","tags":{"FILE_LINE_OF_CODE":"5"}}
{"ts":1755709533417,"action":"FILE_OPENED","file":"/src/main/java/com/yourcompany/game/HistoricalAnalyzer.java","tags":{"FILE_LINE_OF_CODE":"258"}}
{"ts":1755709583904,"action":"IDE_DEACTIVATED"}
{"ts":1755709588732,"action":"IDE_ACTIVATED"}
{"ts":1755709622687,"action":"FILE_CLOSED","file":"/src/main/java/com/yourcompany/game/HistoricalAnalyzer.java","tags":{"FILE_LINE_OF_CODE":"261"}}
{"ts":1755709622702,"action":"FILE_OPENED","file":"/junit-framework_checkpoint.properties","tags":{"FILE_LINE_OF_CODE":"5"}}
{"ts":1755709623881,"action":"FILE_OPENED","file":"/src/main/java/com/yourcompany/game/HistoricalAnalyzer.java","tags":{"FILE_LINE_OF_CODE":"261"}}
{"ts":1755709624989,"action":"FILE_CLOSED","file":"/src/main/java/com/yourcompany/game/HistoricalAnalyzer.java","tags":{"FILE_LINE_OF_CODE":"261"}}
{"ts":1755709625017,"action":"FILE_OPENED","file":"/junit-framework_manual_log.csv","tags":{"FILE_LINE_OF_CODE":"null"}}
{"ts":1755709625854,"action":"FILE_OPENED","file":"/src/main/java/com/yourcompany/game/HistoricalAnalyzer.java","tags":{"FILE_LINE_OF_CODE":"261"}}
{"ts":1755709672387,"action":"IDE_DEACTIVATED"}
{"ts":1755709691563,"action":"IDE_ACTIVATED"}
{"ts":1755709730341,"action":"IDE_DEACTIVATED"}
{"ts":1755709730626,"action":"IDE_ACTIVATED"}
{"ts":1755709730943,"action":"IDE_DEACTIVATED"}
{"ts":1755709740238,"action":"IDE_ACTIVATED"}
{"ts":1755709844313,"action":"IDE_DEACTIVATED"}
{"ts":1755709861186,"action":"IDE_ACTIVATED"}
{"ts":1755709861879,"action":"IDE_DEACTIVATED"}
{"ts":1755709863155,"action":"IDE_ACTIVATED"}
{"ts":1755709881077,"action":"FILE_CLOSED","file":"/src/main/java/com/yourcompany/game/HistoricalAnalyzer.java","tags":{"FILE_LINE_OF_CODE":"274"}}
{"ts":1755709881077,"action":"FILE_OPENED","file":"/src/main/java/com/yourcompany/game/App.java","tags":{"FILE_LINE_OF_CODE":"173"}}
{"ts":1755709886101,"action":"FILE_CLOSED","file":"/src/main/java/com/yourcompany/game/App.java","tags":{"FILE_LINE_OF_CODE":"173"}}
{"ts":1755709886114,"action":"FILE_OPENED","file":"/src/main/java/com/yourcompany/game/FeatureAdoptionAnalyzer.java","tags":{"FILE_LINE_OF_CODE":"309"}}
{"ts":1755709886222,"action":"FILE_CLOSED","file":"/src/main/java/com/yourcompany/game/FeatureAdoptionAnalyzer.java","tags":{"FILE_LINE_OF_CODE":"309"}}
{"ts":1755709886222,"action":"FILE_OPENED","file":"/src/main/java/com/yourcompany/game/RecordDeclarationAnalyzer.java","tags":{"FILE_LINE_OF_CODE":"47"}}
{"ts":1755709886360,"action":"FILE_CLOSED","file":"/src/main/java/com/yourcompany/game/RecordDeclarationAnalyzer.java","tags":{"FILE_LINE_OF_CODE":"47"}}
{"ts":1755709886370,"action":"FILE_OPENED","file":"/h2database_checkpoint.properties","tags":{"FILE_LINE_OF_CODE":"5"}}
{"ts":1755709889312,"action":"FILE_CLOSED","file":"/h2database_checkpoint.properties","tags":{"FILE_LINE_OF_CODE":"5"}}
{"ts":1755709889313,"action":"FILE_OPENED","file":"/src/main/java/com/yourcompany/game/App.java","tags":{"FILE_LINE_OF_CODE":"173"}}
{"ts":1755709900758,"action":"IDE_DEACTIVATED"}
{"ts":1755709912739,"action":"IDE_ACTIVATED"}
{"ts":1755709913296,"action":"IDE_DEACTIVATED"}
{"ts":1755709915093,"action":"IDE_ACTIVATED"}
{"ts":1755709915494,"action":"IDE_DEACTIVATED"}
{"ts":1755709915807,"action":"IDE_ACTIVATED"}
{"ts":1755709917714,"action":"IDE_DEACTIVATED"}
{"ts":1755709921242,"action":"IDE_ACTIVATED"}
{"ts":1755709922134,"action":"IDE_DEACTIVATED"}
{"ts":1755709922437,"action":"IDE_ACTIVATED"}
{"ts":1755709923088,"action":"IDE_DEACTIVATED"}
{"ts":1755709923787,"action":"IDE_ACTIVATED"}
{"ts":1755709958284,"action":"IDE_DEACTIVATED"}
{"ts":1755710005654,"action":"IDE_ACTIVATED"}
{"ts":1755710006713,"action":"IDE_DEACTIVATED"}
{"ts":1755710007221,"action":"IDE_ACTIVATED"}
{"ts":1755710010433,"action":"IDE_DEACTIVATED"}
{"ts":1755710058233,"action":"IDE_ACTIVATED"}
{"ts":1755710059286,"action":"IDE_DEACTIVATED"}
{"ts":1755710059532,"action":"IDE_ACTIVATED"}
{"ts":1755710070805,"action":"FILE_CLOSED","file":"/src/main/java/com/yourcompany/game/App.java","tags":{"FILE_LINE_OF_CODE":"173"}}
{"ts":1755710070816,"action":"FILE_OPENED","file":"/junit-framework_manual_log.csv","tags":{"FILE_LINE_OF_CODE":"null"}}
{"ts":1755710071775,"action":"FILE_OPENED","file":"/src/main/java/com/yourcompany/game/App.java","tags":{"FILE_LINE_OF_CODE":"173"}}
{"ts":1755710072516,"action":"FILE_CLOSED","file":"/src/main/java/com/yourcompany/game/App.java","tags":{"FILE_LINE_OF_CODE":"173"}}
{"ts":1755710072530,"action":"FILE_OPENED","file":"/junit-framework_checkpoint.properties","tags":{"FILE_LINE_OF_CODE":"5"}}
{"ts":1755710072935,"action":"FILE_OPENED","file":"/src/main/java/com/yourcompany/game/App.java","tags":{"FILE_LINE_OF_CODE":"173"}}
{"ts":1755710075237,"action":"IDE_DEACTIVATED"}
{"ts":1755710102804,"action":"IDE_ACTIVATED"}
{"ts":1755710106734,"action":"IDE_DEACTIVATED"}
{"ts":1755710110730,"action":"IDE_ACTIVATED"}
{"ts":1755710118711,"action":"IDE_DEACTIVATED"}
{"ts":1755710128209,"action":"IDE_ACTIVATED"}
{"ts":1755710136886,"action":"IDE_DEACTIVATED"}
{"ts":1755710137733,"action":"IDE_ACTIVATED"}
{"ts":1755710137907,"action":"IDE_DEACTIVATED"}
{"ts":1755710142271,"action":"IDE_ACTIVATED"}
{"ts":1755710142812,"action":"IDE_DEACTIVATED"}
{"ts":1755710145178,"action":"IDE_ACTIVATED"}
{"ts":1755710145805,"action":"IDE_DEACTIVATED"}
{"ts":1755710173004,"action":"IDE_ACTIVATED"}
{"ts":1755710175956,"action":"IDE_DEACTIVATED"}
{"ts":1755710201109,"action":"IDE_ACTIVATED"}
{"ts":1755710202594,"action":"IDE_DEACTIVATED"}
{"ts":1755710202963,"action":"IDE_ACTIVATED"}
{"ts":1755710209986,"action":"FILE_CLOSED","file":"/src/main/java/com/yourcompany/game/App.java","tags":{"FILE_LINE_OF_CODE":"173"}}
{"ts":1755710209986,"action":"FILE_OPENED","file":"/src/main/java/com/yourcompany/game/HistoricalAnalyzer.java","tags":{"FILE_LINE_OF_CODE":"292"}}
{"ts":1755710211767,"action":"IDE_DEACTIVATED"}
{"ts":1755710211852,"action":"IDE_ACTIVATED"}
{"ts":1755710212306,"action":"IDE_DEACTIVATED"}
{"ts":1755710212407,"action":"IDE_ACTIVATED"}
{"ts":1755710220877,"action":"IDE_DEACTIVATED"}
{"ts":1755710221109,"action":"IDE_ACTIVATED"}
{"ts":1755710223048,"action":"IDE_DEACTIVATED"}
{"ts":1755710223138,"action":"IDE_ACTIVATED"}
{"ts":1755710223448,"action":"IDE_DEACTIVATED"}
{"ts":1755710236663,"action":"IDE_ACTIVATED"}
{"ts":1755710237706,"action":"IDE_DEACTIVATED"}
{"ts":1755710238092,"action":"IDE_ACTIVATED"}
{"ts":1755710246373,"action":"IDE_DEACTIVATED"}
{"ts":1755710247199,"action":"IDE_ACTIVATED"}
{"ts":1755710281327,"action":"IDE_DEACTIVATED"}
{"ts":1755710281402,"action":"IDE_ACTIVATED"}
{"ts":1755710282158,"action":"IDE_DEACTIVATED"}
{"ts":1755710301036,"action":"IDE_ACTIVATED"}
{"ts":1755710302074,"action":"IDE_DEACTIVATED"}
{"ts":1755710302304,"action":"IDE_ACTIVATED"}
{"ts":1755710309568,"action":"IDE_DEACTIVATED"}
{"ts":1755710309653,"action":"IDE_ACTIVATED"}
{"ts":1755710310004,"action":"IDE_DEACTIVATED"}
{"ts":1755710374654,"action":"IDE_ACTIVATED"}
{"ts":1755710403024,"action":"IDE_DEACTIVATED"}
{"ts":1755710419916,"action":"IDE_ACTIVATED"}
{"ts":1755710421806,"action":"IDE_DEACTIVATED"}
{"ts":1755710443253,"action":"IDE_ACTIVATED"}
{"ts":1755710450200,"action":"FILE_CLOSED","file":"/src/main/java/com/yourcompany/game/HistoricalAnalyzer.java","tags":{"FILE_LINE_OF_CODE":"288"}}
{"ts":1755710450222,"action":"FILE_OPENED","file":"/junit-framework_manual_log.csv","tags":{"FILE_LINE_OF_CODE":"null"}}
{"ts":1755710451728,"action":"FILE_CLOSED","file":"/junit-framework_manual_log.csv","tags":{"FILE_LINE_OF_CODE":"null"}}
{"ts":1755710451747,"action":"FILE_OPENED","file":"/junit-framework_checkpoint.properties","tags":{"FILE_LINE_OF_CODE":"5"}}
{"ts":1755710452484,"action":"FILE_OPENED","file":"/src/main/java/com/yourcompany/game/HistoricalAnalyzer.java","tags":{"FILE_LINE_OF_CODE":"288"}}
{"ts":1755710475312,"action":"FILE_CLOSED","file":"/src/main/java/com/yourcompany/game/HistoricalAnalyzer.java","tags":{"FILE_LINE_OF_CODE":"288"}}
{"ts":1755710475325,"action":"FILE_OPENED","file":"/junit-framework_manual_log.csv","tags":{"FILE_LINE_OF_CODE":"null"}}
{"ts":1755710476211,"action":"FILE_CLOSED","file":"/junit-framework_manual_log.csv","tags":{"FILE_LINE_OF_CODE":"null"}}
{"ts":1755710476223,"action":"FILE_OPENED","file":"/junit-framework_checkpoint.properties","tags":{"FILE_LINE_OF_CODE":"5"}}
{"ts":1755710477956,"action":"FILE_OPENED","file":"/src/main/java/com/yourcompany/game/HistoricalAnalyzer.java","tags":{"FILE_LINE_OF_CODE":"288"}}
{"ts":1755710479341,"action":"IDE_DEACTIVATED"}
{"ts":1755710498473,"action":"IDE_ACTIVATED"}
{"ts":1755710506475,"action":"IDE_DEACTIVATED"}
{"ts":1755710506913,"action":"IDE_ACTIVATED"}
{"ts":1755710520807,"action":"IDE_DEACTIVATED"}
{"ts":1755710521641,"action":"IDE_ACTIVATED"}
{"ts":1755710522392,"action":"IDE_DEACTIVATED"}
{"ts":1755710531654,"action":"IDE_ACTIVATED"}
{"ts":1755710532489,"action":"IDE_DEACTIVATED"}
{"ts":1755710536547,"action":"IDE_ACTIVATED"}
{"ts":1755710539899,"action":"IDE_DEACTIVATED"}
{"ts":1755710540734,"action":"IDE_ACTIVATED"}
{"ts":1755710540961,"action":"IDE_DEACTIVATED"}
{"ts":1755710567890,"action":"IDE_ACTIVATED"}
{"ts":1755710599132,"action":"IDE_DEACTIVATED"}
{"ts":1755710627986,"action":"IDE_ACTIVATED"}
{"ts":1755710650003,"action":"FILE_CLOSED","file":"/src/main/java/com/yourcompany/game/HistoricalAnalyzer.java","tags":{"FILE_LINE_OF_CODE":"288"}}
{"ts":1755710650021,"action":"FILE_OPENED","file":"/junit-framework_manual_log.csv","tags":{"FILE_LINE_OF_CODE":"null"}}
{"ts":1755710651119,"action":"FILE_OPENED","file":"/src/main/java/com/yourcompany/game/HistoricalAnalyzer.java","tags":{"FILE_LINE_OF_CODE":"288"}}
{"ts":1755710653077,"action":"IDE_DEACTIVATED"}
{"ts":1755710658632,"action":"IDE_ACTIVATED"}
{"ts":1755710665362,"action":"IDE_DEACTIVATED"}
{"ts":1755710684157,"action":"IDE_ACTIVATED"}
{"ts":1755710684487,"action":"IDE_DEACTIVATED"}
{"ts":1755710688141,"action":"IDE_ACTIVATED"}
{"ts":1755710696660,"action":"IDE_DEACTIVATED"}
{"ts":1755710697890,"action":"IDE_ACTIVATED"}
{"ts":1755710702378,"action":"IDE_DEACTIVATED"}
{"ts":1755710702654,"action":"IDE_ACTIVATED"}
{"ts":1755710709526,"action":"FILE_CLOSED","file":"/src/main/java/com/yourcompany/game/HistoricalAnalyzer.java","tags":{"FILE_LINE_OF_CODE":"289"}}
{"ts":1755710709538,"action":"FILE_OPENED","file":"/junit-framework_manual_log.csv","tags":{"FILE_LINE_OF_CODE":"null"}}
{"ts":1755710731300,"action":"IDE_DEACTIVATED"}
{"ts":1755710731404,"action":"IDE_ACTIVATED"}
{"ts":1755710731889,"action":"IDE_DEACTIVATED"}
{"ts":1755710735298,"action":"IDE_ACTIVATED"}
{"ts":1755710735559,"action":"IDE_DEACTIVATED"}
{"ts":1755710736110,"action":"IDE_ACTIVATED"}
{"ts":1755710736507,"action":"IDE_DEACTIVATED"}
{"ts":1755710737237,"action":"IDE_ACTIVATED"}
{"ts":1755710737448,"action":"IDE_DEACTIVATED"}
{"ts":1755710778572,"action":"IDE_ACTIVATED"}
{"ts":1755710783821,"action":"FILE_CLOSED","file":"/junit-framework_manual_log.csv","tags":{"FILE_LINE_OF_CODE":"null"}}
{"ts":1755710783821,"action":"FILE_OPENED","file":"/src/main/java/com/yourcompany/game/HistoricalAnalyzer.java","tags":{"FILE_LINE_OF_CODE":"289"}}
{"ts":1755710795155,"action":"FILE_CLOSED","file":"/src/main/java/com/yourcompany/game/HistoricalAnalyzer.java","tags":{"FILE_LINE_OF_CODE":"289"}}
{"ts":1755710795155,"action":"FILE_OPENED","file":"/junit-framework_manual_log.csv","tags":{"FILE_LINE_OF_CODE":"null"}}
{"ts":1755710796553,"action":"FILE_CLOSED","file":"/junit-framework_manual_log.csv","tags":{"FILE_LINE_OF_CODE":"null"}}
{"ts":1755710796568,"action":"FILE_OPENED","file":"/junit-framework_checkpoint.properties","tags":{"FILE_LINE_OF_CODE":"5"}}
{"ts":1755710797140,"action":"FILE_CLOSED","file":"/junit-framework_checkpoint.properties","tags":{"FILE_LINE_OF_CODE":"5"}}
{"ts":1755710797142,"action":"FILE_OPENED","file":"/junit-framework_manual_log.csv","tags":{"FILE_LINE_OF_CODE":"null"}}
{"ts":1755710798329,"action":"FILE_OPENED","file":"/src/main/java/com/yourcompany/game/HistoricalAnalyzer.java","tags":{"FILE_LINE_OF_CODE":"289"}}
{"ts":1755710798983,"action":"FILE_CLOSED","file":"/src/main/java/com/yourcompany/game/HistoricalAnalyzer.java","tags":{"FILE_LINE_OF_CODE":"289"}}
{"ts":1755710798994,"action":"FILE_OPENED","file":"/logback_checkpoint.properties","tags":{"FILE_LINE_OF_CODE":"5"}}
{"ts":1755710799298,"action":"FILE_CLOSED","file":"/logback_checkpoint.properties","tags":{"FILE_LINE_OF_CODE":"5"}}
{"ts":1755710799320,"action":"FILE_OPENED","file":"/junit-framework_checkpoint.properties","tags":{"FILE_LINE_OF_CODE":"5"}}
{"ts":1755710800429,"action":"FILE_OPENED","file":"/src/main/java/com/yourcompany/game/HistoricalAnalyzer.java","tags":{"FILE_LINE_OF_CODE":"289"}}
{"ts":1755710806941,"action":"IDE_DEACTIVATED"}
{"ts":1755710807654,"action":"IDE_ACTIVATED"}
{"ts":1755710808029,"action":"IDE_DEACTIVATED"}
{"ts":1755710808465,"action":"IDE_ACTIVATED"}
{"ts":1755710824355,"action":"FILE_CLOSED","file":"/src/main/java/com/yourcompany/game/HistoricalAnalyzer.java","tags":{"FILE_LINE_OF_CODE":"289"}}
{"ts":1755710824378,"action":"FILE_OPENED","file":"/junit-framework_checkpoint.properties","tags":{"FILE_LINE_OF_CODE":"5"}}
{"ts":1755710825643,"action":"FILE_OPENED","file":"/src/main/java/com/yourcompany/game/HistoricalAnalyzer.java","tags":{"FILE_LINE_OF_CODE":"289"}}
{"ts":1755710826185,"action":"FILE_CLOSED","file":"/src/main/java/com/yourcompany/game/HistoricalAnalyzer.java","tags":{"FILE_LINE_OF_CODE":"289"}}
{"ts":1755710826189,"action":"FILE_OPENED","file":"/junit-framework_manual_log.csv","tags":{"FILE_LINE_OF_CODE":"null"}}
{"ts":1755710828309,"action":"FILE_OPENED","file":"/src/main/java/com/yourcompany/game/HistoricalAnalyzer.java","tags":{"FILE_LINE_OF_CODE":"289"}}
{"ts":1755710848677,"action":"IDE_DEACTIVATED"}
{"ts":1755710855541,"action":"IDE_ACTIVATED"}
{"ts":1755710883348,"action":"FILE_CLOSED","file":"/src/main/java/com/yourcompany/game/HistoricalAnalyzer.java","tags":{"FILE_LINE_OF_CODE":"292"}}
{"ts":1755710883364,"action":"FILE_OPENED","file":"/junit-framework_checkpoint.properties","tags":{"FILE_LINE_OF_CODE":"5"}}
{"ts":1755710884402,"action":"FILE_OPENED","file":"/src/main/java/com/yourcompany/game/HistoricalAnalyzer.java","tags":{"FILE_LINE_OF_CODE":"292"}}
{"ts":1755710886050,"action":"FILE_CLOSED","file":"/src/main/java/com/yourcompany/game/HistoricalAnalyzer.java","tags":{"FILE_LINE_OF_CODE":"292"}}
{"ts":1755710886070,"action":"FILE_OPENED","file":"/junit-framework_manual_log.csv","tags":{"FILE_LINE_OF_CODE":"null"}}
{"ts":1755710886573,"action":"FILE_OPENED","file":"/src/main/java/com/yourcompany/game/HistoricalAnalyzer.java","tags":{"FILE_LINE_OF_CODE":"292"}}
{"ts":1755710887367,"action":"FILE_CLOSED","file":"/src/main/java/com/yourcompany/game/HistoricalAnalyzer.java","tags":{"FILE_LINE_OF_CODE":"292"}}
{"ts":1755710887377,"action":"FILE_OPENED","file":"/logback_checkpoint.properties","tags":{"FILE_LINE_OF_CODE":"5"}}
{"ts":1755710902188,"action":"IDE_DEACTIVATED"}
{"ts":1755710952343,"action":"IDE_ACTIVATED"}
{"ts":1755710989567,"action":"IDE_DEACTIVATED"}
{"ts":1755710993873,"action":"IDE_ACTIVATED"}
{"ts":1755711020689,"action":"IDE_DEACTIVATED"}
{"ts":1755711087571,"action":"IDE_ACTIVATED"}
{"ts":1755711122956,"action":"IDE_DEACTIVATED"}
{"ts":1755711238015,"action":"IDE_ACTIVATED"}
{"ts":1755711243251,"action":"FILE_CLOSED","file":"/logback_checkpoint.properties","tags":{"FILE_LINE_OF_CODE":"5"}}
{"ts":1755711243271,"action":"FILE_OPENED","file":"/junit-framework_checkpoint.properties","tags":{"FILE_LINE_OF_CODE":"5"}}
{"ts":1755711244203,"action":"FILE_CLOSED","file":"/junit-framework_checkpoint.properties","tags":{"FILE_LINE_OF_CODE":"5"}}
{"ts":1755711244203,"action":"FILE_OPENED","file":"/junit-framework-STARY_manual_log.csv","tags":{"FILE_LINE_OF_CODE":"null"}}
{"ts":1755711254454,"action":"FILE_CLOSED","file":"/junit-framework-STARY_manual_log.csv","tags":{"FILE_LINE_OF_CODE":"null"}}
{"ts":1755711254454,"action":"FILE_OPENED","file":"/junit-framework_checkpoint.properties","tags":{"FILE_LINE_OF_CODE":"5"}}
{"ts":1755711255078,"action":"FILE_CLOSED","file":"/junit-framework_checkpoint.properties","tags":{"FILE_LINE_OF_CODE":"5"}}
{"ts":1755711255097,"action":"FILE_OPENED","file":"/logback_checkpoint.properties","tags":{"FILE_LINE_OF_CODE":"5"}}
{"ts":1755711255648,"action":"FILE_CLOSED","file":"/logback_checkpoint.properties","tags":{"FILE_LINE_OF_CODE":"5"}}
{"ts":1755711255651,"action":"FILE_OPENED","file":"/junit-framework_manual_log.csv","tags":{"FILE_LINE_OF_CODE":"null"}}
{"ts":1755711266101,"action":"IDE_DEACTIVATED"}
{"ts":1755712633508,"action":"IDE_ACTIVATED"}
{"ts":1755712637806,"action":"FILE_CLOSED","file":"/junit-framework_manual_log.csv","tags":{"FILE_LINE_OF_CODE":"null"}}
{"ts":1755712637806,"action":"FILE_OPENED","file":"/src/main/java/com/yourcompany/game/HistoricalAnalyzer.java","tags":{"FILE_LINE_OF_CODE":"292"}}
{"ts":1755712650495,"action":"IDE_DEACTIVATED"}
{"ts":1755712824995,"action":"IDE_ACTIVATED"}
{"ts":1755712853435,"action":"IDE_DEACTIVATED"}
{"ts":1755713902317,"action":"IDE_ACTIVATED"}
{"ts":1755713909840,"action":"IDE_DEACTIVATED"}
{"ts":1755715794543,"action":"IDE_ACTIVATED"}
{"ts":1755715804180,"action":"FILE_CLOSED","file":"/src/main/java/com/yourcompany/game/HistoricalAnalyzer.java","tags":{"FILE_LINE_OF_CODE":"292"}}
{"ts":1755715804188,"action":"FILE_OPENED","file":"/junit-framework_manual_log.csv","tags":{"FILE_LINE_OF_CODE":"null"}}
{"ts":1755715831381,"action":"IDE_DEACTIVATED"}
{"ts":1755715833539,"action":"IDE_ACTIVATED"}
{"ts":1755715848588,"action":"IDE_DEACTIVATED"}
{"ts":1755715902899,"action":"IDE_ACTIVATED"}
{"ts":1755715921834,"action":"IDE_DEACTIVATED"}
{"ts":1755715922191,"action":"IDE_ACTIVATED"}
{"ts":1755715932783,"action":"IDE_DEACTIVATED"}
{"ts":1755715933700,"action":"IDE_ACTIVATED"}
{"ts":1755715939912,"action":"IDE_DEACTIVATED"}
{"ts":1755715939999,"action":"IDE_ACTIVATED"}
{"ts":1755715940857,"action":"IDE_DEACTIVATED"}
{"ts":1755715940898,"action":"IDE_ACTIVATED"}
{"ts":1755715942297,"action":"IDE_DEACTIVATED"}
{"ts":1755715942369,"action":"IDE_ACTIVATED"}
{"ts":1755715943200,"action":"IDE_DEACTIVATED"}
{"ts":1755715943293,"action":"IDE_ACTIVATED"}
{"ts":1755715943592,"action":"IDE_DEACTIVATED"}
{"ts":1755715943664,"action":"IDE_ACTIVATED"}
{"ts":1755715944647,"action":"IDE_DEACTIVATED"}
{"ts":1755715944730,"action":"IDE_ACTIVATED"}
{"ts":1755715945195,"action":"IDE_DEACTIVATED"}
{"ts":1755715945274,"action":"IDE_ACTIVATED"}
{"ts":1755715949032,"action":"IDE_DEACTIVATED"}
{"ts":1755715949123,"action":"IDE_ACTIVATED"}
{"ts":1755715949608,"action":"IDE_DEACTIVATED"}
{"ts":1755715949718,"action":"IDE_ACTIVATED"}
{"ts":1755715955756,"action":"IDE_DEACTIVATED"}
{"ts":1755715956753,"action":"IDE_ACTIVATED"}
{"ts":1755715956959,"action":"IDE_DEACTIVATED"}
{"ts":1755715957487,"action":"IDE_ACTIVATED"}
{"ts":1755715966055,"action":"IDE_DEACTIVATED"}
{"ts":1755715966137,"action":"IDE_ACTIVATED"}
{"ts":1755715966800,"action":"IDE_DEACTIVATED"}
{"ts":1755715966872,"action":"IDE_ACTIVATED"}
{"ts":1755715967530,"action":"IDE_DEACTIVATED"}
{"ts":1755715967602,"action":"IDE_ACTIVATED"}
{"ts":1755715968376,"action":"IDE_DEACTIVATED"}
{"ts":1755716199265,"action":"IDE_ACTIVATED"}
{"ts":1755716200385,"action":"IDE_DEACTIVATED"}
{"ts":1755716200716,"action":"IDE_ACTIVATED"}
{"ts":1755716203053,"action":"IDE_DEACTIVATED"}
{"ts":1755716644189,"action":"IDE_ACTIVATED"}
{"ts":1755716647938,"action":"FILE_CLOSED","file":"/junit-framework_manual_log.csv","tags":{"FILE_LINE_OF_CODE":"null"}}
{"ts":1755716647938,"action":"FILE_OPENED","file":"/src/main/java/com/yourcompany/game/App.java","tags":{"FILE_LINE_OF_CODE":"173"}}
{"ts":1755716717294,"action":"IDE_DEACTIVATED"}
{"ts":1755716724035,"action":"IDE_ACTIVATED"}
{"ts":1755716749310,"action":"FILE_CLOSED","file":"/src/main/java/com/yourcompany/game/App.java","tags":{"FILE_LINE_OF_CODE":"173"}}
{"ts":1755716749327,"action":"FILE_OPENED","file":"/src/main/java/com/yourcompany/game/CsvCleaner.java","tags":{"FILE_LINE_OF_CODE":"131"}}
{"ts":1755716753044,"action":"IDE_DEACTIVATED"}
{"ts":1755716776376,"action":"IDE_ACTIVATED"}
{"ts":1755716819420,"action":"IDE_DEACTIVATED"}
{"ts":1755716819786,"action":"IDE_ACTIVATED"}
{"ts":1755716823440,"action":"IDE_DEACTIVATED"}
{"ts":1755716853866,"action":"IDE_ACTIVATED"}
{"ts":1755716871409,"action":"IDE_DEACTIVATED"}
{"ts":1755716880379,"action":"IDE_ACTIVATED"}
{"ts":1755716899657,"action":"IDE_DEACTIVATED"}
{"ts":1755716963955,"action":"IDE_ACTIVATED"}
{"ts":1755716976905,"action":"IDE_DEACTIVATED"}
{"ts":1755716994183,"action":"IDE_ACTIVATED"}
{"ts":1755716995585,"action":"IDE_DEACTIVATED"}
{"ts":1755716997050,"action":"IDE_ACTIVATED"}
{"ts":1755717025655,"action":"IDE_DEACTIVATED"}
{"ts":1755717081690,"action":"IDE_ACTIVATED"}
{"ts":1755717093479,"action":"IDE_DEACTIVATED"}
{"ts":1755717093777,"action":"IDE_ACTIVATED"}
{"ts":1755717105095,"action":"IDE_DEACTIVATED"}
{"ts":1755717116304,"action":"IDE_ACTIVATED"}
{"ts":1755717516542,"action":"IDE_DEACTIVATED"}
{"ts":1755717773901,"action":"IDE_ACTIVATED"}
{"ts":1755717776913,"action":"IDE_DEACTIVATED"}
{"ts":1755721528811,"action":"IDE_ACTIVATED"}
{"ts":1755721531797,"action":"IDE_DEACTIVATED"}
{"ts":1755724434108,"action":"IDE_ACTIVATED"}
{"ts":1755724438041,"action":"IDE_DEACTIVATED"}
{"ts":1755724438447,"action":"IDE_ACTIVATED"}
{"ts":1755724441607,"action":"IDE_DEACTIVATED"}
{"ts":1755724441863,"action":"IDE_ACTIVATED"}
{"ts":1755724450548,"action":"FILE_CLOSED","file":"/src/main/java/com/yourcompany/game/CsvCleaner.java","tags":{"FILE_LINE_OF_CODE":"131"}}
{"ts":1755724450585,"action":"FILE_OPENED","file":"/commons-logging_manual_log.csv","tags":{"FILE_LINE_OF_CODE":"null"}}
{"ts":1755724454669,"action":"FILE_CLOSED","file":"/commons-logging_manual_log.csv","tags":{"FILE_LINE_OF_CODE":"null"}}
{"ts":1755724454672,"action":"FILE_OPENED","file":"/junit-framework_manual_log.csv","tags":{"FILE_LINE_OF_CODE":"null"}}
{"ts":1755725402799,"action":"IDE_DEACTIVATED"}
{"ts":1755751707485,"action":"IDE_ACTIVATED"}
{"ts":1755751709915,"action":"IDE_DEACTIVATED"}
{"ts":1755751710311,"action":"IDE_ACTIVATED"}
{"ts":1755751711253,"action":"IDE_DEACTIVATED"}
{"ts":1755751711760,"action":"IDE_ACTIVATED"}
{"ts":1755751712426,"action":"IDE_DEACTIVATED"}
{"ts":1755751712794,"action":"IDE_ACTIVATED"}
{"ts":1755751721286,"action":"IDE_DEACTIVATED"}
{"ts":1755753082865,"action":"IDE_ACTIVATED"}
{"ts":1755753093068,"action":"IDE_DEACTIVATED"}
{"ts":1755753713304,"action":"IDE_ACTIVATED"}
{"ts":1755753716092,"action":"IDE_DEACTIVATED"}
{"ts":1755786740972,"action":"IDE_ACTIVATED"}
{"ts":1755786745226,"action":"IDE_DEACTIVATED"}
{"ts":1755803308271,"action":"IDE_ACTIVATED"}
{"ts":1755803311347,"action":"IDE_DEACTIVATED"}
{"ts":1755804053297,"action":"IDE_ACTIVATED"}
{"ts":1755804054349,"action":"IDE_DEACTIVATED"}
{"ts":1755804054717,"action":"IDE_ACTIVATED"}
{"ts":1755804056469,"action":"IDE_DEACTIVATED"}
{"ts":1755804061946,"action":"IDE_ACTIVATED"}
{"ts":1755804064007,"action":"IDE_DEACTIVATED"}
{"ts":1755804068742,"action":"IDE_ACTIVATED"}
{"ts":1755804073737,"action":"IDE_DEACTIVATED"}
{"ts":1755804074904,"action":"IDE_ACTIVATED"}
{"ts":1755804111949,"action":"IDE_DEACTIVATED"}
{"ts":1755804112917,"action":"IDE_ACTIVATED"}
{"ts":1755804114258,"action":"IDE_DEACTIVATED"}
{"ts":1755804115047,"action":"IDE_ACTIVATED"}
{"ts":1755804116756,"action":"IDE_DEACTIVATED"}
{"ts":1755804130278,"action":"IDE_ACTIVATED"}
{"ts":1755804180003,"action":"IDE_DEACTIVATED"}
{"ts":1755804206707,"action":"IDE_ACTIVATED"}
{"ts":1755804209839,"action":"IDE_DEACTIVATED"}
{"ts":1755804210258,"action":"IDE_ACTIVATED"}
{"ts":1755804217488,"action":"IDE_DEACTIVATED"}
{"ts":1755804237099,"action":"IDE_ACTIVATED"}
{"ts":1755804242378,"action":"IDE_DEACTIVATED"}
{"ts":1755804245985,"action":"IDE_ACTIVATED"}
{"ts":1755804259669,"action":"IDE_DEACTIVATED"}
{"ts":1755804271611,"action":"IDE_ACTIVATED"}
{"ts":1755804300798,"action":"IDE_DEACTIVATED"}
{"ts":1755804301512,"action":"IDE_ACTIVATED"}
{"ts":1755804352098,"action":"IDE_DEACTIVATED"}
{"ts":1755804403512,"action":"IDE_ACTIVATED"}
{"ts":1755804404978,"action":"IDE_DEACTIVATED"}
{"ts":1755804470539,"action":"IDE_ACTIVATED"}
{"ts":1755804472277,"action":"IDE_DEACTIVATED"}
{"ts":1755804503565,"action":"IDE_ACTIVATED"}
{"ts":1755804532774,"action":"IDE_DEACTIVATED"}
{"ts":1755804535477,"action":"IDE_ACTIVATED"}
{"ts":1755804597085,"action":"IDE_DEACTIVATED"}
{"ts":1755804599473,"action":"IDE_ACTIVATED"}
{"ts":1755804620407,"action":"IDE_DEACTIVATED"}
{"ts":1755804625763,"action":"IDE_ACTIVATED"}
{"ts":1755804631424,"action":"IDE_DEACTIVATED"}
{"ts":1755804641509,"action":"IDE_ACTIVATED"}
{"ts":1755804660616,"action":"IDE_DEACTIVATED"}
{"ts":1755804667100,"action":"IDE_ACTIVATED"}
{"ts":1755804686030,"action":"IDE_DEACTIVATED"}
{"ts":1755804688004,"action":"IDE_ACTIVATED"}
{"ts":1755804723225,"action":"IDE_DEACTIVATED"}
{"ts":1755804730003,"action":"IDE_ACTIVATED"}
{"ts":1755804736023,"action":"IDE_DEACTIVATED"}
{"ts":1755804736733,"action":"IDE_ACTIVATED"}
{"ts":1755804754877,"action":"IDE_DEACTIVATED"}
{"ts":1755804766355,"action":"IDE_ACTIVATED"}
{"ts":1755804792799,"action":"IDE_DEACTIVATED"}
{"ts":1755804794669,"action":"IDE_ACTIVATED"}
{"ts":1755804838754,"action":"IDE_DEACTIVATED"}
{"ts":1755804847231,"action":"IDE_ACTIVATED"}
{"ts":1755804872301,"action":"IDE_DEACTIVATED"}
{"ts":1755804892627,"action":"IDE_ACTIVATED"}
{"ts":1755804928604,"action":"IDE_DEACTIVATED"}
{"ts":1755804942663,"action":"IDE_ACTIVATED"}
{"ts":1755804998295,"action":"IDE_DEACTIVATED"}
{"ts":1755805023329,"action":"IDE_ACTIVATED"}
{"ts":1755805033871,"action":"IDE_DEACTIVATED"}
{"ts":1755805043214,"action":"IDE_ACTIVATED"}
{"ts":1755805049430,"action":"IDE_DEACTIVATED"}
{"ts":1755805070505,"action":"IDE_ACTIVATED"}
{"ts":1755805082877,"action":"IDE_DEACTIVATED"}
{"ts":1755805084349,"action":"IDE_ACTIVATED"}
{"ts":1755805085841,"action":"IDE_DEACTIVATED"}
{"ts":1755805087355,"action":"IDE_ACTIVATED"}
{"ts":1755805100075,"action":"IDE_DEACTIVATED"}
{"ts":1755805138231,"action":"IDE_ACTIVATED"}
{"ts":1755805144576,"action":"IDE_DEACTIVATED"}
{"ts":1755805150804,"action":"IDE_ACTIVATED"}
{"ts":1755805155725,"action":"IDE_DEACTIVATED"}
{"ts":1755805164940,"action":"IDE_ACTIVATED"}
{"ts":1755805172244,"action":"IDE_DEACTIVATED"}
{"ts":1755805174659,"action":"IDE_ACTIVATED"}
{"ts":1755805189258,"action":"IDE_DEACTIVATED"}
{"ts":1755805200615,"action":"IDE_ACTIVATED"}
{"ts":1755805207574,"action":"IDE_DEACTIVATED"}
{"ts":1755805230171,"action":"IDE_ACTIVATED"}
{"ts":1755805233361,"action":"IDE_DEACTIVATED"}
{"ts":1755805252610,"action":"IDE_ACTIVATED"}
{"ts":1755805276151,"action":"IDE_DEACTIVATED"}
{"ts":1755805286974,"action":"IDE_ACTIVATED"}
{"ts":1755805308769,"action":"IDE_DEACTIVATED"}
{"ts":1755805319182,"action":"IDE_ACTIVATED"}
{"ts":1755805325525,"action":"IDE_DEACTIVATED"}
{"ts":1755805339744,"action":"IDE_ACTIVATED"}
{"ts":1755805367650,"action":"IDE_DEACTIVATED"}
{"ts":1755805368152,"action":"IDE_ACTIVATED"}
{"ts":1755805368573,"action":"IDE_DEACTIVATED"}
{"ts":1755805399358,"action":"IDE_ACTIVATED"}
{"ts":1755805424333,"action":"IDE_DEACTIVATED"}
{"ts":1755805436708,"action":"IDE_ACTIVATED"}
{"ts":1755805456265,"action":"IDE_DEACTIVATED"}
{"ts":1755805477311,"action":"IDE_ACTIVATED"}
{"ts":1755805478570,"action":"IDE_DEACTIVATED"}
{"ts":1755805508355,"action":"IDE_ACTIVATED"}
{"ts":1755805535160,"action":"IDE_DEACTIVATED"}
{"ts":1755805552171,"action":"IDE_ACTIVATED"}
{"ts":1755805564028,"action":"IDE_DEACTIVATED"}
{"ts":1755805642136,"action":"IDE_ACTIVATED"}
{"ts":1755805655308,"action":"IDE_DEACTIVATED"}
{"ts":1755805656073,"action":"IDE_ACTIVATED"}
{"ts":1755805667500,"action":"IDE_DEACTIVATED"}
{"ts":1755805669001,"action":"IDE_ACTIVATED"}
{"ts":1755805689350,"action":"IDE_DEACTIVATED"}
{"ts":1755805754346,"action":"IDE_ACTIVATED"}
{"ts":1755805767677,"action":"IDE_DEACTIVATED"}
{"ts":1755806316513,"action":"IDE_ACTIVATED"}
{"ts":1755806364483,"action":"IDE_DEACTIVATED"}
{"ts":1755806367326,"action":"IDE_ACTIVATED"}
{"ts":1755806368012,"action":"IDE_DEACTIVATED"}
{"ts":1755806381198,"action":"IDE_ACTIVATED"}
{"ts":1755806387300,"action":"IDE_DEACTIVATED"}
{"ts":1755807078208,"action":"IDE_ACTIVATED"}
{"ts":1755807082138,"action":"IDE_DEACTIVATED"}
{"ts":1755837458116,"action":"FILE_OPENED","file":"/junit-framework_manual_log.csv","tags":{"FILE_LINE_OF_CODE":"null"}}
{"ts":1755837458379,"action":"PROJECT_OPENED","tags":{"PROJECT_NAME":"Parsing — kopia — kopia"}}
{"ts":1755837481162,"action":"IDE_DEACTIVATED"}
{"ts":1755837481990,"action":"IDE_ACTIVATED"}
{"ts":1755837488381,"action":"FILE_CLOSED","file":"/junit-framework_manual_log.csv","tags":{"FILE_LINE_OF_CODE":"null"}}
{"ts":1755837488471,"action":"FILE_OPENED","file":"/logsy.txt","tags":{"FILE_LINE_OF_CODE":"null"}}
{"ts":1755837494873,"action":"FILE_CLOSED","file":"/logsy.txt","tags":{"FILE_LINE_OF_CODE":"null"}}
{"ts":1755837494873,"action":"FILE_OPENED","file":"/joda-time_manual_log.csv","tags":{"FILE_LINE_OF_CODE":"null"}}
{"ts":1755837544252,"action":"IDE_DEACTIVATED"}
{"ts":1755838888280,"action":"IDE_ACTIVATED"}
{"ts":1755838891233,"action":"IDE_DEACTIVATED"}
{"ts":1755838891632,"action":"IDE_ACTIVATED"}
{"ts":1755838892949,"action":"IDE_DEACTIVATED"}
{"ts":1755838998470,"action":"IDE_ACTIVATED"}
{"ts":1755838999504,"action":"IDE_DEACTIVATED"}
{"ts":1755838999821,"action":"IDE_ACTIVATED"}
{"ts":1755839002025,"action":"IDE_DEACTIVATED"}
{"ts":1755839002199,"action":"IDE_ACTIVATED"}
{"ts":1755839002303,"action":"IDE_DEACTIVATED"}
{"ts":1755839003578,"action":"IDE_ACTIVATED"}
{"ts":1755839011349,"action":"IDE_DEACTIVATED"}
{"ts":1755839015372,"action":"IDE_ACTIVATED"}
{"ts":1755839298891,"action":"IDE_DEACTIVATED"}
{"ts":1755839313522,"action":"IDE_ACTIVATED"}
{"ts":1755839316510,"action":"FILE_CLOSED","file":"/joda-time_manual_log.csv","tags":{"FILE_LINE_OF_CODE":"null"}}
{"ts":1755839316537,"action":"FILE_OPENED","file":"/guava_checkpoint.properties","tags":{"FILE_LINE_OF_CODE":"5"}}
{"ts":1755839318377,"action":"FILE_CLOSED","file":"/guava_checkpoint.properties","tags":{"FILE_LINE_OF_CODE":"5"}}
{"ts":1755839318393,"action":"FILE_OPENED","file":"/gson_checkpoint.properties","tags":{"FILE_LINE_OF_CODE":"5"}}
{"ts":1755839319311,"action":"FILE_CLOSED","file":"/gson_checkpoint.properties","tags":{"FILE_LINE_OF_CODE":"5"}}
{"ts":1755839319331,"action":"FILE_OPENED","file":"/h2database_checkpoint.properties","tags":{"FILE_LINE_OF_CODE":"5"}}
{"ts":1755839320530,"action":"FILE_CLOSED","file":"/h2database_checkpoint.properties","tags":{"FILE_LINE_OF_CODE":"5"}}
{"ts":1755839320532,"action":"FILE_OPENED","file":"/jackson-annotations_manual_log.csv","tags":{"FILE_LINE_OF_CODE":"null"}}
{"ts":1755839320938,"action":"FILE_CLOSED","file":"/jackson-annotations_manual_log.csv","tags":{"FILE_LINE_OF_CODE":"null"}}
{"ts":1755839320969,"action":"FILE_OPENED","file":"/jackson-annotations_checkpoint.properties","tags":{"FILE_LINE_OF_CODE":"5"}}
{"ts":1755839322364,"action":"FILE_CLOSED","file":"/jackson-annotations_checkpoint.properties","tags":{"FILE_LINE_OF_CODE":"5"}}
{"ts":1755839322364,"action":"FILE_OPENED","file":"/jackson-core_manual_log.csv","tags":{"FILE_LINE_OF_CODE":"null"}}
{"ts":1755839322814,"action":"FILE_CLOSED","file":"/jackson-core_manual_log.csv","tags":{"FILE_LINE_OF_CODE":"null"}}
{"ts":1755839322845,"action":"FILE_OPENED","file":"/jackson-core_checkpoint.properties","tags":{"FILE_LINE_OF_CODE":"5"}}
{"ts":1755839324008,"action":"FILE_CLOSED","file":"/jackson-core_checkpoint.properties","tags":{"FILE_LINE_OF_CODE":"5"}}
{"ts":1755839324040,"action":"FILE_OPENED","file":"/jackson-databind_checkpoint.properties","tags":{"FILE_LINE_OF_CODE":"5"}}
{"ts":1755839325584,"action":"FILE_CLOSED","file":"/jackson-databind_checkpoint.properties","tags":{"FILE_LINE_OF_CODE":"5"}}
{"ts":1755839325615,"action":"FILE_OPENED","file":"/java-annotations_checkpoint.properties","tags":{"FILE_LINE_OF_CODE":"5"}}
{"ts":1755839327340,"action":"FILE_CLOSED","file":"/java-annotations_checkpoint.properties","tags":{"FILE_LINE_OF_CODE":"5"}}
{"ts":1755839327348,"action":"FILE_OPENED","file":"/mysql-connector-j_checkpoint.properties","tags":{"FILE_LINE_OF_CODE":"5"}}
{"ts":1755839329563,"action":"FILE_CLOSED","file":"/mysql-connector-j_checkpoint.properties","tags":{"FILE_LINE_OF_CODE":"5"}}
{"ts":1755839329579,"action":"FILE_OPENED","file":"/testng_checkpoint.properties","tags":{"FILE_LINE_OF_CODE":"5"}}
{"ts":1755839332691,"action":"IDE_DEACTIVATED"}
{"ts":1755884957862,"action":"IDE_ACTIVATED"}
{"ts":1755884959255,"action":"IDE_DEACTIVATED"}
{"ts":1755884960040,"action":"IDE_ACTIVATED"}
{"ts":1755884971065,"action":"IDE_DEACTIVATED"}
{"ts":1755892392325,"action":"IDE_ACTIVATED"}
{"ts":1755892398642,"action":"IDE_DEACTIVATED"}
{"ts":1755892428251,"action":"IDE_ACTIVATED"}
{"ts":1755892430279,"action":"IDE_DEACTIVATED"}
{"ts":1755935732357,"action":"IDE_ACTIVATED"}
{"ts":1755935738551,"action":"IDE_DEACTIVATED"}
{"ts":1755935739257,"action":"IDE_ACTIVATED"}
{"ts":1755935752956,"action":"IDE_DEACTIVATED"}
{"ts":1755942395487,"action":"IDE_ACTIVATED"}
{"ts":1755942452032,"action":"IDE_DEACTIVATED"}
{"ts":1755944841494,"action":"IDE_ACTIVATED"}
{"ts":1755944843070,"action":"IDE_DEACTIVATED"}
{"ts":1755944843431,"action":"IDE_ACTIVATED"}
{"ts":1755944846394,"action":"IDE_DEACTIVATED"}
{"ts":1755944848878,"action":"IDE_ACTIVATED"}
{"ts":1755944850842,"action":"IDE_DEACTIVATED"}
{"ts":1755946482104,"action":"IDE_ACTIVATED"}
{"ts":1755946483152,"action":"IDE_DEACTIVATED"}
{"ts":1755946497480,"action":"IDE_ACTIVATED"}
{"ts":1755946556913,"action":"IDE_DEACTIVATED"}
{"ts":1755947098379,"action":"IDE_ACTIVATED"}
{"ts":1755947100757,"action":"IDE_DEACTIVATED"}
{"ts":1755955613249,"action":"IDE_ACTIVATED"}
{"ts":1755955617395,"action":"IDE_DEACTIVATED"}
{"ts":1755955625916,"action":"IDE_ACTIVATED"}
{"ts":1755955626420,"action":"IDE_DEACTIVATED"}
{"ts":1755959140877,"action":"IDE_ACTIVATED"}
{"ts":1755959141688,"action":"IDE_DEACTIVATED"}
{"ts":1755959186415,"action":"IDE_ACTIVATED"}
{"ts":1755959188001,"action":"IDE_DEACTIVATED"}
{"ts":1755959188063,"action":"IDE_ACTIVATED"}
{"ts":1755959189593,"action":"IDE_DEACTIVATED"}
{"ts":1755959189635,"action":"IDE_ACTIVATED"}
{"ts":1755959190428,"action":"IDE_DEACTIVATED"}
{"ts":1755959195862,"action":"IDE_ACTIVATED"}
{"ts":1755959196124,"action":"IDE_DEACTIVATED"}
{"ts":1755959196214,"action":"IDE_ACTIVATED"}
{"ts":1755959198023,"action":"IDE_DEACTIVATED"}
{"ts":1755959238385,"action":"IDE_ACTIVATED"}
{"ts":1755959238824,"action":"IDE_DEACTIVATED"}
{"ts":1755959239046,"action":"IDE_ACTIVATED"}
{"ts":1755959239510,"action":"IDE_DEACTIVATED"}
{"ts":1755959259416,"action":"IDE_ACTIVATED"}
{"ts":1755959276183,"action":"IDE_DEACTIVATED"}
{"ts":1755959282876,"action":"IDE_ACTIVATED"}
{"ts":1755959289303,"action":"IDE_DEACTIVATED"}
{"ts":1755959846928,"action":"IDE_ACTIVATED"}
{"ts":1755959852802,"action":"IDE_DEACTIVATED"}
{"ts":1755960036506,"action":"IDE_ACTIVATED"}
{"ts":1755960042185,"action":"IDE_DEACTIVATED"}
{"ts":1755961414078,"action":"IDE_ACTIVATED"}
{"ts":1755961414901,"action":"IDE_DEACTIVATED"}
{"ts":1755961415540,"action":"IDE_ACTIVATED"}
{"ts":1755961416273,"action":"IDE_DEACTIVATED"}
{"ts":1755961531646,"action":"IDE_ACTIVATED"}
{"ts":1755961534638,"action":"IDE_DEACTIVATED"}
{"ts":1755964076402,"action":"IDE_ACTIVATED"}
{"ts":1755964080111,"action":"IDE_DEACTIVATED"}
{"ts":1755964656284,"action":"IDE_ACTIVATED"}
{"ts":1755964663573,"action":"IDE_DEACTIVATED"}
{"ts":1755964831467,"action":"IDE_ACTIVATED"}
{"ts":1755964832666,"action":"IDE_DEACTIVATED"}
{"ts":1755965336076,"action":"IDE_ACTIVATED"}
{"ts":1755965338283,"action":"IDE_DEACTIVATED"}
{"ts":1755965631492,"action":"IDE_ACTIVATED"}
{"ts":1755965634707,"action":"IDE_DEACTIVATED"}
{"ts":1755965890912,"action":"IDE_ACTIVATED"}
{"ts":1755965892883,"action":"IDE_DEACTIVATED"}
{"ts":1755966124863,"action":"IDE_ACTIVATED"}
{"ts":1755966125271,"action":"IDE_DEACTIVATED"}
{"ts":1755966125348,"action":"IDE_ACTIVATED"}
{"ts":1755966126379,"action":"IDE_DEACTIVATED"}
{"ts":1755966133588,"action":"IDE_ACTIVATED"}
{"ts":1755966134218,"action":"IDE_DEACTIVATED"}
{"ts":1755966259483,"action":"IDE_ACTIVATED"}
{"ts":1755966273851,"action":"IDE_DEACTIVATED"}
{"ts":1755966364139,"action":"IDE_ACTIVATED"}
{"ts":1755966364640,"action":"IDE_DEACTIVATED"}
{"ts":1755966386933,"action":"IDE_ACTIVATED"}
{"ts":1755966387682,"action":"IDE_DEACTIVATED"}
{"ts":1755966387949,"action":"IDE_ACTIVATED"}
{"ts":1755966404846,"action":"IDE_DEACTIVATED"}
{"ts":1755966405747,"action":"IDE_ACTIVATED"}
{"ts":1755966408460,"action":"IDE_DEACTIVATED"}
{"ts":1755966417283,"action":"IDE_ACTIVATED"}
{"ts":1755966418584,"action":"IDE_DEACTIVATED"}
{"ts":1755966430047,"action":"IDE_ACTIVATED"}
{"ts":1755966431217,"action":"IDE_DEACTIVATED"}
{"ts":1755966504957,"action":"IDE_ACTIVATED"}
{"ts":1755966507147,"action":"PROJECT_CLOSED","tags":{"PROJECT_NAME":"Parsing — kopia — kopia"}}
{"ts":1755966575990,"action":"FILE_OPENED","file":"/testng_checkpoint.properties","tags":{"FILE_LINE_OF_CODE":"5"}}
{"ts":1755966577397,"action":"IDE_DEACTIVATED"}
{"ts":1755966579820,"action":"IDE_ACTIVATED"}
{"ts":1755966581024,"action":"IDE_DEACTIVATED"}
{"ts":1755966590870,"action":"PROJECT_OPENED","tags":{"PROJECT_NAME":"Parsing — kopia — kopia"}}
{"ts":1755966594114,"action":"FILE_CLOSED","file":"/testng_checkpoint.properties","tags":{"FILE_LINE_OF_CODE":"5"}}
{"ts":1755966594114,"action":"FILE_OPENED","file":"/logsy.txt","tags":{"FILE_LINE_OF_CODE":"90310"}}
{"ts":1755966594164,"action":"FILE_CLOSED","file":"/logsy.txt","tags":{"FILE_LINE_OF_CODE":"90310"}}
{"ts":1755966594188,"action":"IDE_ACTIVATED"}
{"ts":1755966684831,"action":"FILE_OPENED","file":"/testng_checkpoint.properties","tags":{"FILE_LINE_OF_CODE":"5"}}
{"ts":1755966689056,"action":"PROJECT_OPENED","tags":{"PROJECT_NAME":"Parsing — kopia — kopia"}}
{"ts":1755966692254,"action":"FILE_CLOSED","file":"/testng_checkpoint.properties","tags":{"FILE_LINE_OF_CODE":"5"}}
{"ts":1755966692254,"action":"FILE_OPENED","file":"/logsy.txt","tags":{"FILE_LINE_OF_CODE":"90310"}}
{"ts":1755966692397,"action":"FILE_CLOSED","file":"/logsy.txt","tags":{"FILE_LINE_OF_CODE":"90310"}}
{"ts":1755966717015,"action":"IDE_DEACTIVATED"}
{"ts":1755966718199,"action":"IDE_ACTIVATED"}
{"ts":1755966721024,"action":"FILE_OPENED","file":"/spring-framework_manual_log.csv","tags":{"FILE_LINE_OF_CODE":"null"}}
{"ts":1755966734110,"action":"IDE_DEACTIVATED"}
{"ts":1755966739347,"action":"IDE_ACTIVATED"}
{"ts":1755966754474,"action":"IDE_DEACTIVATED"}
{"ts":1755966757478,"action":"IDE_ACTIVATED"}
{"ts":1755966770788,"action":"IDE_DEACTIVATED"}
{"ts":1755966772060,"action":"IDE_ACTIVATED"}
{"ts":1755966836395,"action":"IDE_DEACTIVATED"}
{"ts":1755966841890,"action":"IDE_ACTIVATED"}
{"ts":1755966863356,"action":"IDE_DEACTIVATED"}
{"ts":1755966864604,"action":"IDE_ACTIVATED"}
{"ts":1755966864817,"action":"IDE_DEACTIVATED"}
{"ts":1755966865920,"action":"IDE_ACTIVATED"}
{"ts":1755966866173,"action":"IDE_DEACTIVATED"}
{"ts":1755966866552,"action":"IDE_ACTIVATED"}
{"ts":1755966867461,"action":"IDE_DEACTIVATED"}
{"ts":1755966886734,"action":"IDE_ACTIVATED"}
{"ts":1755966893125,"action":"IDE_DEACTIVATED"}
{"ts":1755966895369,"action":"IDE_ACTIVATED"}
{"ts":1755966898789,"action":"IDE_DEACTIVATED"}
{"ts":1755966902426,"action":"IDE_ACTIVATED"}
{"ts":1755966905033,"action":"IDE_DEACTIVATED"}
{"ts":1755966908707,"action":"IDE_ACTIVATED"}
{"ts":1755966912140,"action":"IDE_DEACTIVATED"}
{"ts":1755966913405,"action":"IDE_ACTIVATED"}
{"ts":1755966917705,"action":"IDE_DEACTIVATED"}
{"ts":1755966920376,"action":"IDE_ACTIVATED"}
{"ts":1755966923496,"action":"IDE_DEACTIVATED"}
{"ts":1755966924450,"action":"IDE_ACTIVATED"}
{"ts":1755966927639,"action":"IDE_DEACTIVATED"}
{"ts":1755966930377,"action":"IDE_ACTIVATED"}
{"ts":1755967015474,"action":"IDE_DEACTIVATED"}
{"ts":1755967018477,"action":"IDE_ACTIVATED"}
{"ts":1755967068621,"action":"FILE_CLOSED","file":"/spring-framework_manual_log.csv","tags":{"FILE_LINE_OF_CODE":"null"}}
{"ts":1755967068731,"action":"FILE_OPENED","file":"/compare_logs.py","tags":{"FILE_LINE_OF_CODE":"75"}}
{"ts":1755967184844,"action":"FILE_CLOSED","file":"/compare_logs.py","tags":{"FILE_LINE_OF_CODE":"66"}}
{"ts":1755967184907,"action":"FILE_OPENED","file":"/src/main/java/com/yourcompany/game/HistoricalAnalyzer.java","tags":{"FILE_LINE_OF_CODE":"291"}}
{"ts":1755967218135,"action":"IDE_DEACTIVATED"}
{"ts":1755967231428,"action":"IDE_ACTIVATED"}
{"ts":1755967428367,"action":"IDE_DEACTIVATED"}
{"ts":1755967431852,"action":"IDE_ACTIVATED"}
{"ts":1755967587927,"action":"FILE_CLOSED","file":"/src/main/java/com/yourcompany/game/HistoricalAnalyzer.java","tags":{"FILE_LINE_OF_CODE":"310"}}
{"ts":1755967588548,"action":"FILE_OPENED","file":"/remove_duplicates.py","tags":{"FILE_LINE_OF_CODE":"170"}}
{"ts":1755967805888,"action":"IDE_DEACTIVATED"}
{"ts":1755967806348,"action":"IDE_ACTIVATED"}
{"ts":1755967811422,"action":"IDE_DEACTIVATED"}
{"ts":1755967812029,"action":"IDE_ACTIVATED"}
{"ts":1755967812911,"action":"IDE_DEACTIVATED"}
{"ts":1755967813497,"action":"IDE_ACTIVATED"}
{"ts":1755967813611,"action":"IDE_DEACTIVATED"}
{"ts":1755967815112,"action":"IDE_ACTIVATED"}
{"ts":1755967817669,"action":"IDE_DEACTIVATED"}
{"ts":1755967819746,"action":"IDE_ACTIVATED"}
{"ts":1755967821080,"action":"IDE_DEACTIVATED"}
{"ts":1755967821611,"action":"IDE_ACTIVATED"}
{"ts":1755967822334,"action":"IDE_DEACTIVATED"}
{"ts":1755967822842,"action":"IDE_ACTIVATED"}
{"ts":1755967822842,"action":"FILE_CLOSED","file":"/remove_duplicates.py","tags":{"FILE_LINE_OF_CODE":"0"}}
{"ts":1755967823016,"action":"FILE_OPENED","file":"/check_spring_duplicates.bat","tags":{"FILE_LINE_OF_CODE":"47"}}
{"ts":1755967872221,"action":"FILE_CLOSED","file":"/check_spring_duplicates.bat","tags":{"FILE_LINE_OF_CODE":"47"}}
{"ts":1755967872334,"action":"FILE_OPENED","file":"/check_spring_windows.bat","tags":{"FILE_LINE_OF_CODE":"35"}}
{"ts":1755967955582,"action":"IDE_DEACTIVATED"}
{"ts":1755967958721,"action":"IDE_ACTIVATED"}
{"ts":1755967971367,"action":"IDE_DEACTIVATED"}
{"ts":1755968012061,"action":"IDE_ACTIVATED"}
{"ts":1755968048513,"action":"IDE_DEACTIVATED"}
{"ts":1755968057099,"action":"IDE_ACTIVATED"}
{"ts":1755968095900,"action":"IDE_DEACTIVATED"}
{"ts":1755968101634,"action":"IDE_ACTIVATED"}
{"ts":1755968118274,"action":"IDE_DEACTIVATED"}
{"ts":1755968121024,"action":"IDE_ACTIVATED"}
{"ts":1755968122408,"action":"IDE_DEACTIVATED"}
{"ts":1755968142011,"action":"IDE_ACTIVATED"}
{"ts":1755968223596,"action":"IDE_DEACTIVATED"}
{"ts":1755968229276,"action":"IDE_ACTIVATED"}
{"ts":1755968247387,"action":"FILE_CLOSED","file":"/check_spring_windows.bat","tags":{"FILE_LINE_OF_CODE":"82"}}
{"ts":1755968247401,"action":"FILE_OPENED","file":"/src/main/java/com/yourcompany/game/AbstractFeatureAnalyzer.java","tags":{"FILE_LINE_OF_CODE":"106"}}
{"ts":1755968368980,"action":"FILE_CLOSED","file":"/src/main/java/com/yourcompany/game/AbstractFeatureAnalyzer.java","tags":{"FILE_LINE_OF_CODE":"106"}}
{"ts":1755968368988,"action":"FILE_OPENED","file":"/spring-framework_manual_log.csv","tags":{"FILE_LINE_OF_CODE":"null"}}
{"ts":1755968466246,"action":"IDE_DEACTIVATED"}
{"ts":1755968467246,"action":"IDE_ACTIVATED"}
{"ts":1755968542042,"action":"FILE_CLOSED","file":"/spring-framework_manual_log.csv","tags":{"FILE_LINE_OF_CODE":"null"}}
{"ts":1755968542058,"action":"FILE_OPENED","file":"/spring-framework_checkpoint.properties","tags":{"FILE_LINE_OF_CODE":"5"}}
{"ts":1755968543328,"action":"FILE_CLOSED","file":"/spring-framework_checkpoint.properties","tags":{"FILE_LINE_OF_CODE":"5"}}
{"ts":1755968543341,"action":"FILE_OPENED","file":"/spring-framework_manual_log.csv","tags":{"FILE_LINE_OF_CODE":"null"}}
{"ts":1755968776124,"action":"IDE_DEACTIVATED"}
{"ts":1755968778032,"action":"IDE_ACTIVATED"}
{"ts":1755968878964,"action":"FILE_CLOSED","file":"/spring-framework_manual_log.csv","tags":{"FILE_LINE_OF_CODE":"null"}}
{"ts":1755968878980,"action":"FILE_OPENED","file":"/spring-framework_checkpoint.properties","tags":{"FILE_LINE_OF_CODE":"5"}}
{"ts":1755968879823,"action":"FILE_CLOSED","file":"/spring-framework_checkpoint.properties","tags":{"FILE_LINE_OF_CODE":"5"}}
{"ts":1755968879839,"action":"FILE_OPENED","file":"/spring-framework_manual_log.csv","tags":{"FILE_LINE_OF_CODE":"null"}}
{"ts":1755968881863,"action":"FILE_CLOSED","file":"/spring-framework_manual_log.csv","tags":{"FILE_LINE_OF_CODE":"null"}}
{"ts":1755968881880,"action":"FILE_OPENED","file":"/spring-framework_checkpoint.properties","tags":{"FILE_LINE_OF_CODE":"5"}}
{"ts":1755968884302,"action":"FILE_CLOSED","file":"/spring-framework_checkpoint.properties","tags":{"FILE_LINE_OF_CODE":"5"}}
{"ts":1755968884302,"action":"FILE_OPENED","file":"/spring-framework_manual_log.csv","tags":{"FILE_LINE_OF_CODE":"null"}}
{"ts":1755968901265,"action":"IDE_DEACTIVATED"}
{"ts":1755968901879,"action":"IDE_ACTIVATED"}
{"ts":1755968938389,"action":"FILE_CLOSED","file":"/spring-framework_manual_log.csv","tags":{"FILE_LINE_OF_CODE":"null"}}
{"ts":1755968938405,"action":"FILE_OPENED","file":"/spring-framework_checkpoint.properties","tags":{"FILE_LINE_OF_CODE":"5"}}
{"ts":1755968939318,"action":"FILE_CLOSED","file":"/spring-framework_checkpoint.properties","tags":{"FILE_LINE_OF_CODE":"5"}}
{"ts":1755968939318,"action":"FILE_OPENED","file":"/spring-framework_manual_log.csv","tags":{"FILE_LINE_OF_CODE":"null"}}
{"ts":1755968941545,"action":"FILE_OPENED","file":"/src/main/java/com/yourcompany/game/AbstractFeatureAnalyzer.java","tags":{"FILE_LINE_OF_CODE":"106"}}
{"ts":1755968941797,"action":"FILE_CLOSED","file":"/src/main/java/com/yourcompany/game/AbstractFeatureAnalyzer.java","tags":{"FILE_LINE_OF_CODE":"106"}}
{"ts":1755968941813,"action":"FILE_OPENED","file":"/spring-framework_checkpoint.properties","tags":{"FILE_LINE_OF_CODE":"5"}}
{"ts":1755968942811,"action":"FILE_OPENED","file":"/src/main/java/com/yourcompany/game/AbstractFeatureAnalyzer.java","tags":{"FILE_LINE_OF_CODE":"106"}}
{"ts":1755968953156,"action":"IDE_DEACTIVATED"}
{"ts":1755968966127,"action":"IDE_ACTIVATED"}
{"ts":1755968973046,"action":"IDE_DEACTIVATED"}
{"ts":1755968973475,"action":"IDE_ACTIVATED"}
{"ts":1755968973560,"action":"IDE_DEACTIVATED"}
{"ts":1755968976979,"action":"IDE_ACTIVATED"}
{"ts":1755968978301,"action":"IDE_DEACTIVATED"}
{"ts":1755968981312,"action":"IDE_ACTIVATED"}
{"ts":1755968986637,"action":"IDE_DEACTIVATED"}
{"ts":1755968987608,"action":"IDE_ACTIVATED"}
{"ts":1755968988609,"action":"IDE_DEACTIVATED"}
{"ts":1755969080938,"action":"IDE_ACTIVATED"}
{"ts":1755969085121,"action":"FILE_CLOSED","file":"/src/main/java/com/yourcompany/game/AbstractFeatureAnalyzer.java","tags":{"FILE_LINE_OF_CODE":"106"}}
{"ts":1755969085130,"action":"FILE_OPENED","file":"/spring-framework_manual_log.csv","tags":{"FILE_LINE_OF_CODE":"null"}}
{"ts":1755969086076,"action":"FILE_CLOSED","file":"/spring-framework_manual_log.csv","tags":{"FILE_LINE_OF_CODE":"null"}}
{"ts":1755969086080,"action":"FILE_OPENED","file":"/snakeyaml_manual_log.csv","tags":{"FILE_LINE_OF_CODE":"null"}}
{"ts":1755969088405,"action":"FILE_CLOSED","file":"/snakeyaml_manual_log.csv","tags":{"FILE_LINE_OF_CODE":"null"}}
{"ts":1755969088408,"action":"FILE_OPENED","file":"/slf4j_manual_log.csv","tags":{"FILE_LINE_OF_CODE":"null"}}
{"ts":1755969115814,"action":"IDE_DEACTIVATED"}
{"ts":1755969116247,"action":"IDE_ACTIVATED"}
{"ts":1755969119038,"action":"FILE_CLOSED","file":"/slf4j_manual_log.csv","tags":{"FILE_LINE_OF_CODE":"null"}}
{"ts":1755969119904,"action":"FILE_OPENED","file":"/raport.md","tags":{"FILE_LINE_OF_CODE":"98"}}
{"ts":1755969120799,"action":"FILE_CLOSED","file":"/raport.md","tags":{"FILE_LINE_OF_CODE":"98"}}
{"ts":1755969120814,"action":"FILE_OPENED","file":"/pom.xml","tags":{"FILE_LINE_OF_CODE":"94"}}
{"ts":1755969121183,"action":"FILE_CLOSED","file":"/pom.xml","tags":{"FILE_LINE_OF_CODE":"94"}}
{"ts":1755969121187,"action":"FILE_OPENED","file":"/pgjdbc_manual_log.csv","tags":{"FILE_LINE_OF_CODE":"null"}}
{"ts":1755969122835,"action":"IDE_DEACTIVATED"}
{"ts":1755969123297,"action":"IDE_ACTIVATED"}
{"ts":1755969130142,"action":"FILE_CLOSED","file":"/pgjdbc_manual_log.csv","tags":{"FILE_LINE_OF_CODE":"null"}}
{"ts":1755969130150,"action":"FILE_OPENED","file":"/mockito_manual_log.csv","tags":{"FILE_LINE_OF_CODE":"null"}}
{"ts":1755969143187,"action":"IDE_DEACTIVATED"}
{"ts":1755969143270,"action":"IDE_ACTIVATED"}
{"ts":1755969144849,"action":"IDE_DEACTIVATED"}
{"ts":1755969144930,"action":"IDE_ACTIVATED"}
{"ts":1755969177990,"action":"IDE_DEACTIVATED"}
{"ts":1755969178069,"action":"IDE_ACTIVATED"}
{"ts":1755969181442,"action":"IDE_DEACTIVATED"}
{"ts":1755969181526,"action":"IDE_ACTIVATED"}
{"ts":1755969189694,"action":"IDE_DEACTIVATED"}
{"ts":1755969189771,"action":"IDE_ACTIVATED"}
{"ts":1755969191678,"action":"IDE_DEACTIVATED"}
{"ts":1755969191748,"action":"IDE_ACTIVATED"}
{"ts":1755969203171,"action":"FILE_CLOSED","file":"/mockito_manual_log.csv","tags":{"FILE_LINE_OF_CODE":"null"}}
{"ts":1755969203175,"action":"FILE_OPENED","file":"/maven-plugin-tools_manual_log.csv","tags":{"FILE_LINE_OF_CODE":"null"}}
{"ts":1755969204121,"action":"FILE_CLOSED","file":"/maven-plugin-tools_manual_log.csv","tags":{"FILE_LINE_OF_CODE":"null"}}
{"ts":1755969204124,"action":"FILE_OPENED","file":"/lombok_manual_log.csv","tags":{"FILE_LINE_OF_CODE":"null"}}
{"ts":1755969208261,"action":"FILE_CLOSED","file":"/lombok_manual_log.csv","tags":{"FILE_LINE_OF_CODE":"null"}}
{"ts":1755969208265,"action":"FILE_OPENED","file":"/logging-log4j2_manual_log.csv","tags":{"FILE_LINE_OF_CODE":"null"}}
{"ts":1755969220570,"action":"IDE_DEACTIVATED"}
{"ts":1755969250865,"action":"IDE_ACTIVATED"}
{"ts":1755969258558,"action":"IDE_DEACTIVATED"}
{"ts":1755969259299,"action":"IDE_ACTIVATED"}
{"ts":1755969260758,"action":"IDE_DEACTIVATED"}
{"ts":1755969261502,"action":"IDE_ACTIVATED"}
{"ts":1755969262189,"action":"IDE_DEACTIVATED"}
{"ts":1755969262739,"action":"IDE_ACTIVATED"}
{"ts":1755969265624,"action":"FILE_CLOSED","file":"/logging-log4j2_manual_log.csv","tags":{"FILE_LINE_OF_CODE":"null"}}
{"ts":1755969265629,"action":"FILE_OPENED","file":"/mockito_manual_log.csv","tags":{"FILE_LINE_OF_CODE":"null"}}
{"ts":1755969269726,"action":"IDE_DEACTIVATED"}
{"ts":1755969270281,"action":"IDE_ACTIVATED"}
{"ts":1755969270467,"action":"IDE_DEACTIVATED"}
{"ts":1755969270700,"action":"IDE_ACTIVATED"}
{"ts":1755969271934,"action":"IDE_DEACTIVATED"}
{"ts":1755969272022,"action":"IDE_ACTIVATED"}
{"ts":1755969275186,"action":"IDE_DEACTIVATED"}
{"ts":1755969275260,"action":"IDE_ACTIVATED"}
{"ts":1755969277424,"action":"IDE_DEACTIVATED"}
{"ts":1755969277541,"action":"IDE_ACTIVATED"}
{"ts":1755969277929,"action":"IDE_DEACTIVATED"}
{"ts":1755969282268,"action":"IDE_ACTIVATED"}
{"ts":1755969283096,"action":"IDE_DEACTIVATED"}
{"ts":1755969289179,"action":"IDE_ACTIVATED"}
{"ts":1755969290400,"action":"IDE_DEACTIVATED"}
{"ts":1755969291001,"action":"IDE_ACTIVATED"}
{"ts":1755969292607,"action":"IDE_DEACTIVATED"}
{"ts":1755969293138,"action":"IDE_ACTIVATED"}
{"ts":1755969297012,"action":"IDE_DEACTIVATED"}
{"ts":1755969297648,"action":"IDE_ACTIVATED"}
{"ts":1755969298367,"action":"IDE_DEACTIVATED"}
{"ts":1755969301583,"action":"IDE_ACTIVATED"}
{"ts":1755969303147,"action":"IDE_DEACTIVATED"}
{"ts":1755969304137,"action":"IDE_ACTIVATED"}
{"ts":1755969307040,"action":"IDE_DEACTIVATED"}
{"ts":1755969310640,"action":"IDE_ACTIVATED"}
{"ts":1755969315700,"action":"IDE_DEACTIVATED"}
{"ts":1755969411556,"action":"IDE_ACTIVATED"}
{"ts":1755969413215,"action":"IDE_DEACTIVATED"}
{"ts":1755969413550,"action":"IDE_ACTIVATED"}
{"ts":1755969433723,"action":"IDE_DEACTIVATED"}
{"ts":1755969433809,"action":"IDE_ACTIVATED"}
{"ts":1755969434181,"action":"IDE_DEACTIVATED"}
{"ts":1755969434276,"action":"IDE_ACTIVATED"}
{"ts":1755969441006,"action":"IDE_DEACTIVATED"}
{"ts":1755969442457,"action":"IDE_ACTIVATED"}
{"ts":1755969443096,"action":"IDE_DEACTIVATED"}
{"ts":1755969443314,"action":"IDE_ACTIVATED"}
{"ts":1755969448453,"action":"IDE_DEACTIVATED"}
{"ts":1755969449943,"action":"IDE_ACTIVATED"}
{"ts":1755969465556,"action":"FILE_CLOSED","file":"/mockito_manual_log.csv","tags":{"FILE_LINE_OF_CODE":"null"}}
{"ts":1755969465556,"action":"FILE_OPENED","file":"/src/main/java/com/yourcompany/game/AbstractFeatureAnalyzer.java","tags":{"FILE_LINE_OF_CODE":"106"}}
{"ts":1755969465576,"action":"FILE_CLOSED","file":"/src/main/java/com/yourcompany/game/AbstractFeatureAnalyzer.java","tags":{"FILE_LINE_OF_CODE":"106"}}
{"ts":1755969465594,"action":"FILE_OPENED","file":"/mockito_checkpoint.properties","tags":{"FILE_LINE_OF_CODE":"5"}}
{"ts":1755969488233,"action":"IDE_DEACTIVATED"}
{"ts":1755969488801,"action":"IDE_ACTIVATED"}
{"ts":1755969491184,"action":"IDE_DEACTIVATED"}
{"ts":1755969491417,"action":"IDE_ACTIVATED"}
{"ts":1755969526646,"action":"FILE_CLOSED","file":"/mockito_checkpoint.properties","tags":{"FILE_LINE_OF_CODE":"6"}}
{"ts":1755969526646,"action":"FILE_OPENED","file":"/src/main/java/com/yourcompany/game/AbstractFeatureAnalyzer.java","tags":{"FILE_LINE_OF_CODE":"106"}}
{"ts":1755969531215,"action":"IDE_DEACTIVATED"}
{"ts":1755969538090,"action":"IDE_ACTIVATED"}
{"ts":1755969543765,"action":"FILE_CLOSED","file":"/src/main/java/com/yourcompany/game/AbstractFeatureAnalyzer.java","tags":{"FILE_LINE_OF_CODE":"106"}}
{"ts":1755969543769,"action":"FILE_OPENED","file":"/spring-framework_manual_log.csv","tags":{"FILE_LINE_OF_CODE":"null"}}
{"ts":1755969544737,"action":"FILE_CLOSED","file":"/spring-framework_manual_log.csv","tags":{"FILE_LINE_OF_CODE":"null"}}
{"ts":1755969544762,"action":"FILE_OPENED","file":"/spring-framework_checkpoint.properties","tags":{"FILE_LINE_OF_CODE":"5"}}
{"ts":1755969559747,"action":"FILE_CLOSED","file":"/spring-framework_checkpoint.properties","tags":{"FILE_LINE_OF_CODE":"5"}}
{"ts":1755969559766,"action":"FILE_OPENED","file":"/mockito_checkpoint.properties","tags":{"FILE_LINE_OF_CODE":"6"}}
{"ts":1755969560771,"action":"FILE_CLOSED","file":"/mockito_checkpoint.properties","tags":{"FILE_LINE_OF_CODE":"6"}}
{"ts":1755969560775,"action":"FILE_OPENED","file":"/mockito_manual_log.csv","tags":{"FILE_LINE_OF_CODE":"null"}}
{"ts":1755969561426,"action":"FILE_CLOSED","file":"/mockito_manual_log.csv","tags":{"FILE_LINE_OF_CODE":"null"}}
{"ts":1755969561444,"action":"FILE_OPENED","file":"/mockito_checkpoint.properties","tags":{"FILE_LINE_OF_CODE":"6"}}
{"ts":1755969572951,"action":"FILE_CLOSED","file":"/mockito_checkpoint.properties","tags":{"FILE_LINE_OF_CODE":"6"}}
{"ts":1755969572961,"action":"FILE_OPENED","file":"/mockito_manual_log.csv","tags":{"FILE_LINE_OF_CODE":"null"}}
{"ts":1755969597067,"action":"IDE_DEACTIVATED"}
{"ts":1755969597576,"action":"IDE_ACTIVATED"}
{"ts":1755969597802,"action":"IDE_DEACTIVATED"}
{"ts":1755969598024,"action":"IDE_ACTIVATED"}
{"ts":1755969601178,"action":"IDE_DEACTIVATED"}
{"ts":1755969602180,"action":"IDE_ACTIVATED"}
{"ts":1755969608369,"action":"IDE_DEACTIVATED"}
{"ts":1755969608613,"action":"IDE_ACTIVATED"}
{"ts":1755969609088,"action":"IDE_DEACTIVATED"}
{"ts":1755969609187,"action":"IDE_ACTIVATED"}
{"ts":1755969609530,"action":"IDE_DEACTIVATED"}
{"ts":1755969611317,"action":"IDE_ACTIVATED"}
{"ts":1755969612241,"action":"IDE_DEACTIVATED"}
{"ts":1755969613379,"action":"IDE_ACTIVATED"}
{"ts":1755969631475,"action":"IDE_DEACTIVATED"}
{"ts":1755969632041,"action":"IDE_ACTIVATED"}
{"ts":1755969632193,"action":"IDE_DEACTIVATED"}
{"ts":1755969632385,"action":"IDE_ACTIVATED"}
{"ts":1755969633316,"action":"IDE_DEACTIVATED"}
{"ts":1755969633409,"action":"IDE_ACTIVATED"}
{"ts":1755969633646,"action":"IDE_DEACTIVATED"}
{"ts":1755969634317,"action":"IDE_ACTIVATED"}
{"ts":1755969713231,"action":"IDE_DEACTIVATED"}
{"ts":1755969713785,"action":"IDE_ACTIVATED"}
{"ts":1755969714113,"action":"IDE_DEACTIVATED"}
{"ts":1755969714720,"action":"IDE_ACTIVATED"}
{"ts":1755969722590,"action":"IDE_DEACTIVATED"}
{"ts":1755969723656,"action":"IDE_ACTIVATED"}
{"ts":1755969726323,"action":"IDE_DEACTIVATED"}
{"ts":1755969731615,"action":"IDE_ACTIVATED"}
{"ts":1755969735065,"action":"IDE_DEACTIVATED"}
{"ts":1755969738074,"action":"IDE_ACTIVATED"}
{"ts":1755969747482,"action":"IDE_DEACTIVATED"}
{"ts":1755969772457,"action":"IDE_ACTIVATED"}
{"ts":1755969776905,"action":"IDE_DEACTIVATED"}
{"ts":1755969777248,"action":"IDE_ACTIVATED"}
{"ts":1755969782607,"action":"IDE_DEACTIVATED"}
{"ts":1755969782958,"action":"IDE_ACTIVATED"}
{"ts":1755969787378,"action":"IDE_DEACTIVATED"}
{"ts":1755969787829,"action":"IDE_ACTIVATED"}
{"ts":1755969791201,"action":"FILE_CLOSED","file":"/mockito_manual_log.csv","tags":{"FILE_LINE_OF_CODE":"null"}}
{"ts":1755969792410,"action":"FILE_OPENED","file":"/spring-framework_manual_log.csv","tags":{"FILE_LINE_OF_CODE":"null"}}
{"ts":1755969793192,"action":"FILE_CLOSED","file":"/spring-framework_manual_log.csv","tags":{"FILE_LINE_OF_CODE":"null"}}
{"ts":1755969793192,"action":"FILE_OPENED","file":"/spring-framework_checkpoint.properties","tags":{"FILE_LINE_OF_CODE":"5"}}
{"ts":1755969801638,"action":"FILE_CLOSED","file":"/spring-framework_checkpoint.properties","tags":{"FILE_LINE_OF_CODE":"0"}}
{"ts":1755969801638,"action":"FILE_OPENED","file":"/spring-framework_manual_log.csv","tags":{"FILE_LINE_OF_CODE":"null"}}
{"ts":1755969802867,"action":"IDE_DEACTIVATED"}
{"ts":1755969843648,"action":"IDE_ACTIVATED"}
{"ts":1755969862339,"action":"IDE_DEACTIVATED"}
{"ts":1755969887649,"action":"IDE_ACTIVATED"}
{"ts":1755969913705,"action":"IDE_DEACTIVATED"}
{"ts":1755981858062,"action":"IDE_ACTIVATED"}
{"ts":1755981859042,"action":"IDE_DEACTIVATED"}
{"ts":1755982115852,"action":"IDE_ACTIVATED"}
{"ts":1755982118334,"action":"IDE_DEACTIVATED"}
{"ts":1755982121368,"action":"IDE_ACTIVATED"}
{"ts":1755982123694,"action":"FILE_CLOSED","file":"/spring-framework_manual_log.csv","tags":{"FILE_LINE_OF_CODE":"null"}}
{"ts":1755982123694,"action":"FILE_OPENED","file":"/mockito_checkpoint.properties","tags":{"FILE_LINE_OF_CODE":"5"}}
{"ts":1755982126625,"action":"IDE_DEACTIVATED"}
{"ts":1756024639720,"action":"IDE_ACTIVATED"}
{"ts":1756024641927,"action":"IDE_DEACTIVATED"}
{"ts":1756044329966,"action":"IDE_ACTIVATED"}
{"ts":1756044332436,"action":"IDE_DEACTIVATED"}
{"ts":1756044479585,"action":"IDE_ACTIVATED"}
{"ts":1756044482696,"action":"IDE_DEACTIVATED"}
{"ts":1756046013436,"action":"IDE_ACTIVATED"}
{"ts":1756046015325,"action":"IDE_DEACTIVATED"}
{"ts":1756050922571,"action":"IDE_ACTIVATED"}
{"ts":1756050922948,"action":"IDE_DEACTIVATED"}
{"ts":1756050925835,"action":"IDE_ACTIVATED"}
{"ts":1756050929405,"action":"IDE_DEACTIVATED"}
{"ts":1756053907272,"action":"IDE_ACTIVATED"}
{"ts":1756053908298,"action":"IDE_DEACTIVATED"}
{"ts":1756055179965,"action":"IDE_ACTIVATED"}
{"ts":1756055180994,"action":"IDE_DEACTIVATED"}
{"ts":1756055194197,"action":"IDE_ACTIVATED"}
{"ts":1756055194928,"action":"IDE_DEACTIVATED"}
{"ts":1756064504149,"action":"IDE_ACTIVATED"}
{"ts":1756064509005,"action":"IDE_DEACTIVATED"}
{"ts":1756064594047,"action":"IDE_ACTIVATED"}
{"ts":1756064596467,"action":"IDE_DEACTIVATED"}
{"ts":1756064625362,"action":"IDE_ACTIVATED"}
{"ts":1756064627976,"action":"IDE_DEACTIVATED"}
{"ts":1756065167365,"action":"IDE_ACTIVATED"}
{"ts":1756065168946,"action":"IDE_DEACTIVATED"}
{"ts":1756096159876,"action":"IDE_ACTIVATED"}
{"ts":1756096261379,"action":"IDE_DEACTIVATED"}
{"ts":1756096282912,"action":"IDE_ACTIVATED"}
{"ts":1756096286593,"action":"IDE_DEACTIVATED"}
{"ts":1756096309021,"action":"IDE_ACTIVATED"}
{"ts":1756096312214,"action":"IDE_DEACTIVATED"}
{"ts":1756096317496,"action":"IDE_ACTIVATED"}
{"ts":1756096318278,"action":"IDE_DEACTIVATED"}
{"ts":1756101377366,"action":"PROJECT_OPENED","tags":{"PROJECT_NAME":"Parsing — kopia — kopia"}}
{"ts":1756101413182,"action":"IDE_ACTIVATED"}
{"ts":1756101421120,"action":"IDE_DEACTIVATED"}
{"ts":1756101422717,"action":"IDE_ACTIVATED"}
{"ts":1756101426884,"action":"IDE_DEACTIVATED"}
{"ts":1756102167053,"action":"IDE_ACTIVATED"}
{"ts":1756102168360,"action":"IDE_DEACTIVATED"}
{"ts":1756103201075,"action":"IDE_ACTIVATED"}
{"ts":1756103201989,"action":"IDE_DEACTIVATED"}
{"ts":1756103262419,"action":"IDE_ACTIVATED"}
{"ts":1756103266710,"action":"FILE_OPENED","file":"/mockito_checkpoint.properties","tags":{"FILE_LINE_OF_CODE":"5"}}
{"ts":1756103266928,"action":"FILE_CLOSED","file":"/mockito_checkpoint.properties","tags":{"FILE_LINE_OF_CODE":"5"}}
{"ts":1756103266940,"action":"FILE_OPENED","file":"/mockito_manual_log.csv","tags":{"FILE_LINE_OF_CODE":"null"}}
{"ts":1756103289914,"action":"IDE_DEACTIVATED"}
{"ts":1756103297264,"action":"IDE_ACTIVATED"}
{"ts":1756103334282,"action":"IDE_DEACTIVATED"}
{"ts":1756103335376,"action":"IDE_ACTIVATED"}
{"ts":1756103336049,"action":"IDE_DEACTIVATED"}
{"ts":1756103341553,"action":"IDE_ACTIVATED"}
{"ts":1756103342775,"action":"IDE_DEACTIVATED"}
{"ts":1756103393101,"action":"IDE_ACTIVATED"}
{"ts":1756103847731,"action":"IDE_DEACTIVATED"}
{"ts":1756103848422,"action":"IDE_ACTIVATED"}
{"ts":1756104026331,"action":"IDE_DEACTIVATED"}
{"ts":1756104264397,"action":"IDE_ACTIVATED"}
{"ts":1756104269349,"action":"IDE_DEACTIVATED"}
{"ts":1756104925622,"action":"FILE_OPENED","file":"/mockito_manual_log.csv","tags":{"FILE_LINE_OF_CODE":"null"}}
{"ts":1756104926350,"action":"IDE_DEACTIVATED"}
{"ts":1756104929226,"action":"PROJECT_OPENED","tags":{"PROJECT_NAME":"Parsing — kopia — kopia"}}
{"ts":1756104937140,"action":"IDE_ACTIVATED"}
{"ts":1756104948812,"action":"IDE_DEACTIVATED"}
{"ts":1756105033221,"action":"IDE_ACTIVATED"}
{"ts":1756105034631,"action":"IDE_DEACTIVATED"}
{"ts":1756105040633,"action":"IDE_ACTIVATED"}
{"ts":1756105057514,"action":"IDE_DEACTIVATED"}
{"ts":1756105058505,"action":"IDE_ACTIVATED"}
{"ts":1756105058705,"action":"IDE_DEACTIVATED"}
{"ts":1756105945898,"action":"IDE_ACTIVATED"}
{"ts":1756105946684,"action":"IDE_DEACTIVATED"}
{"ts":1756107597042,"action":"IDE_ACTIVATED"}
{"ts":1756107838498,"action":"IDE_DEACTIVATED"}
{"ts":1756107889962,"action":"IDE_ACTIVATED"}
{"ts":1756107918359,"action":"IDE_DEACTIVATED"}
{"ts":1756107921971,"action":"IDE_ACTIVATED"}
{"ts":1756108053271,"action":"IDE_DEACTIVATED"}
{"ts":1756108096507,"action":"IDE_ACTIVATED"}
{"ts":1756108105955,"action":"FILE_CLOSED","file":"/mockito_manual_log.csv","tags":{"FILE_LINE_OF_CODE":"null"}}
{"ts":1756108106279,"action":"FILE_OPENED","file":"/src/main/java/com/yourcompany/game/SealedClassAnalyzer.java","tags":{"FILE_LINE_OF_CODE":"63"}}
{"ts":1756108192292,"action":"FILE_CLOSED","file":"/src/main/java/com/yourcompany/game/SealedClassAnalyzer.java","tags":{"FILE_LINE_OF_CODE":"94"}}
{"ts":1756108192573,"action":"FILE_OPENED","file":"/src/main/java/com/yourcompany/game/HistoricalAnalyzer.java","tags":{"FILE_LINE_OF_CODE":"310"}}
{"ts":1756108232862,"action":"FILE_CLOSED","file":"/src/main/java/com/yourcompany/game/HistoricalAnalyzer.java","tags":{"FILE_LINE_OF_CODE":"442"}}
{"ts":1756108233208,"action":"FILE_OPENED","file":"/src/main/java/com/yourcompany/game/App.java","tags":{"FILE_LINE_OF_CODE":"173"}}
{"ts":1756108279544,"action":"FILE_CLOSED","file":"/src/main/java/com/yourcompany/game/App.java","tags":{"FILE_LINE_OF_CODE":"220"}}
{"ts":1756108279544,"action":"FILE_OPENED","file":"/src/main/java/com/yourcompany/game/HistoricalAnalyzer.java","tags":{"FILE_LINE_OF_CODE":"442"}}
{"ts":1756108334170,"action":"IDE_DEACTIVATED"}
{"ts":1756108337050,"action":"IDE_ACTIVATED"}
{"ts":1756108404189,"action":"IDE_DEACTIVATED"}
{"ts":1756108405979,"action":"IDE_ACTIVATED"}
{"ts":1756108435775,"action":"IDE_DEACTIVATED"}
{"ts":1756108451170,"action":"IDE_ACTIVATED"}
{"ts":1756108460862,"action":"IDE_DEACTIVATED"}
{"ts":1756108466026,"action":"IDE_ACTIVATED"}
{"ts":1756108469867,"action":"FILE_CLOSED","file":"/src/main/java/com/yourcompany/game/HistoricalAnalyzer.java","tags":{"FILE_LINE_OF_CODE":"344"}}
{"ts":1756108473264,"action":"FILE_OPENED","file":"/mockito_specific_commit_log.csv","tags":{"FILE_LINE_OF_CODE":"null"}}
{"ts":1756108531929,"action":"IDE_DEACTIVATED"}
{"ts":1756108563495,"action":"IDE_ACTIVATED"}
{"ts":1756108678230,"action":"FILE_CLOSED","file":"/mockito_specific_commit_log.csv","tags":{"FILE_LINE_OF_CODE":"null"}}
{"ts":1756108678272,"action":"FILE_OPENED","file":"/src/main/java/com/yourcompany/game/PatternMatchingSwitchAnalyzer.java","tags":{"FILE_LINE_OF_CODE":"96"}}
{"ts":1756108701957,"action":"IDE_DEACTIVATED"}
{"ts":1756108711588,"action":"IDE_ACTIVATED"}
{"ts":1756108714184,"action":"IDE_DEACTIVATED"}
{"ts":1756108718501,"action":"IDE_ACTIVATED"}
{"ts":1756108766629,"action":"IDE_DEACTIVATED"}
{"ts":1756108768837,"action":"IDE_ACTIVATED"}
{"ts":1756108841586,"action":"IDE_DEACTIVATED"}
{"ts":1756108847837,"action":"IDE_ACTIVATED"}
{"ts":1756108883418,"action":"IDE_DEACTIVATED"}
{"ts":1756108884420,"action":"IDE_ACTIVATED"}
{"ts":1756108920772,"action":"IDE_DEACTIVATED"}
{"ts":1756108925713,"action":"IDE_ACTIVATED"}
{"ts":1756108935794,"action":"FILE_CLOSED","file":"/src/main/java/com/yourcompany/game/PatternMatchingSwitchAnalyzer.java","tags":{"FILE_LINE_OF_CODE":"108"}}
{"ts":1756108938014,"action":"FILE_OPENED","file":"/compare_version_logs.py","tags":{"FILE_LINE_OF_CODE":"221"}}
{"ts":1756108964513,"action":"IDE_DEACTIVATED"}
{"ts":1756108966354,"action":"IDE_ACTIVATED"}
{"ts":1756108966613,"action":"IDE_DEACTIVATED"}
{"ts":1756108967611,"action":"IDE_ACTIVATED"}
{"ts":1756108969260,"action":"IDE_DEACTIVATED"}
{"ts":1756108969907,"action":"IDE_ACTIVATED"}
{"ts":1756108995802,"action":"IDE_DEACTIVATED"}
{"ts":1756109041545,"action":"IDE_ACTIVATED"}
{"ts":1756109195915,"action":"IDE_DEACTIVATED"}
{"ts":1756109218758,"action":"IDE_ACTIVATED"}
{"ts":1756109325339,"action":"IDE_DEACTIVATED"}
{"ts":1756109331696,"action":"IDE_ACTIVATED"}
{"ts":1756109380995,"action":"FILE_CLOSED","file":"/compare_version_logs.py","tags":{"FILE_LINE_OF_CODE":"221"}}
{"ts":1756109381015,"action":"FILE_OPENED","file":"/src/main/java/com/yourcompany/game/AbstractFeatureAnalyzer.java","tags":{"FILE_LINE_OF_CODE":"106"}}
{"ts":1756109427663,"action":"IDE_DEACTIVATED"}
{"ts":1756109428353,"action":"IDE_ACTIVATED"}
{"ts":1756109430347,"action":"IDE_DEACTIVATED"}
{"ts":1756109517386,"action":"IDE_ACTIVATED"}
{"ts":1756109519555,"action":"FILE_CLOSED","file":"/src/main/java/com/yourcompany/game/AbstractFeatureAnalyzer.java","tags":{"FILE_LINE_OF_CODE":"106"}}
{"ts":1756109519578,"action":"FILE_OPENED","file":"/src/main/java/com/yourcompany/game/AbstractFeatureAnalyzer.java","tags":{"FILE_LINE_OF_CODE":"106"}}
{"ts":1756109806606,"action":"IDE_DEACTIVATED"}
{"ts":1756109816857,"action":"IDE_ACTIVATED"}
{"ts":1756109828912,"action":"IDE_DEACTIVATED"}
{"ts":1756109928651,"action":"IDE_ACTIVATED"}
{"ts":1756109950871,"action":"IDE_DEACTIVATED"}
{"ts":1756110005358,"action":"IDE_ACTIVATED"}
{"ts":1756110014142,"action":"IDE_DEACTIVATED"}
{"ts":1756110037326,"action":"IDE_ACTIVATED"}
{"ts":1756110040311,"action":"FILE_CLOSED","file":"/src/main/java/com/yourcompany/game/AbstractFeatureAnalyzer.java","tags":{"FILE_LINE_OF_CODE":"106"}}
{"ts":1756110042729,"action":"FILE_OPENED","file":"/compare_old_vs_new_logs.py","tags":{"FILE_LINE_OF_CODE":"409"}}
{"ts":1756110123791,"action":"IDE_DEACTIVATED"}
{"ts":1756110132073,"action":"IDE_ACTIVATED"}
{"ts":1756110179784,"action":"FILE_CLOSED","file":"/compare_old_vs_new_logs.py","tags":{"FILE_LINE_OF_CODE":"419"}}
{"ts":1756110179799,"action":"FILE_OPENED","file":"/comparing logs/new/JSON-java_manual_log.csv","tags":{"FILE_LINE_OF_CODE":"null"}}
{"ts":1756110181263,"action":"FILE_CLOSED","file":"/comparing logs/new/JSON-java_manual_log.csv","tags":{"FILE_LINE_OF_CODE":"null"}}
{"ts":1756110181263,"action":"FILE_OPENED","file":"/compare_old_vs_new_logs.py","tags":{"FILE_LINE_OF_CODE":"419"}}
{"ts":1756110185582,"action":"FILE_CLOSED","file":"/compare_old_vs_new_logs.py","tags":{"FILE_LINE_OF_CODE":"419"}}
{"ts":1756110185594,"action":"FILE_OPENED","file":"/comparing logs/old/JSON-java_manual_log.csv","tags":{"FILE_LINE_OF_CODE":"null"}}
{"ts":1756110187503,"action":"FILE_CLOSED","file":"/comparing logs/old/JSON-java_manual_log.csv","tags":{"FILE_LINE_OF_CODE":"null"}}
{"ts":1756110187503,"action":"FILE_OPENED","file":"/compare_old_vs_new_logs.py","tags":{"FILE_LINE_OF_CODE":"419"}}
{"ts":1756110195843,"action":"IDE_DEACTIVATED"}
{"ts":1756110197504,"action":"IDE_ACTIVATED"}
{"ts":1756110198148,"action":"IDE_DEACTIVATED"}
{"ts":1756110208673,"action":"IDE_ACTIVATED"}
{"ts":1756110212593,"action":"IDE_DEACTIVATED"}
{"ts":1756110347126,"action":"IDE_ACTIVATED"}
{"ts":1756110380774,"action":"FILE_CLOSED","file":"/compare_old_vs_new_logs.py","tags":{"FILE_LINE_OF_CODE":"440"}}
{"ts":1756110380812,"action":"FILE_OPENED","file":"/log_comparison_detailed_results.txt","tags":{"FILE_LINE_OF_CODE":"68"}}
{"ts":1756110387907,"action":"IDE_DEACTIVATED"}
{"ts":1756110437733,"action":"IDE_ACTIVATED"}
{"ts":1756110489626,"action":"IDE_DEACTIVATED"}
{"ts":1756110536859,"action":"IDE_ACTIVATED"}
{"ts":1756110570678,"action":"IDE_DEACTIVATED"}
{"ts":1756110587337,"action":"IDE_ACTIVATED"}
{"ts":1756110591623,"action":"FILE_CLOSED","file":"/log_comparison_detailed_results.txt","tags":{"FILE_LINE_OF_CODE":"68"}}
{"ts":1756110591623,"action":"FILE_OPENED","file":"/compare_old_vs_new_logs.py","tags":{"FILE_LINE_OF_CODE":"509"}}
{"ts":1756110605477,"action":"FILE_CLOSED","file":"/compare_old_vs_new_logs.py","tags":{"FILE_LINE_OF_CODE":"509"}}
{"ts":1756110605527,"action":"FILE_OPENED","file":"/log_comparison_detailed_results.txt","tags":{"FILE_LINE_OF_CODE":"68"}}
{"ts":1756110620210,"action":"FILE_OPENED","file":"/compare_old_vs_new_logs.py","tags":{"FILE_LINE_OF_CODE":"509"}}
{"ts":1756110635116,"action":"FILE_CLOSED","file":"/compare_old_vs_new_logs.py","tags":{"FILE_LINE_OF_CODE":"509"}}
{"ts":1756110635162,"action":"FILE_OPENED","file":"/logging-log4j2_manual_log.csv","tags":{"FILE_LINE_OF_CODE":"null"}}
{"ts":1756110687633,"action":"FILE_CLOSED","file":"/logging-log4j2_manual_log.csv","tags":{"FILE_LINE_OF_CODE":"null"}}
{"ts":1756110687633,"action":"FILE_OPENED","file":"/compare_old_vs_new_logs.py","tags":{"FILE_LINE_OF_CODE":"509"}}
{"ts":1756110832919,"action":"FILE_CLOSED","file":"/compare_old_vs_new_logs.py","tags":{"FILE_LINE_OF_CODE":"557"}}
{"ts":1756110833190,"action":"FILE_OPENED","file":"/log_comparison_detailed_results.txt","tags":{"FILE_LINE_OF_CODE":"55564"}}
{"ts":1756110902347,"action":"IDE_DEACTIVATED"}
{"ts":1756110907675,"action":"IDE_ACTIVATED"}
{"ts":1756110976239,"action":"FILE_CLOSED","file":"/log_comparison_detailed_results.txt","tags":{"FILE_LINE_OF_CODE":"55564"}}
{"ts":1756110976239,"action":"FILE_OPENED","file":"/compare_old_vs_new_logs.py","tags":{"FILE_LINE_OF_CODE":"618"}}
{"ts":1756111010756,"action":"FILE_CLOSED","file":"/compare_old_vs_new_logs.py","tags":{"FILE_LINE_OF_CODE":"619"}}
{"ts":1756111010945,"action":"FILE_OPENED","file":"/differences_junit-framework.txt","tags":{"FILE_LINE_OF_CODE":"37850"}}
{"ts":1756111021513,"action":"FILE_CLOSED","file":"/differences_junit-framework.txt","tags":{"FILE_LINE_OF_CODE":"37850"}}
{"ts":1756111021514,"action":"FILE_OPENED","file":"/compare_old_vs_new_logs.py","tags":{"FILE_LINE_OF_CODE":"619"}}
{"ts":1756111023932,"action":"FILE_CLOSED","file":"/compare_old_vs_new_logs.py","tags":{"FILE_LINE_OF_CODE":"619"}}
{"ts":1756111024071,"action":"FILE_OPENED","file":"/differences_assertj.txt","tags":{"FILE_LINE_OF_CODE":"833"}}
{"ts":1756111131630,"action":"FILE_CLOSED","file":"/differences_assertj.txt","tags":{"FILE_LINE_OF_CODE":"833"}}
{"ts":1756111131777,"action":"FILE_OPENED","file":"/compare_old_vs_new_logs.py","tags":{"FILE_LINE_OF_CODE":"619"}}
{"ts":1756111156263,"action":"FILE_CLOSED","file":"/compare_old_vs_new_logs.py","tags":{"FILE_LINE_OF_CODE":"630"}}
{"ts":1756111156286,"action":"FILE_OPENED","file":"/gson_manual_log.csv","tags":{"FILE_LINE_OF_CODE":"null"}}
{"ts":1756111158234,"action":"FILE_CLOSED","file":"/gson_manual_log.csv","tags":{"FILE_LINE_OF_CODE":"null"}}
{"ts":1756111158281,"action":"FILE_OPENED","file":"/differences_assertj.txt","tags":{"FILE_LINE_OF_CODE":"821"}}
{"ts":1756111246099,"action":"FILE_OPENED","file":"/compare_old_vs_new_logs.py","tags":{"FILE_LINE_OF_CODE":"630"}}
{"ts":1756111271492,"action":"FILE_CLOSED","file":"/compare_old_vs_new_logs.py","tags":{"FILE_LINE_OF_CODE":"636"}}
{"ts":1756111271628,"action":"FILE_OPENED","file":"/check_spring_windows.bat","tags":{"FILE_LINE_OF_CODE":"82"}}
{"ts":1756111273560,"action":"FILE_CLOSED","file":"/check_spring_windows.bat","tags":{"FILE_LINE_OF_CODE":"82"}}
{"ts":1756111273610,"action":"FILE_OPENED","file":"/differences_assertj.txt","tags":{"FILE_LINE_OF_CODE":"821"}}
{"ts":1756111340434,"action":"FILE_OPENED","file":"/compare_old_vs_new_logs.py","tags":{"FILE_LINE_OF_CODE":"636"}}
{"ts":1756111342350,"action":"IDE_DEACTIVATED"}
{"ts":1756111377521,"action":"IDE_ACTIVATED"}
{"ts":1756111443516,"action":"IDE_DEACTIVATED"}
{"ts":1756111470736,"action":"IDE_ACTIVATED"}
{"ts":1756111498529,"action":"IDE_DEACTIVATED"}
{"ts":1756111525080,"action":"IDE_ACTIVATED"}
{"ts":1756111556183,"action":"FILE_CLOSED","file":"/compare_old_vs_new_logs.py","tags":{"FILE_LINE_OF_CODE":"651"}}
{"ts":1756111556210,"action":"FILE_OPENED","file":"/commons-logging_manual_log.csv","tags":{"FILE_LINE_OF_CODE":"null"}}
{"ts":1756111558076,"action":"FILE_CLOSED","file":"/commons-logging_manual_log.csv","tags":{"FILE_LINE_OF_CODE":"null"}}
{"ts":1756111558130,"action":"FILE_OPENED","file":"/differences_gson.txt","tags":{"FILE_LINE_OF_CODE":"1328"}}
{"ts":1756111558894,"action":"FILE_CLOSED","file":"/differences_gson.txt","tags":{"FILE_LINE_OF_CODE":"1328"}}
{"ts":1756111558977,"action":"FILE_OPENED","file":"/differences_assertj.txt","tags":{"FILE_LINE_OF_CODE":"821"}}
{"ts":1756111559904,"action":"FILE_CLOSED","file":"/differences_assertj.txt","tags":{"FILE_LINE_OF_CODE":"821"}}
{"ts":1756111559904,"action":"FILE_OPENED","file":"/differences_gson.txt","tags":{"FILE_LINE_OF_CODE":"1328"}}
{"ts":1756111561306,"action":"FILE_CLOSED","file":"/differences_gson.txt","tags":{"FILE_LINE_OF_CODE":"1328"}}
{"ts":1756111561306,"action":"FILE_OPENED","file":"/compare_old_vs_new_logs.py","tags":{"FILE_LINE_OF_CODE":"651"}}
{"ts":1756111561878,"action":"FILE_CLOSED","file":"/compare_old_vs_new_logs.py","tags":{"FILE_LINE_OF_CODE":"651"}}
{"ts":1756111561878,"action":"FILE_OPENED","file":"/differences_assertj.txt","tags":{"FILE_LINE_OF_CODE":"821"}}
{"ts":1756111574230,"action":"FILE_OPENED","file":"/compare_old_vs_new_logs.py","tags":{"FILE_LINE_OF_CODE":"650"}}
{"ts":1756111594021,"action":"IDE_DEACTIVATED"}
{"ts":1756111694416,"action":"IDE_ACTIVATED"}
{"ts":1756111697511,"action":"IDE_DEACTIVATED"}
{"ts":1756111697873,"action":"IDE_ACTIVATED"}
{"ts":1756111714705,"action":"FILE_CLOSED","file":"/compare_old_vs_new_logs.py","tags":{"FILE_LINE_OF_CODE":"665"}}
{"ts":1756111714907,"action":"FILE_OPENED","file":"/dokumentacja_techniczna.md","tags":{"FILE_LINE_OF_CODE":"133"}}
{"ts":1756111716165,"action":"FILE_CLOSED","file":"/dokumentacja_techniczna.md","tags":{"FILE_LINE_OF_CODE":"133"}}
{"ts":1756111716215,"action":"FILE_OPENED","file":"/differences_assertj.txt","tags":{"FILE_LINE_OF_CODE":"821"}}
{"ts":1756111729053,"action":"FILE_CLOSED","file":"/differences_assertj.txt","tags":{"FILE_LINE_OF_CODE":"821"}}
{"ts":1756111729053,"action":"FILE_OPENED","file":"/compare_old_vs_new_logs.py","tags":{"FILE_LINE_OF_CODE":"665"}}
{"ts":1756111741592,"action":"FILE_CLOSED","file":"/compare_old_vs_new_logs.py","tags":{"FILE_LINE_OF_CODE":"665"}}
{"ts":1756111741724,"action":"FILE_OPENED","file":"/differences_testng.txt","tags":{"FILE_LINE_OF_CODE":"80"}}
{"ts":1756111744114,"action":"FILE_CLOSED","file":"/differences_testng.txt","tags":{"FILE_LINE_OF_CODE":"80"}}
{"ts":1756111744142,"action":"FILE_OPENED","file":"/differences_assertj.txt","tags":{"FILE_LINE_OF_CODE":"821"}}
{"ts":1756111747173,"action":"FILE_OPENED","file":"/compare_old_vs_new_logs.py","tags":{"FILE_LINE_OF_CODE":"665"}}
{"ts":1756111803622,"action":"FILE_CLOSED","file":"/compare_old_vs_new_logs.py","tags":{"FILE_LINE_OF_CODE":"664"}}
{"ts":1756111803666,"action":"FILE_OPENED","file":"/compare_logs.py","tags":{"FILE_LINE_OF_CODE":"66"}}
{"ts":1756111805118,"action":"FILE_CLOSED","file":"/compare_logs.py","tags":{"FILE_LINE_OF_CODE":"66"}}
{"ts":1756111805149,"action":"FILE_OPENED","file":"/differences_assertj.txt","tags":{"FILE_LINE_OF_CODE":"821"}}
{"ts":1756111871241,"action":"IDE_DEACTIVATED"}
{"ts":1756111908776,"action":"IDE_ACTIVATED"}
{"ts":1756111917246,"action":"IDE_DEACTIVATED"}
{"ts":1756111992423,"action":"IDE_ACTIVATED"}
{"ts":1756111993632,"action":"IDE_DEACTIVATED"}
{"ts":1756111994007,"action":"IDE_ACTIVATED"}
{"ts":1756112005187,"action":"FILE_OPENED","file":"/compare_old_vs_new_logs.py","tags":{"FILE_LINE_OF_CODE":"673"}}
{"ts":1756112014309,"action":"FILE_CLOSED","file":"/compare_old_vs_new_logs.py","tags":{"FILE_LINE_OF_CODE":"673"}}
{"ts":1756112014428,"action":"FILE_OPENED","file":"/commons-logging_manual_log.csv","tags":{"FILE_LINE_OF_CODE":"null"}}
{"ts":1756112015823,"action":"FILE_CLOSED","file":"/commons-logging_manual_log.csv","tags":{"FILE_LINE_OF_CODE":"null"}}
{"ts":1756112015869,"action":"FILE_OPENED","file":"/differences_assertj.txt","tags":{"FILE_LINE_OF_CODE":"933"}}
{"ts":1756112145885,"action":"FILE_OPENED","file":"/compare_old_vs_new_logs.py","tags":{"FILE_LINE_OF_CODE":"673"}}
{"ts":1756112156551,"action":"FILE_CLOSED","file":"/compare_old_vs_new_logs.py","tags":{"FILE_LINE_OF_CODE":"673"}}
{"ts":1756112157518,"action":"FILE_OPENED","file":"/debug_normalization.py","tags":{"FILE_LINE_OF_CODE":"149"}}
{"ts":1756112209531,"action":"FILE_CLOSED","file":"/debug_normalization.py","tags":{"FILE_LINE_OF_CODE":"149"}}
{"ts":1756112209546,"action":"FILE_OPENED","file":"/comparing logs/old/commons-lang_manual_log.csv","tags":{"FILE_LINE_OF_CODE":"null"}}
{"ts":1756112211472,"action":"FILE_CLOSED","file":"/comparing logs/old/commons-lang_manual_log.csv","tags":{"FILE_LINE_OF_CODE":"null"}}
{"ts":1756112211491,"action":"FILE_OPENED","file":"/comparing logs/old/gson_manual_log.csv","tags":{"FILE_LINE_OF_CODE":"null"}}
{"ts":1756112220724,"action":"FILE_CLOSED","file":"/comparing logs/old/gson_manual_log.csv","tags":{"FILE_LINE_OF_CODE":"null"}}
{"ts":1756112220741,"action":"FILE_OPENED","file":"/comparing logs/new/commons-io_manual_log.csv","tags":{"FILE_LINE_OF_CODE":"null"}}
{"ts":1756112222291,"action":"FILE_CLOSED","file":"/comparing logs/new/commons-io_manual_log.csv","tags":{"FILE_LINE_OF_CODE":"null"}}
{"ts":1756112222308,"action":"FILE_OPENED","file":"/comparing logs/new/gson_manual_log.csv","tags":{"FILE_LINE_OF_CODE":"null"}}
{"ts":1756112291063,"action":"FILE_CLOSED","file":"/comparing logs/new/gson_manual_log.csv","tags":{"FILE_LINE_OF_CODE":"null"}}
{"ts":1756112291088,"action":"FILE_OPENED","file":"/differences_gson.txt","tags":{"FILE_LINE_OF_CODE":"1328"}}
{"ts":1756112291625,"action":"FILE_CLOSED","file":"/differences_gson.txt","tags":{"FILE_LINE_OF_CODE":"1328"}}
{"ts":1756112291687,"action":"FILE_OPENED","file":"/differences_assertj.txt","tags":{"FILE_LINE_OF_CODE":"821"}}
{"ts":1756112309865,"action":"FILE_OPENED","file":"/debug_normalization.py","tags":{"FILE_LINE_OF_CODE":"155"}}
{"ts":1756112320827,"action":"FILE_CLOSED","file":"/debug_normalization.py","tags":{"FILE_LINE_OF_CODE":"155"}}
{"ts":1756112320827,"action":"FILE_OPENED","file":"/compare_old_vs_new_logs.py","tags":{"FILE_LINE_OF_CODE":"677"}}
{"ts":1756112322432,"action":"FILE_CLOSED","file":"/compare_old_vs_new_logs.py","tags":{"FILE_LINE_OF_CODE":"677"}}
{"ts":1756112322465,"action":"FILE_OPENED","file":"/differences_gson.txt","tags":{"FILE_LINE_OF_CODE":"1328"}}
{"ts":1756112322996,"action":"FILE_CLOSED","file":"/differences_gson.txt","tags":{"FILE_LINE_OF_CODE":"1328"}}
{"ts":1756112323035,"action":"FILE_OPENED","file":"/differences_assertj.txt","tags":{"FILE_LINE_OF_CODE":"821"}}
{"ts":1756112396681,"action":"FILE_CLOSED","file":"/differences_assertj.txt","tags":{"FILE_LINE_OF_CODE":"821"}}
{"ts":1756112396681,"action":"FILE_OPENED","file":"/compare_old_vs_new_logs.py","tags":{"FILE_LINE_OF_CODE":"677"}}
{"ts":1756112413086,"action":"FILE_CLOSED","file":"/compare_old_vs_new_logs.py","tags":{"FILE_LINE_OF_CODE":"677"}}
{"ts":1756112413130,"action":"FILE_OPENED","file":"/comparing logs/new/assertj_manual_log.csv","tags":{"FILE_LINE_OF_CODE":"null"}}
{"ts":1756112432763,"action":"FILE_CLOSED","file":"/comparing logs/new/assertj_manual_log.csv","tags":{"FILE_LINE_OF_CODE":"null"}}
{"ts":1756112432780,"action":"FILE_OPENED","file":"/comparing logs/old/assertj_manual_log.csv","tags":{"FILE_LINE_OF_CODE":"null"}}
{"ts":1756112521630,"action":"FILE_CLOSED","file":"/comparing logs/old/assertj_manual_log.csv","tags":{"FILE_LINE_OF_CODE":"null"}}
{"ts":1756112521704,"action":"FILE_OPENED","file":"/comparing logs/old/jackson-annotations_manual_log.csv","tags":{"FILE_LINE_OF_CODE":"null"}}
{"ts":1756112523419,"action":"FILE_CLOSED","file":"/comparing logs/old/jackson-annotations_manual_log.csv","tags":{"FILE_LINE_OF_CODE":"null"}}
{"ts":1756112523448,"action":"FILE_OPENED","file":"/differences_assertj.txt","tags":{"FILE_LINE_OF_CODE":"821"}}
{"ts":1756112525720,"action":"FILE_OPENED","file":"/compare_old_vs_new_logs.py","tags":{"FILE_LINE_OF_CODE":"679"}}
{"ts":1756112529671,"action":"FILE_CLOSED","file":"/compare_old_vs_new_logs.py","tags":{"FILE_LINE_OF_CODE":"679"}}
{"ts":1756112529688,"action":"FILE_OPENED","file":"/guava_manual_log.csv","tags":{"FILE_LINE_OF_CODE":"null"}}
{"ts":1756112533229,"action":"FILE_CLOSED","file":"/guava_manual_log.csv","tags":{"FILE_LINE_OF_CODE":"null"}}
{"ts":1756112533275,"action":"FILE_OPENED","file":"/differences_assertj.txt","tags":{"FILE_LINE_OF_CODE":"821"}}
{"ts":1756112588934,"action":"FILE_CLOSED","file":"/differences_assertj.txt","tags":{"FILE_LINE_OF_CODE":"821"}}
{"ts":1756112588934,"action":"FILE_OPENED","file":"/compare_old_vs_new_logs.py","tags":{"FILE_LINE_OF_CODE":"679"}}
{"ts":1756112589755,"action":"FILE_CLOSED","file":"/compare_old_vs_new_logs.py","tags":{"FILE_LINE_OF_CODE":"679"}}
{"ts":1756112589755,"action":"FILE_OPENED","file":"/differences_assertj.txt","tags":{"FILE_LINE_OF_CODE":"821"}}
{"ts":1756112590977,"action":"FILE_CLOSED","file":"/differences_assertj.txt","tags":{"FILE_LINE_OF_CODE":"821"}}
{"ts":1756112590977,"action":"FILE_OPENED","file":"/debug_normalization.py","tags":{"FILE_LINE_OF_CODE":"155"}}
{"ts":1756112596038,"action":"FILE_CLOSED","file":"/debug_normalization.py","tags":{"FILE_LINE_OF_CODE":"155"}}
{"ts":1756112596038,"action":"FILE_OPENED","file":"/differences_assertj.txt","tags":{"FILE_LINE_OF_CODE":"821"}}
{"ts":1756112609301,"action":"FILE_CLOSED","file":"/differences_assertj.txt","tags":{"FILE_LINE_OF_CODE":"821"}}
{"ts":1756112609301,"action":"FILE_OPENED","file":"/compare_old_vs_new_logs.py","tags":{"FILE_LINE_OF_CODE":"679"}}
{"ts":1756112610833,"action":"FILE_CLOSED","file":"/compare_old_vs_new_logs.py","tags":{"FILE_LINE_OF_CODE":"679"}}
{"ts":1756112610833,"action":"FILE_OPENED","file":"/diagnose_duplicates.py","tags":{"FILE_LINE_OF_CODE":"183"}}
{"ts":1756112666555,"action":"FILE_CLOSED","file":"/diagnose_duplicates.py","tags":{"FILE_LINE_OF_CODE":"183"}}
{"ts":1756112666573,"action":"FILE_OPENED","file":"/comparing logs/old/assertj_manual_log.csv","tags":{"FILE_LINE_OF_CODE":"null"}}
{"ts":1756112671480,"action":"FILE_CLOSED","file":"/comparing logs/old/assertj_manual_log.csv","tags":{"FILE_LINE_OF_CODE":"null"}}
{"ts":1756112671497,"action":"FILE_OPENED","file":"/comparing logs/new/assertj_manual_log.csv","tags":{"FILE_LINE_OF_CODE":"null"}}
{"ts":1756112698666,"action":"IDE_DEACTIVATED"}
{"ts":1756112727024,"action":"IDE_ACTIVATED"}
{"ts":1756112758801,"action":"FILE_CLOSED","file":"/comparing logs/new/assertj_manual_log.csv","tags":{"FILE_LINE_OF_CODE":"null"}}
{"ts":1756112758801,"action":"FILE_OPENED","file":"/diagnose_duplicates.py","tags":{"FILE_LINE_OF_CODE":"183"}}
{"ts":1756112759165,"action":"FILE_CLOSED","file":"/diagnose_duplicates.py","tags":{"FILE_LINE_OF_CODE":"183"}}
{"ts":1756112759227,"action":"FILE_OPENED","file":"/differences_assertj.txt","tags":{"FILE_LINE_OF_CODE":"821"}}
{"ts":1756112760856,"action":"FILE_OPENED","file":"/diagnose_duplicates.py","tags":{"FILE_LINE_OF_CODE":"183"}}
{"ts":1756112766920,"action":"FILE_CLOSED","file":"/diagnose_duplicates.py","tags":{"FILE_LINE_OF_CODE":"183"}}
{"ts":1756112766939,"action":"FILE_OPENED","file":"/easymock_manual_log.csv","tags":{"FILE_LINE_OF_CODE":"null"}}
{"ts":1756112768771,"action":"FILE_CLOSED","file":"/easymock_manual_log.csv","tags":{"FILE_LINE_OF_CODE":"null"}}
{"ts":1756112768813,"action":"FILE_OPENED","file":"/differences_assertj.txt","tags":{"FILE_LINE_OF_CODE":"261"}}
{"ts":1756112923753,"action":"FILE_CLOSED","file":"/differences_assertj.txt","tags":{"FILE_LINE_OF_CODE":"261"}}
{"ts":1756112923753,"action":"FILE_OPENED","file":"/diagnose_duplicates.py","tags":{"FILE_LINE_OF_CODE":"183"}}
{"ts":1756112923855,"action":"FILE_CLOSED","file":"/diagnose_duplicates.py","tags":{"FILE_LINE_OF_CODE":"183"}}
{"ts":1756112924433,"action":"FILE_OPENED","file":"/src/main/java/com/yourcompany/game/App.java","tags":{"FILE_LINE_OF_CODE":"185"}}
{"ts":1756112951258,"action":"FILE_CLOSED","file":"/src/main/java/com/yourcompany/game/App.java","tags":{"FILE_LINE_OF_CODE":"185"}}
{"ts":1756112951304,"action":"FILE_OPENED","file":"/comparing logs/old/assertj_manual_log.csv","tags":{"FILE_LINE_OF_CODE":"null"}}
{"ts":1756113017748,"action":"FILE_CLOSED","file":"/comparing logs/old/assertj_manual_log.csv","tags":{"FILE_LINE_OF_CODE":"null"}}
{"ts":1756113017748,"action":"FILE_OPENED","file":"/diagnose_duplicates.py","tags":{"FILE_LINE_OF_CODE":"183"}}
{"ts":1756113024283,"action":"FILE_CLOSED","file":"/diagnose_duplicates.py","tags":{"FILE_LINE_OF_CODE":"183"}}
{"ts":1756113024326,"action":"FILE_OPENED","file":"/assertj_checkpoint.properties","tags":{"FILE_LINE_OF_CODE":"5"}}
{"ts":1756113026950,"action":"FILE_OPENED","file":"/src/main/java/com/yourcompany/game/App.java","tags":{"FILE_LINE_OF_CODE":"165"}}
{"ts":1756113053181,"action":"FILE_CLOSED","file":"/src/main/java/com/yourcompany/game/App.java","tags":{"FILE_LINE_OF_CODE":"165"}}
{"ts":1756113053181,"action":"FILE_OPENED","file":"/diagnose_duplicates.py","tags":{"FILE_LINE_OF_CODE":"183"}}
{"ts":1756113054133,"action":"FILE_CLOSED","file":"/diagnose_duplicates.py","tags":{"FILE_LINE_OF_CODE":"183"}}
{"ts":1756113054133,"action":"FILE_OPENED","file":"/compare_old_vs_new_logs.py","tags":{"FILE_LINE_OF_CODE":"696"}}
{"ts":1756113062220,"action":"FILE_CLOSED","file":"/compare_old_vs_new_logs.py","tags":{"FILE_LINE_OF_CODE":"696"}}
{"ts":1756113062349,"action":"FILE_OPENED","file":"/src/main/java/com/yourcompany/game/HistoricalAnalyzer.java","tags":{"FILE_LINE_OF_CODE":"344"}}
{"ts":1756113078112,"action":"FILE_CLOSED","file":"/src/main/java/com/yourcompany/game/HistoricalAnalyzer.java","tags":{"FILE_LINE_OF_CODE":"445"}}
{"ts":1756113078236,"action":"FILE_OPENED","file":"/differences_assertj.txt","tags":{"FILE_LINE_OF_CODE":"261"}}
{"ts":1756113107060,"action":"FILE_CLOSED","file":"/differences_assertj.txt","tags":{"FILE_LINE_OF_CODE":"261"}}
{"ts":1756113107060,"action":"FILE_OPENED","file":"/src/main/java/com/yourcompany/game/HistoricalAnalyzer.java","tags":{"FILE_LINE_OF_CODE":"464"}}
{"ts":1756113107091,"action":"FILE_CLOSED","file":"/src/main/java/com/yourcompany/game/HistoricalAnalyzer.java","tags":{"FILE_LINE_OF_CODE":"464"}}
{"ts":1756113107496,"action":"FILE_OPENED","file":"/src/main/java/com/yourcompany/game/App.java","tags":{"FILE_LINE_OF_CODE":"173"}}
{"ts":1756113126408,"action":"IDE_DEACTIVATED"}
{"ts":1756113155678,"action":"IDE_ACTIVATED"}
{"ts":1756113156957,"action":"IDE_DEACTIVATED"}
{"ts":1756113157460,"action":"IDE_ACTIVATED"}
{"ts":1756113199421,"action":"FILE_CLOSED","file":"/src/main/java/com/yourcompany/game/App.java","tags":{"FILE_LINE_OF_CODE":"221"}}
{"ts":1756113199465,"action":"FILE_OPENED","file":"/analysis_results.csv","tags":{"FILE_LINE_OF_CODE":"null"}}
{"ts":1756113201221,"action":"FILE_CLOSED","file":"/analysis_results.csv","tags":{"FILE_LINE_OF_CODE":"null"}}
{"ts":1756113201221,"action":"FILE_OPENED","file":"/src/main/java/com/yourcompany/game/App.java","tags":{"FILE_LINE_OF_CODE":"221"}}
{"ts":1756113205139,"action":"FILE_CLOSED","file":"/src/main/java/com/yourcompany/game/App.java","tags":{"FILE_LINE_OF_CODE":"221"}}
{"ts":1756113205186,"action":"FILE_OPENED","file":"/analysis_summary.txt","tags":{"FILE_LINE_OF_CODE":"81"}}
{"ts":1756113205911,"action":"FILE_CLOSED","file":"/analysis_summary.txt","tags":{"FILE_LINE_OF_CODE":"81"}}
{"ts":1756113205930,"action":"FILE_OPENED","file":"/analysis_results.csv","tags":{"FILE_LINE_OF_CODE":"null"}}
{"ts":1756113208270,"action":"FILE_CLOSED","file":"/analysis_results.csv","tags":{"FILE_LINE_OF_CODE":"null"}}
{"ts":1756113208404,"action":"FILE_OPENED","file":"/assertj_checkpoint.properties","tags":{"FILE_LINE_OF_CODE":"5"}}
{"ts":1756113210223,"action":"FILE_CLOSED","file":"/assertj_checkpoint.properties","tags":{"FILE_LINE_OF_CODE":"5"}}
{"ts":1756113210266,"action":"FILE_OPENED","file":"/assertj_debug_manual_log.csv","tags":{"FILE_LINE_OF_CODE":"null"}}
{"ts":1756113238714,"action":"FILE_CLOSED","file":"/assertj_debug_manual_log.csv","tags":{"FILE_LINE_OF_CODE":"null"}}
{"ts":1756113238714,"action":"FILE_OPENED","file":"/analysis_summary.txt","tags":{"FILE_LINE_OF_CODE":"81"}}
{"ts":1756113240251,"action":"FILE_CLOSED","file":"/analysis_summary.txt","tags":{"FILE_LINE_OF_CODE":"81"}}
{"ts":1756113240251,"action":"FILE_OPENED","file":"/src/main/java/com/yourcompany/game/App.java","tags":{"FILE_LINE_OF_CODE":"221"}}
{"ts":1756113244537,"action":"FILE_CLOSED","file":"/src/main/java/com/yourcompany/game/App.java","tags":{"FILE_LINE_OF_CODE":"221"}}
{"ts":1756113244537,"action":"FILE_OPENED","file":"/src/main/java/com/yourcompany/game/HistoricalAnalyzer.java","tags":{"FILE_LINE_OF_CODE":"464"}}
{"ts":1756113246760,"action":"FILE_CLOSED","file":"/src/main/java/com/yourcompany/game/HistoricalAnalyzer.java","tags":{"FILE_LINE_OF_CODE":"464"}}
{"ts":1756113246778,"action":"FILE_OPENED","file":"/differences_assertj.txt","tags":{"FILE_LINE_OF_CODE":"261"}}
{"ts":1756113256473,"action":"FILE_CLOSED","file":"/differences_assertj.txt","tags":{"FILE_LINE_OF_CODE":"261"}}
{"ts":1756113256521,"action":"FILE_OPENED","file":"/assertj_debug_manual_log.csv","tags":{"FILE_LINE_OF_CODE":"null"}}
{"ts":1756113342362,"action":"IDE_DEACTIVATED"}
{"ts":1756113343540,"action":"IDE_ACTIVATED"}
{"ts":1756113364412,"action":"FILE_CLOSED","file":"/assertj_debug_manual_log.csv","tags":{"FILE_LINE_OF_CODE":"null"}}
{"ts":1756113364412,"action":"FILE_OPENED","file":"/differences_assertj.txt","tags":{"FILE_LINE_OF_CODE":"261"}}
{"ts":1756113364441,"action":"FILE_CLOSED","file":"/differences_assertj.txt","tags":{"FILE_LINE_OF_CODE":"261"}}
{"ts":1756113364506,"action":"FILE_OPENED","file":"/src/main/java/com/yourcompany/game/SealedClassAnalyzer.java","tags":{"FILE_LINE_OF_CODE":"94"}}
{"ts":1756113391783,"action":"FILE_CLOSED","file":"/src/main/java/com/yourcompany/game/SealedClassAnalyzer.java","tags":{"FILE_LINE_OF_CODE":"64"}}
{"ts":1756113391908,"action":"FILE_OPENED","file":"/check_spring_duplicates.bat","tags":{"FILE_LINE_OF_CODE":"47"}}
{"ts":1756113392210,"action":"FILE_CLOSED","file":"/check_spring_duplicates.bat","tags":{"FILE_LINE_OF_CODE":"47"}}
{"ts":1756113392265,"action":"FILE_OPENED","file":"/assertj_debug_manual_log.csv","tags":{"FILE_LINE_OF_CODE":"null"}}
{"ts":1756113396499,"action":"FILE_OPENED","file":"/src/main/java/com/yourcompany/game/SealedClassAnalyzer.java","tags":{"FILE_LINE_OF_CODE":"64"}}
{"ts":1756113412528,"action":"IDE_DEACTIVATED"}
{"ts":1756113419212,"action":"IDE_ACTIVATED"}
{"ts":1756113423573,"action":"FILE_CLOSED","file":"/src/main/java/com/yourcompany/game/SealedClassAnalyzer.java","tags":{"FILE_LINE_OF_CODE":"64"}}
{"ts":1756113423604,"action":"FILE_OPENED","file":"/check_spring_duplicates.bat","tags":{"FILE_LINE_OF_CODE":"47"}}
{"ts":1756113424136,"action":"FILE_CLOSED","file":"/check_spring_duplicates.bat","tags":{"FILE_LINE_OF_CODE":"47"}}
{"ts":1756113424167,"action":"FILE_OPENED","file":"/assertj_debug_manual_log.csv","tags":{"FILE_LINE_OF_CODE":"null"}}
{"ts":1756113455115,"action":"FILE_CLOSED","file":"/assertj_debug_manual_log.csv","tags":{"FILE_LINE_OF_CODE":"null"}}
{"ts":1756113455131,"action":"FILE_OPENED","file":"/mockito_manual_log.csv","tags":{"FILE_LINE_OF_CODE":"null"}}
{"ts":1756113459507,"action":"FILE_CLOSED","file":"/mockito_manual_log.csv","tags":{"FILE_LINE_OF_CODE":"null"}}
{"ts":1756113459522,"action":"FILE_OPENED","file":"/comparing logs/old/mockito_manual_log.csv","tags":{"FILE_LINE_OF_CODE":"null"}}
{"ts":1756113485680,"action":"IDE_DEACTIVATED"}
{"ts":1756113486114,"action":"IDE_ACTIVATED"}
{"ts":1756113491392,"action":"FILE_CLOSED","file":"/comparing logs/old/mockito_manual_log.csv","tags":{"FILE_LINE_OF_CODE":"null"}}
{"ts":1756113491407,"action":"FILE_OPENED","file":"/mockito_manual_log.csv","tags":{"FILE_LINE_OF_CODE":"null"}}
{"ts":1756113492923,"action":"FILE_OPENED","file":"/src/main/java/com/yourcompany/game/SealedClassAnalyzer.java","tags":{"FILE_LINE_OF_CODE":"64"}}
{"ts":1756113493658,"action":"FILE_CLOSED","file":"/src/main/java/com/yourcompany/game/SealedClassAnalyzer.java","tags":{"FILE_LINE_OF_CODE":"64"}}
{"ts":1756113493705,"action":"FILE_OPENED","file":"/mockito_checkpoint.properties","tags":{"FILE_LINE_OF_CODE":"5"}}
{"ts":1756113494417,"action":"FILE_OPENED","file":"/src/main/java/com/yourcompany/game/SealedClassAnalyzer.java","tags":{"FILE_LINE_OF_CODE":"64"}}
{"ts":1756113497216,"action":"IDE_DEACTIVATED"}
{"ts":1756113500514,"action":"IDE_ACTIVATED"}
{"ts":1756113519371,"action":"FILE_CLOSED","file":"/src/main/java/com/yourcompany/game/SealedClassAnalyzer.java","tags":{"FILE_LINE_OF_CODE":"64"}}
{"ts":1756113519488,"action":"FILE_OPENED","file":"/src/main/java/com/yourcompany/game/App.java","tags":{"FILE_LINE_OF_CODE":"221"}}
{"ts":1756113549687,"action":"FILE_CLOSED","file":"/src/main/java/com/yourcompany/game/App.java","tags":{"FILE_LINE_OF_CODE":"221"}}
{"ts":1756113549718,"action":"FILE_OPENED","file":"/mockito_debug_manual_log.csv","tags":{"FILE_LINE_OF_CODE":"null"}}
{"ts":1756113558333,"action":"FILE_CLOSED","file":"/mockito_debug_manual_log.csv","tags":{"FILE_LINE_OF_CODE":"null"}}
{"ts":1756113558333,"action":"FILE_OPENED","file":"/src/main/java/com/yourcompany/game/App.java","tags":{"FILE_LINE_OF_CODE":"221"}}
{"ts":1756113561152,"action":"FILE_CLOSED","file":"/src/main/java/com/yourcompany/game/App.java","tags":{"FILE_LINE_OF_CODE":"221"}}
{"ts":1756113561182,"action":"FILE_OPENED","file":"/comparing logs/old/assertj_manual_log.csv","tags":{"FILE_LINE_OF_CODE":"null"}}
{"ts":1756113569145,"action":"FILE_CLOSED","file":"/comparing logs/old/assertj_manual_log.csv","tags":{"FILE_LINE_OF_CODE":"null"}}
{"ts":1756113569145,"action":"FILE_OPENED","file":"/differences_assertj.txt","tags":{"FILE_LINE_OF_CODE":"261"}}
{"ts":1756113579084,"action":"FILE_CLOSED","file":"/differences_assertj.txt","tags":{"FILE_LINE_OF_CODE":"261"}}
{"ts":1756113579084,"action":"FILE_OPENED","file":"/comparing logs/old/assertj_manual_log.csv","tags":{"FILE_LINE_OF_CODE":"null"}}
{"ts":1756113579531,"action":"FILE_CLOSED","file":"/comparing logs/old/assertj_manual_log.csv","tags":{"FILE_LINE_OF_CODE":"null"}}
{"ts":1756113579531,"action":"FILE_OPENED","file":"/differences_assertj.txt","tags":{"FILE_LINE_OF_CODE":"261"}}
{"ts":1756113579976,"action":"FILE_CLOSED","file":"/differences_assertj.txt","tags":{"FILE_LINE_OF_CODE":"261"}}
{"ts":1756113580014,"action":"FILE_OPENED","file":"/comparing logs/old/assertj_manual_log.csv","tags":{"FILE_LINE_OF_CODE":"null"}}
{"ts":1756113594854,"action":"FILE_CLOSED","file":"/comparing logs/old/assertj_manual_log.csv","tags":{"FILE_LINE_OF_CODE":"null"}}
{"ts":1756113594857,"action":"FILE_OPENED","file":"/differences_assertj.txt","tags":{"FILE_LINE_OF_CODE":"261"}}
{"ts":1756113623584,"action":"FILE_CLOSED","file":"/differences_assertj.txt","tags":{"FILE_LINE_OF_CODE":"246"}}
{"ts":1756113623584,"action":"FILE_OPENED","file":"/src/main/java/com/yourcompany/game/HistoricalAnalyzer.java","tags":{"FILE_LINE_OF_CODE":"464"}}
{"ts":1756113628860,"action":"FILE_CLOSED","file":"/src/main/java/com/yourcompany/game/HistoricalAnalyzer.java","tags":{"FILE_LINE_OF_CODE":"464"}}
{"ts":1756113628967,"action":"FILE_OPENED","file":"/differences_mockito.txt","tags":{"FILE_LINE_OF_CODE":"164"}}
{"ts":1756113662999,"action":"FILE_CLOSED","file":"/differences_mockito.txt","tags":{"FILE_LINE_OF_CODE":"164"}}
{"ts":1756113662999,"action":"FILE_OPENED","file":"/src/main/java/com/yourcompany/game/HistoricalAnalyzer.java","tags":{"FILE_LINE_OF_CODE":"464"}}
{"ts":1756113686078,"action":"FILE_CLOSED","file":"/src/main/java/com/yourcompany/game/HistoricalAnalyzer.java","tags":{"FILE_LINE_OF_CODE":"464"}}
{"ts":1756113686078,"action":"FILE_OPENED","file":"/src/main/java/com/yourcompany/game/App.java","tags":{"FILE_LINE_OF_CODE":"221"}}
{"ts":1756113695362,"action":"IDE_DEACTIVATED"}
{"ts":1756113696502,"action":"IDE_ACTIVATED"}
{"ts":1756113700518,"action":"FILE_CLOSED","file":"/src/main/java/com/yourcompany/game/App.java","tags":{"FILE_LINE_OF_CODE":"221"}}
{"ts":1756113700518,"action":"FILE_OPENED","file":"/differences_mockito.txt","tags":{"FILE_LINE_OF_CODE":"164"}}
{"ts":1756113707465,"action":"FILE_CLOSED","file":"/differences_mockito.txt","tags":{"FILE_LINE_OF_CODE":"164"}}
{"ts":1756113707521,"action":"FILE_OPENED","file":"/mockito_debug_manual_log.csv","tags":{"FILE_LINE_OF_CODE":"null"}}
{"ts":1756113721725,"action":"FILE_CLOSED","file":"/mockito_debug_manual_log.csv","tags":{"FILE_LINE_OF_CODE":"null"}}
{"ts":1756113721725,"action":"FILE_OPENED","file":"/debug_normalization.py","tags":{"FILE_LINE_OF_CODE":"155"}}
{"ts":1756113723221,"action":"FILE_CLOSED","file":"/debug_normalization.py","tags":{"FILE_LINE_OF_CODE":"155"}}
{"ts":1756113723271,"action":"FILE_OPENED","file":"/differences_mockito.txt","tags":{"FILE_LINE_OF_CODE":"164"}}
{"ts":1756113761448,"action":"FILE_CLOSED","file":"/differences_mockito.txt","tags":{"FILE_LINE_OF_CODE":"156"}}
{"ts":1756113761511,"action":"FILE_OPENED","file":"/comparing logs/new/mockito_manual_log.csv","tags":{"FILE_LINE_OF_CODE":"null"}}
{"ts":1756113773392,"action":"FILE_CLOSED","file":"/comparing logs/new/mockito_manual_log.csv","tags":{"FILE_LINE_OF_CODE":"null"}}
{"ts":1756113773412,"action":"FILE_OPENED","file":"/comparing logs/old/mockito_manual_log.csv","tags":{"FILE_LINE_OF_CODE":"null"}}
{"ts":1756113777251,"action":"FILE_CLOSED","file":"/comparing logs/old/mockito_manual_log.csv","tags":{"FILE_LINE_OF_CODE":"null"}}
{"ts":1756113777251,"action":"FILE_OPENED","file":"/differences_mockito.txt","tags":{"FILE_LINE_OF_CODE":"156"}}
{"ts":1756113781881,"action":"FILE_CLOSED","file":"/differences_mockito.txt","tags":{"FILE_LINE_OF_CODE":"156"}}
{"ts":1756113781941,"action":"FILE_OPENED","file":"/comparing logs/old/logback_manual_log.csv","tags":{"FILE_LINE_OF_CODE":"null"}}
{"ts":1756113783064,"action":"FILE_CLOSED","file":"/comparing logs/old/logback_manual_log.csv","tags":{"FILE_LINE_OF_CODE":"null"}}
{"ts":1756113783083,"action":"FILE_OPENED","file":"/comparing logs/old/lombok_manual_log.csv","tags":{"FILE_LINE_OF_CODE":"null"}}
{"ts":1756113786047,"action":"FILE_CLOSED","file":"/comparing logs/old/lombok_manual_log.csv","tags":{"FILE_LINE_OF_CODE":"null"}}
{"ts":1756113786047,"action":"FILE_OPENED","file":"/differences_mockito.txt","tags":{"FILE_LINE_OF_CODE":"156"}}
{"ts":1756113793388,"action":"FILE_CLOSED","file":"/differences_mockito.txt","tags":{"FILE_LINE_OF_CODE":"156"}}
{"ts":1756113793388,"action":"FILE_OPENED","file":"/src/main/java/com/yourcompany/game/HistoricalAnalyzer.java","tags":{"FILE_LINE_OF_CODE":"464"}}
{"ts":1756113795302,"action":"FILE_CLOSED","file":"/src/main/java/com/yourcompany/game/HistoricalAnalyzer.java","tags":{"FILE_LINE_OF_CODE":"464"}}
{"ts":1756113795302,"action":"FILE_OPENED","file":"/src/main/java/com/yourcompany/game/App.java","tags":{"FILE_LINE_OF_CODE":"221"}}
{"ts":1756113815031,"action":"FILE_CLOSED","file":"/src/main/java/com/yourcompany/game/App.java","tags":{"FILE_LINE_OF_CODE":"221"}}
{"ts":1756113815031,"action":"FILE_OPENED","file":"/differences_mockito.txt","tags":{"FILE_LINE_OF_CODE":"156"}}
{"ts":1756113825339,"action":"IDE_DEACTIVATED"}
{"ts":1756113826908,"action":"IDE_ACTIVATED"}
{"ts":1756113887557,"action":"FILE_CLOSED","file":"/differences_mockito.txt","tags":{"FILE_LINE_OF_CODE":"156"}}
{"ts":1756113887742,"action":"FILE_OPENED","file":"/differences_logging-log4j2.txt","tags":{"FILE_LINE_OF_CODE":"1789"}}
{"ts":1756113899219,"action":"FILE_CLOSED","file":"/differences_logging-log4j2.txt","tags":{"FILE_LINE_OF_CODE":"1789"}}
{"ts":1756113899247,"action":"FILE_OPENED","file":"/mockito_checkpoint.properties","tags":{"FILE_LINE_OF_CODE":"5"}}
{"ts":1756113899747,"action":"FILE_CLOSED","file":"/mockito_checkpoint.properties","tags":{"FILE_LINE_OF_CODE":"5"}}
{"ts":1756113899762,"action":"FILE_OPENED","file":"/mockito_debug_manual_log.csv","tags":{"FILE_LINE_OF_CODE":"null"}}
{"ts":1756113901661,"action":"FILE_CLOSED","file":"/mockito_debug_manual_log.csv","tags":{"FILE_LINE_OF_CODE":"null"}}
{"ts":1756113901701,"action":"FILE_OPENED","file":"/mockito_checkpoint.properties","tags":{"FILE_LINE_OF_CODE":"5"}}
{"ts":1756113902318,"action":"FILE_CLOSED","file":"/mockito_checkpoint.properties","tags":{"FILE_LINE_OF_CODE":"5"}}
{"ts":1756113902331,"action":"FILE_OPENED","file":"/mockito_debug_manual_log.csv","tags":{"FILE_LINE_OF_CODE":"null"}}
{"ts":1756114048112,"action":"FILE_CLOSED","file":"/mockito_debug_manual_log.csv","tags":{"FILE_LINE_OF_CODE":"null"}}
{"ts":1756114048112,"action":"FILE_OPENED","file":"/differences_mockito.txt","tags":{"FILE_LINE_OF_CODE":"156"}}
{"ts":1756114048143,"action":"FILE_CLOSED","file":"/differences_mockito.txt","tags":{"FILE_LINE_OF_CODE":"156"}}
{"ts":1756114048342,"action":"FILE_OPENED","file":"/src/main/java/com/yourcompany/game/VarUsageAnalyzer.java","tags":{"FILE_LINE_OF_CODE":"82"}}
{"ts":1756114247640,"action":"IDE_DEACTIVATED"}
{"ts":1756114256643,"action":"IDE_ACTIVATED"}
{"ts":1756114286782,"action":"IDE_DEACTIVATED"}
{"ts":1756114287984,"action":"IDE_ACTIVATED"}
{"ts":1756114288431,"action":"IDE_DEACTIVATED"}
{"ts":1756114328848,"action":"IDE_ACTIVATED"}
{"ts":1756114356625,"action":"FILE_CLOSED","file":"/src/main/java/com/yourcompany/game/VarUsageAnalyzer.java","tags":{"FILE_LINE_OF_CODE":"68"}}
{"ts":1756114356664,"action":"FILE_OPENED","file":"/mockito_debug_manual_log.csv","tags":{"FILE_LINE_OF_CODE":"null"}}
{"ts":1756114370641,"action":"FILE_CLOSED","file":"/mockito_debug_manual_log.csv","tags":{"FILE_LINE_OF_CODE":"null"}}
{"ts":1756114370641,"action":"FILE_OPENED","file":"/src/main/java/com/yourcompany/game/VarUsageAnalyzer.java","tags":{"FILE_LINE_OF_CODE":"68"}}
{"ts":1756114372661,"action":"FILE_CLOSED","file":"/src/main/java/com/yourcompany/game/VarUsageAnalyzer.java","tags":{"FILE_LINE_OF_CODE":"68"}}
{"ts":1756114372810,"action":"FILE_OPENED","file":"/mockito_checkpoint.properties","tags":{"FILE_LINE_OF_CODE":"5"}}
{"ts":1756114379749,"action":"FILE_CLOSED","file":"/mockito_checkpoint.properties","tags":{"FILE_LINE_OF_CODE":"5"}}
{"ts":1756114379749,"action":"FILE_OPENED","file":"/src/main/java/com/yourcompany/game/App.java","tags":{"FILE_LINE_OF_CODE":"221"}}
{"ts":1756114411123,"action":"FILE_CLOSED","file":"/src/main/java/com/yourcompany/game/App.java","tags":{"FILE_LINE_OF_CODE":"221"}}
{"ts":1756114411182,"action":"FILE_OPENED","file":"/mockito_debug_manual_log.csv","tags":{"FILE_LINE_OF_CODE":"null"}}
{"ts":1756114422590,"action":"FILE_CLOSED","file":"/mockito_debug_manual_log.csv","tags":{"FILE_LINE_OF_CODE":"null"}}
{"ts":1756114422590,"action":"FILE_OPENED","file":"/src/main/java/com/yourcompany/game/VarUsageAnalyzer.java","tags":{"FILE_LINE_OF_CODE":"68"}}
{"ts":1756114422640,"action":"FILE_CLOSED","file":"/src/main/java/com/yourcompany/game/VarUsageAnalyzer.java","tags":{"FILE_LINE_OF_CODE":"68"}}
{"ts":1756114422895,"action":"FILE_OPENED","file":"/src/main/java/com/yourcompany/game/SwitchExpressionAnalyzer.java","tags":{"FILE_LINE_OF_CODE":"56"}}
{"ts":1756114429999,"action":"FILE_CLOSED","file":"/src/main/java/com/yourcompany/game/SwitchExpressionAnalyzer.java","tags":{"FILE_LINE_OF_CODE":"56"}}
{"ts":1756114430072,"action":"FILE_OPENED","file":"/mockito_debug_manual_log.csv","tags":{"FILE_LINE_OF_CODE":"null"}}
{"ts":1756114432309,"action":"FILE_CLOSED","file":"/mockito_debug_manual_log.csv","tags":{"FILE_LINE_OF_CODE":"null"}}
{"ts":1756114432309,"action":"FILE_OPENED","file":"/src/main/java/com/yourcompany/game/SwitchExpressionAnalyzer.java","tags":{"FILE_LINE_OF_CODE":"56"}}
{"ts":1756114432385,"action":"FILE_CLOSED","file":"/src/main/java/com/yourcompany/game/SwitchExpressionAnalyzer.java","tags":{"FILE_LINE_OF_CODE":"56"}}
{"ts":1756114432808,"action":"FILE_OPENED","file":"/src/main/java/com/yourcompany/game/RecordDeclarationAnalyzer.java","tags":{"FILE_LINE_OF_CODE":"59"}}
{"ts":1756114442260,"action":"FILE_CLOSED","file":"/src/main/java/com/yourcompany/game/RecordDeclarationAnalyzer.java","tags":{"FILE_LINE_OF_CODE":"59"}}
{"ts":1756114442424,"action":"FILE_OPENED","file":"/src/main/java/com/yourcompany/game/TextBlockAnalyzer.java","tags":{"FILE_LINE_OF_CODE":"44"}}
{"ts":1756114448964,"action":"FILE_CLOSED","file":"/src/main/java/com/yourcompany/game/TextBlockAnalyzer.java","tags":{"FILE_LINE_OF_CODE":"56"}}
{"ts":1756114448964,"action":"FILE_OPENED","file":"/src/main/java/com/yourcompany/game/RecordDeclarationAnalyzer.java","tags":{"FILE_LINE_OF_CODE":"59"}}
{"ts":1756114460551,"action":"FILE_CLOSED","file":"/src/main/java/com/yourcompany/game/RecordDeclarationAnalyzer.java","tags":{"FILE_LINE_OF_CODE":"59"}}
{"ts":1756114460574,"action":"FILE_OPENED","file":"/mockito_checkpoint.properties","tags":{"FILE_LINE_OF_CODE":"5"}}
{"ts":1756114460940,"action":"FILE_CLOSED","file":"/mockito_checkpoint.properties","tags":{"FILE_LINE_OF_CODE":"5"}}
{"ts":1756114460963,"action":"FILE_OPENED","file":"/mockito_debug_manual_log.csv","tags":{"FILE_LINE_OF_CODE":"null"}}
{"ts":1756114461876,"action":"FILE_OPENED","file":"/src/main/java/com/yourcompany/game/RecordDeclarationAnalyzer.java","tags":{"FILE_LINE_OF_CODE":"59"}}
{"ts":1756114466842,"action":"FILE_CLOSED","file":"/src/main/java/com/yourcompany/game/RecordDeclarationAnalyzer.java","tags":{"FILE_LINE_OF_CODE":"59"}}
{"ts":1756114466961,"action":"FILE_OPENED","file":"/src/main/java/com/yourcompany/game/PatternMatchingSwitchAnalyzer.java","tags":{"FILE_LINE_OF_CODE":"108"}}
{"ts":1756114479894,"action":"FILE_CLOSED","file":"/src/main/java/com/yourcompany/game/PatternMatchingSwitchAnalyzer.java","tags":{"FILE_LINE_OF_CODE":"119"}}
{"ts":1756114480174,"action":"FILE_OPENED","file":"/mockito_checkpoint.properties","tags":{"FILE_LINE_OF_CODE":"5"}}
{"ts":1756114480294,"action":"FILE_CLOSED","file":"/mockito_checkpoint.properties","tags":{"FILE_LINE_OF_CODE":"5"}}
{"ts":1756114480318,"action":"FILE_OPENED","file":"/mockito_debug_manual_log.csv","tags":{"FILE_LINE_OF_CODE":"null"}}
{"ts":1756114505935,"action":"FILE_OPENED","file":"/src/main/java/com/yourcompany/game/PatternMatchingSwitchAnalyzer.java","tags":{"FILE_LINE_OF_CODE":"119"}}
{"ts":1756114516571,"action":"FILE_CLOSED","file":"/src/main/java/com/yourcompany/game/PatternMatchingSwitchAnalyzer.java","tags":{"FILE_LINE_OF_CODE":"119"}}
{"ts":1756114516583,"action":"FILE_OPENED","file":"/assertj_debug_manual_log.csv","tags":{"FILE_LINE_OF_CODE":"null"}}
{"ts":1756114523804,"action":"FILE_CLOSED","file":"/assertj_debug_manual_log.csv","tags":{"FILE_LINE_OF_CODE":"null"}}
{"ts":1756114523804,"action":"FILE_OPENED","file":"/differences_mockito.txt","tags":{"FILE_LINE_OF_CODE":"156"}}
{"ts":1756114534419,"action":"FILE_OPENED","file":"/src/main/java/com/yourcompany/game/HistoricalAnalyzer.java","tags":{"FILE_LINE_OF_CODE":"464"}}
{"ts":1756114535492,"action":"FILE_CLOSED","file":"/src/main/java/com/yourcompany/game/HistoricalAnalyzer.java","tags":{"FILE_LINE_OF_CODE":"464"}}
{"ts":1756114535515,"action":"FILE_OPENED","file":"/differences_testng.txt","tags":{"FILE_LINE_OF_CODE":"80"}}
{"ts":1756114544452,"action":"FILE_OPENED","file":"/src/main/java/com/yourcompany/game/PatternMatchingSwitchAnalyzer.java","tags":{"FILE_LINE_OF_CODE":"119"}}
{"ts":1756114545435,"action":"FILE_CLOSED","file":"/src/main/java/com/yourcompany/game/PatternMatchingSwitchAnalyzer.java","tags":{"FILE_LINE_OF_CODE":"119"}}
{"ts":1756114545478,"action":"FILE_OPENED","file":"/differences_slf4j.txt","tags":{"FILE_LINE_OF_CODE":"66"}}
{"ts":1756114552172,"action":"FILE_OPENED","file":"/src/main/java/com/yourcompany/game/PatternMatchingSwitchAnalyzer.java","tags":{"FILE_LINE_OF_CODE":"119"}}
{"ts":1756114552535,"action":"FILE_CLOSED","file":"/src/main/java/com/yourcompany/game/PatternMatchingSwitchAnalyzer.java","tags":{"FILE_LINE_OF_CODE":"119"}}
{"ts":1756114552620,"action":"FILE_OPENED","file":"/differences_lombok.txt","tags":{"FILE_LINE_OF_CODE":"132"}}
{"ts":1756114611592,"action":"FILE_CLOSED","file":"/differences_lombok.txt","tags":{"FILE_LINE_OF_CODE":"132"}}
{"ts":1756114611592,"action":"FILE_OPENED","file":"/src/main/java/com/yourcompany/game/PatternMatchingSwitchAnalyzer.java","tags":{"FILE_LINE_OF_CODE":"119"}}
{"ts":1756114611621,"action":"FILE_CLOSED","file":"/src/main/java/com/yourcompany/game/PatternMatchingSwitchAnalyzer.java","tags":{"FILE_LINE_OF_CODE":"119"}}
{"ts":1756114611679,"action":"FILE_OPENED","file":"/comparing implementation/gameold/PatternMatchingSwitchAnalyzer.java","tags":{"FILE_LINE_OF_CODE":"100"}}
{"ts":1756114613440,"action":"FILE_CLOSED","file":"/comparing implementation/gameold/PatternMatchingSwitchAnalyzer.java","tags":{"FILE_LINE_OF_CODE":"100"}}
{"ts":1756114613440,"action":"FILE_OPENED","file":"/src/main/java/com/yourcompany/game/PatternMatchingSwitchAnalyzer.java","tags":{"FILE_LINE_OF_CODE":"119"}}
{"ts":1756114631207,"action":"FILE_CLOSED","file":"/src/main/java/com/yourcompany/game/PatternMatchingSwitchAnalyzer.java","tags":{"FILE_LINE_OF_CODE":"119"}}
{"ts":1756114631265,"action":"FILE_OPENED","file":"/differences_lombok.txt","tags":{"FILE_LINE_OF_CODE":"132"}}
{"ts":1756114709393,"action":"IDE_DEACTIVATED"}
{"ts":1756114801657,"action":"IDE_ACTIVATED"}
{"ts":1756114807865,"action":"FILE_CLOSED","file":"/differences_lombok.txt","tags":{"FILE_LINE_OF_CODE":"121"}}
{"ts":1756114807865,"action":"FILE_OPENED","file":"/src/main/java/com/yourcompany/game/App.java","tags":{"FILE_LINE_OF_CODE":"221"}}
{"ts":1756114828525,"action":"FILE_CLOSED","file":"/src/main/java/com/yourcompany/game/App.java","tags":{"FILE_LINE_OF_CODE":"221"}}
{"ts":1756114828609,"action":"FILE_OPENED","file":"/lombok_debug_manual_log.csv","tags":{"FILE_LINE_OF_CODE":"null"}}
{"ts":1756114834424,"action":"FILE_CLOSED","file":"/lombok_debug_manual_log.csv","tags":{"FILE_LINE_OF_CODE":"null"}}
{"ts":1756114834424,"action":"FILE_OPENED","file":"/src/main/java/com/yourcompany/game/SealedClassAnalyzer.java","tags":{"FILE_LINE_OF_CODE":"76"}}
{"ts":1756114839889,"action":"FILE_CLOSED","file":"/src/main/java/com/yourcompany/game/SealedClassAnalyzer.java","tags":{"FILE_LINE_OF_CODE":"76"}}
{"ts":1756114839889,"action":"FILE_OPENED","file":"/differences_lombok.txt","tags":{"FILE_LINE_OF_CODE":"121"}}
{"ts":1756114845150,"action":"FILE_CLOSED","file":"/differences_lombok.txt","tags":{"FILE_LINE_OF_CODE":"121"}}
{"ts":1756114845150,"action":"FILE_OPENED","file":"/src/main/java/com/yourcompany/game/SealedClassAnalyzer.java","tags":{"FILE_LINE_OF_CODE":"76"}}
{"ts":1756114845615,"action":"FILE_CLOSED","file":"/src/main/java/com/yourcompany/game/SealedClassAnalyzer.java","tags":{"FILE_LINE_OF_CODE":"76"}}
{"ts":1756114845615,"action":"FILE_OPENED","file":"/differences_lombok.txt","tags":{"FILE_LINE_OF_CODE":"121"}}
{"ts":1756114846179,"action":"FILE_CLOSED","file":"/differences_lombok.txt","tags":{"FILE_LINE_OF_CODE":"121"}}
{"ts":1756114846179,"action":"FILE_OPENED","file":"/lombok_debug_manual_log.csv","tags":{"FILE_LINE_OF_CODE":"null"}}
{"ts":1756114859223,"action":"FILE_CLOSED","file":"/lombok_debug_manual_log.csv","tags":{"FILE_LINE_OF_CODE":"null"}}
{"ts":1756114859223,"action":"FILE_OPENED","file":"/src/main/java/com/yourcompany/game/App.java","tags":{"FILE_LINE_OF_CODE":"221"}}
{"ts":1756114864640,"action":"FILE_CLOSED","file":"/src/main/java/com/yourcompany/game/App.java","tags":{"FILE_LINE_OF_CODE":"221"}}
{"ts":1756114864640,"action":"FILE_OPENED","file":"/differences_lombok.txt","tags":{"FILE_LINE_OF_CODE":"121"}}
{"ts":1756114895263,"action":"FILE_CLOSED","file":"/differences_lombok.txt","tags":{"FILE_LINE_OF_CODE":"116"}}
{"ts":1756114895263,"action":"FILE_OPENED","file":"/src/main/java/com/yourcompany/game/App.java","tags":{"FILE_LINE_OF_CODE":"221"}}
{"ts":1756114904327,"action":"FILE_CLOSED","file":"/src/main/java/com/yourcompany/game/App.java","tags":{"FILE_LINE_OF_CODE":"221"}}
{"ts":1756114904384,"action":"FILE_OPENED","file":"/lombok_manual_log.csv","tags":{"FILE_LINE_OF_CODE":"null"}}
{"ts":1756114904943,"action":"FILE_CLOSED","file":"/lombok_manual_log.csv","tags":{"FILE_LINE_OF_CODE":"null"}}
{"ts":1756114905040,"action":"FILE_OPENED","file":"/lombok_debug_manual_log.csv","tags":{"FILE_LINE_OF_CODE":"null"}}
{"ts":1756114906636,"action":"FILE_OPENED","file":"/src/main/java/com/yourcompany/game/App.java","tags":{"FILE_LINE_OF_CODE":"221"}}
{"ts":1756114921423,"action":"FILE_CLOSED","file":"/src/main/java/com/yourcompany/game/App.java","tags":{"FILE_LINE_OF_CODE":"221"}}
{"ts":1756114921423,"action":"FILE_OPENED","file":"/differences_lombok.txt","tags":{"FILE_LINE_OF_CODE":"116"}}
{"ts":1756114922461,"action":"FILE_CLOSED","file":"/differences_lombok.txt","tags":{"FILE_LINE_OF_CODE":"116"}}
{"ts":1756114922461,"action":"FILE_OPENED","file":"/src/main/java/com/yourcompany/game/App.java","tags":{"FILE_LINE_OF_CODE":"221"}}
{"ts":1756114942540,"action":"FILE_CLOSED","file":"/src/main/java/com/yourcompany/game/App.java","tags":{"FILE_LINE_OF_CODE":"221"}}
{"ts":1756114942555,"action":"FILE_OPENED","file":"/lombok_manual_log.csv","tags":{"FILE_LINE_OF_CODE":"null"}}
{"ts":1756114943734,"action":"FILE_CLOSED","file":"/lombok_manual_log.csv","tags":{"FILE_LINE_OF_CODE":"null"}}
{"ts":1756114943734,"action":"FILE_OPENED","file":"/differences_lombok.txt","tags":{"FILE_LINE_OF_CODE":"116"}}
{"ts":1756114945278,"action":"FILE_CLOSED","file":"/differences_lombok.txt","tags":{"FILE_LINE_OF_CODE":"116"}}
{"ts":1756114945278,"action":"FILE_OPENED","file":"/lombok_manual_log.csv","tags":{"FILE_LINE_OF_CODE":"null"}}
{"ts":1756114951822,"action":"FILE_CLOSED","file":"/lombok_manual_log.csv","tags":{"FILE_LINE_OF_CODE":"null"}}
{"ts":1756114951822,"action":"FILE_OPENED","file":"/src/main/java/com/yourcompany/game/App.java","tags":{"FILE_LINE_OF_CODE":"221"}}
{"ts":1756114952717,"action":"FILE_CLOSED","file":"/src/main/java/com/yourcompany/game/App.java","tags":{"FILE_LINE_OF_CODE":"221"}}
{"ts":1756114952717,"action":"FILE_OPENED","file":"/differences_lombok.txt","tags":{"FILE_LINE_OF_CODE":"116"}}
{"ts":1756114959683,"action":"FILE_CLOSED","file":"/differences_lombok.txt","tags":{"FILE_LINE_OF_CODE":"116"}}
{"ts":1756114959683,"action":"FILE_OPENED","file":"/lombok_manual_log.csv","tags":{"FILE_LINE_OF_CODE":"null"}}
{"ts":1756114973946,"action":"FILE_CLOSED","file":"/lombok_manual_log.csv","tags":{"FILE_LINE_OF_CODE":"null"}}
{"ts":1756114973946,"action":"FILE_OPENED","file":"/src/main/java/com/yourcompany/game/App.java","tags":{"FILE_LINE_OF_CODE":"221"}}
{"ts":1756114975345,"action":"FILE_CLOSED","file":"/src/main/java/com/yourcompany/game/App.java","tags":{"FILE_LINE_OF_CODE":"221"}}
{"ts":1756114975345,"action":"FILE_OPENED","file":"/differences_lombok.txt","tags":{"FILE_LINE_OF_CODE":"116"}}
{"ts":1756114985935,"action":"FILE_CLOSED","file":"/differences_lombok.txt","tags":{"FILE_LINE_OF_CODE":"116"}}
{"ts":1756114985935,"action":"FILE_OPENED","file":"/lombok_manual_log.csv","tags":{"FILE_LINE_OF_CODE":"null"}}
{"ts":1756114990857,"action":"FILE_CLOSED","file":"/lombok_manual_log.csv","tags":{"FILE_LINE_OF_CODE":"null"}}
{"ts":1756114990857,"action":"FILE_OPENED","file":"/differences_lombok.txt","tags":{"FILE_LINE_OF_CODE":"116"}}
{"ts":1756114992435,"action":"FILE_CLOSED","file":"/differences_lombok.txt","tags":{"FILE_LINE_OF_CODE":"116"}}
{"ts":1756114992435,"action":"FILE_OPENED","file":"/src/main/java/com/yourcompany/game/App.java","tags":{"FILE_LINE_OF_CODE":"221"}}
{"ts":1756114993188,"action":"FILE_CLOSED","file":"/src/main/java/com/yourcompany/game/App.java","tags":{"FILE_LINE_OF_CODE":"221"}}
{"ts":1756114993188,"action":"FILE_OPENED","file":"/differences_lombok.txt","tags":{"FILE_LINE_OF_CODE":"116"}}
{"ts":1756115002946,"action":"FILE_CLOSED","file":"/differences_lombok.txt","tags":{"FILE_LINE_OF_CODE":"116"}}
{"ts":1756115002947,"action":"FILE_OPENED","file":"/src/main/java/com/yourcompany/game/App.java","tags":{"FILE_LINE_OF_CODE":"221"}}
{"ts":1756115046817,"action":"FILE_CLOSED","file":"/src/main/java/com/yourcompany/game/App.java","tags":{"FILE_LINE_OF_CODE":"221"}}
{"ts":1756115046817,"action":"FILE_OPENED","file":"/differences_lombok.txt","tags":{"FILE_LINE_OF_CODE":"116"}}
{"ts":1756115071232,"action":"FILE_CLOSED","file":"/differences_lombok.txt","tags":{"FILE_LINE_OF_CODE":"116"}}
{"ts":1756115071350,"action":"FILE_OPENED","file":"/lombok_debug_manual_log.csv","tags":{"FILE_LINE_OF_CODE":"null"}}
{"ts":1756115072418,"action":"FILE_OPENED","file":"/src/main/java/com/yourcompany/game/App.java","tags":{"FILE_LINE_OF_CODE":"221"}}
{"ts":1756115073637,"action":"FILE_CLOSED","file":"/src/main/java/com/yourcompany/game/App.java","tags":{"FILE_LINE_OF_CODE":"221"}}
{"ts":1756115073663,"action":"FILE_OPENED","file":"/lombok_manual_log.csv","tags":{"FILE_LINE_OF_CODE":"null"}}
{"ts":1756115099259,"action":"FILE_CLOSED","file":"/lombok_manual_log.csv","tags":{"FILE_LINE_OF_CODE":"null"}}
{"ts":1756115099275,"action":"FILE_OPENED","file":"/lombok_debug_manual_log.csv","tags":{"FILE_LINE_OF_CODE":"null"}}
{"ts":1756115109743,"action":"FILE_CLOSED","file":"/lombok_debug_manual_log.csv","tags":{"FILE_LINE_OF_CODE":"null"}}
{"ts":1756115109743,"action":"FILE_OPENED","file":"/src/main/java/com/yourcompany/game/App.java","tags":{"FILE_LINE_OF_CODE":"221"}}
{"ts":1756115110258,"action":"FILE_CLOSED","file":"/src/main/java/com/yourcompany/game/App.java","tags":{"FILE_LINE_OF_CODE":"221"}}
{"ts":1756115110258,"action":"FILE_OPENED","file":"/differences_lombok.txt","tags":{"FILE_LINE_OF_CODE":"116"}}
{"ts":1756115133777,"action":"FILE_CLOSED","file":"/differences_lombok.txt","tags":{"FILE_LINE_OF_CODE":"105"}}
{"ts":1756115133883,"action":"FILE_OPENED","file":"/lombok_manual_log.csv","tags":{"FILE_LINE_OF_CODE":"null"}}
{"ts":1756115134183,"action":"FILE_CLOSED","file":"/lombok_manual_log.csv","tags":{"FILE_LINE_OF_CODE":"null"}}
{"ts":1756115134229,"action":"FILE_OPENED","file":"/lombok_debug_manual_log.csv","tags":{"FILE_LINE_OF_CODE":"null"}}
{"ts":1756115135325,"action":"FILE_OPENED","file":"/src/main/java/com/yourcompany/game/App.java","tags":{"FILE_LINE_OF_CODE":"221"}}
{"ts":1756115151404,"action":"FILE_CLOSED","file":"/src/main/java/com/yourcompany/game/App.java","tags":{"FILE_LINE_OF_CODE":"221"}}
{"ts":1756115151701,"action":"FILE_OPENED","file":"/lombok_manual_log.csv","tags":{"FILE_LINE_OF_CODE":"null"}}
{"ts":1756115152641,"action":"FILE_CLOSED","file":"/lombok_manual_log.csv","tags":{"FILE_LINE_OF_CODE":"null"}}
{"ts":1756115152769,"action":"FILE_OPENED","file":"/lombok_checkpoint.properties","tags":{"FILE_LINE_OF_CODE":"5"}}
{"ts":1756115153583,"action":"FILE_CLOSED","file":"/lombok_checkpoint.properties","tags":{"FILE_LINE_OF_CODE":"5"}}
{"ts":1756115153684,"action":"FILE_OPENED","file":"/lombok_manual_log.csv","tags":{"FILE_LINE_OF_CODE":"null"}}
{"ts":1756115154424,"action":"FILE_CLOSED","file":"/lombok_manual_log.csv","tags":{"FILE_LINE_OF_CODE":"null"}}
{"ts":1756115154679,"action":"FILE_OPENED","file":"/lombok_checkpoint.properties","tags":{"FILE_LINE_OF_CODE":"5"}}
{"ts":1756115157066,"action":"FILE_CLOSED","file":"/lombok_checkpoint.properties","tags":{"FILE_LINE_OF_CODE":"5"}}
{"ts":1756115157081,"action":"FILE_OPENED","file":"/lombok_debug_manual_log.csv","tags":{"FILE_LINE_OF_CODE":"null"}}
{"ts":1756115160021,"action":"FILE_CLOSED","file":"/lombok_debug_manual_log.csv","tags":{"FILE_LINE_OF_CODE":"null"}}
{"ts":1756115160021,"action":"FILE_OPENED","file":"/differences_lombok.txt","tags":{"FILE_LINE_OF_CODE":"105"}}
{"ts":1756115162689,"action":"FILE_CLOSED","file":"/differences_lombok.txt","tags":{"FILE_LINE_OF_CODE":"105"}}
{"ts":1756115162689,"action":"FILE_OPENED","file":"/lombok_debug_manual_log.csv","tags":{"FILE_LINE_OF_CODE":"null"}}
{"ts":1756115169400,"action":"FILE_CLOSED","file":"/lombok_debug_manual_log.csv","tags":{"FILE_LINE_OF_CODE":"null"}}
{"ts":1756115169400,"action":"FILE_OPENED","file":"/src/main/java/com/yourcompany/game/App.java","tags":{"FILE_LINE_OF_CODE":"221"}}
{"ts":1756115171292,"action":"FILE_CLOSED","file":"/src/main/java/com/yourcompany/game/App.java","tags":{"FILE_LINE_OF_CODE":"221"}}
{"ts":1756115171292,"action":"FILE_OPENED","file":"/differences_lombok.txt","tags":{"FILE_LINE_OF_CODE":"105"}}
{"ts":1756115181330,"action":"FILE_CLOSED","file":"/differences_lombok.txt","tags":{"FILE_LINE_OF_CODE":"105"}}
{"ts":1756115181330,"action":"FILE_OPENED","file":"/lombok_debug_manual_log.csv","tags":{"FILE_LINE_OF_CODE":"null"}}
{"ts":1756115187420,"action":"FILE_CLOSED","file":"/lombok_debug_manual_log.csv","tags":{"FILE_LINE_OF_CODE":"null"}}
{"ts":1756115187420,"action":"FILE_OPENED","file":"/differences_lombok.txt","tags":{"FILE_LINE_OF_CODE":"105"}}
{"ts":1756115193777,"action":"FILE_CLOSED","file":"/differences_lombok.txt","tags":{"FILE_LINE_OF_CODE":"105"}}
{"ts":1756115193777,"action":"FILE_OPENED","file":"/src/main/java/com/yourcompany/game/PatternMatchingSwitchAnalyzer.java","tags":{"FILE_LINE_OF_CODE":"119"}}
{"ts":1756115194483,"action":"FILE_CLOSED","file":"/src/main/java/com/yourcompany/game/PatternMatchingSwitchAnalyzer.java","tags":{"FILE_LINE_OF_CODE":"119"}}
{"ts":1756115194483,"action":"FILE_OPENED","file":"/lombok_debug_manual_log.csv","tags":{"FILE_LINE_OF_CODE":"null"}}
{"ts":1756115205997,"action":"FILE_CLOSED","file":"/lombok_debug_manual_log.csv","tags":{"FILE_LINE_OF_CODE":"null"}}
{"ts":1756115206084,"action":"FILE_OPENED","file":"/differences_lombok.txt","tags":{"FILE_LINE_OF_CODE":"105"}}
{"ts":1756115220554,"action":"FILE_CLOSED","file":"/differences_lombok.txt","tags":{"FILE_LINE_OF_CODE":"80"}}
{"ts":1756115220554,"action":"FILE_OPENED","file":"/src/main/java/com/yourcompany/game/App.java","tags":{"FILE_LINE_OF_CODE":"221"}}
{"ts":1756115230648,"action":"FILE_CLOSED","file":"/src/main/java/com/yourcompany/game/App.java","tags":{"FILE_LINE_OF_CODE":"221"}}
{"ts":1756115230729,"action":"FILE_OPENED","file":"/lombok_debug_manual_log.csv","tags":{"FILE_LINE_OF_CODE":"null"}}
{"ts":1756115234677,"action":"FILE_OPENED","file":"/src/main/java/com/yourcompany/game/App.java","tags":{"FILE_LINE_OF_CODE":"221"}}
{"ts":1756115249290,"action":"FILE_CLOSED","file":"/src/main/java/com/yourcompany/game/App.java","tags":{"FILE_LINE_OF_CODE":"221"}}
{"ts":1756115249302,"action":"FILE_OPENED","file":"/lombok_debug_manual_log.csv","tags":{"FILE_LINE_OF_CODE":"null"}}
{"ts":1756115254431,"action":"FILE_CLOSED","file":"/lombok_debug_manual_log.csv","tags":{"FILE_LINE_OF_CODE":"null"}}
{"ts":1756115254431,"action":"FILE_OPENED","file":"/src/main/java/com/yourcompany/game/App.java","tags":{"FILE_LINE_OF_CODE":"221"}}
{"ts":1756115254990,"action":"FILE_CLOSED","file":"/src/main/java/com/yourcompany/game/App.java","tags":{"FILE_LINE_OF_CODE":"221"}}
{"ts":1756115254990,"action":"FILE_OPENED","file":"/src/main/java/com/yourcompany/game/PatternMatchingSwitchAnalyzer.java","tags":{"FILE_LINE_OF_CODE":"119"}}
{"ts":1756115262681,"action":"FILE_CLOSED","file":"/src/main/java/com/yourcompany/game/PatternMatchingSwitchAnalyzer.java","tags":{"FILE_LINE_OF_CODE":"119"}}
{"ts":1756115262681,"action":"FILE_OPENED","file":"/differences_lombok.txt","tags":{"FILE_LINE_OF_CODE":"80"}}
{"ts":1756115271511,"action":"FILE_CLOSED","file":"/differences_lombok.txt","tags":{"FILE_LINE_OF_CODE":"71"}}
{"ts":1756115271511,"action":"FILE_OPENED","file":"/src/main/java/com/yourcompany/game/App.java","tags":{"FILE_LINE_OF_CODE":"221"}}
{"ts":1756115281469,"action":"FILE_CLOSED","file":"/src/main/java/com/yourcompany/game/App.java","tags":{"FILE_LINE_OF_CODE":"221"}}
{"ts":1756115281574,"action":"FILE_OPENED","file":"/lombok_manual_log.csv","tags":{"FILE_LINE_OF_CODE":"null"}}
{"ts":1756115282482,"action":"FILE_CLOSED","file":"/lombok_manual_log.csv","tags":{"FILE_LINE_OF_CODE":"null"}}
{"ts":1756115282554,"action":"FILE_OPENED","file":"/lombok_debug_manual_log.csv","tags":{"FILE_LINE_OF_CODE":"null"}}
{"ts":1756115283592,"action":"FILE_OPENED","file":"/src/main/java/com/yourcompany/game/App.java","tags":{"FILE_LINE_OF_CODE":"221"}}
{"ts":1756115298354,"action":"FILE_CLOSED","file":"/src/main/java/com/yourcompany/game/App.java","tags":{"FILE_LINE_OF_CODE":"221"}}
{"ts":1756115298368,"action":"FILE_OPENED","file":"/lombok_manual_log.csv","tags":{"FILE_LINE_OF_CODE":"null"}}
{"ts":1756115298892,"action":"FILE_CLOSED","file":"/lombok_manual_log.csv","tags":{"FILE_LINE_OF_CODE":"null"}}
{"ts":1756115298893,"action":"FILE_OPENED","file":"/src/main/java/com/yourcompany/game/App.java","tags":{"FILE_LINE_OF_CODE":"221"}}
{"ts":1756115298964,"action":"FILE_CLOSED","file":"/src/main/java/com/yourcompany/game/App.java","tags":{"FILE_LINE_OF_CODE":"221"}}
{"ts":1756115299026,"action":"FILE_OPENED","file":"/lombok_debug_manual_log.csv","tags":{"FILE_LINE_OF_CODE":"null"}}
{"ts":1756115301356,"action":"FILE_CLOSED","file":"/lombok_debug_manual_log.csv","tags":{"FILE_LINE_OF_CODE":"null"}}
{"ts":1756115301356,"action":"FILE_OPENED","file":"/src/main/java/com/yourcompany/game/App.java","tags":{"FILE_LINE_OF_CODE":"221"}}
{"ts":1756115302592,"action":"FILE_CLOSED","file":"/src/main/java/com/yourcompany/game/App.java","tags":{"FILE_LINE_OF_CODE":"221"}}
{"ts":1756115302592,"action":"FILE_OPENED","file":"/differences_lombok.txt","tags":{"FILE_LINE_OF_CODE":"71"}}
{"ts":1756115305567,"action":"FILE_CLOSED","file":"/differences_lombok.txt","tags":{"FILE_LINE_OF_CODE":"71"}}
{"ts":1756115305567,"action":"FILE_OPENED","file":"/lombok_debug_manual_log.csv","tags":{"FILE_LINE_OF_CODE":"null"}}
{"ts":1756115324688,"action":"IDE_DEACTIVATED"}
{"ts":1756115325126,"action":"IDE_ACTIVATED"}
{"ts":1756115327235,"action":"FILE_CLOSED","file":"/lombok_debug_manual_log.csv","tags":{"FILE_LINE_OF_CODE":"null"}}
{"ts":1756115327235,"action":"FILE_OPENED","file":"/differences_lombok.txt","tags":{"FILE_LINE_OF_CODE":"71"}}
{"ts":1756115343210,"action":"IDE_DEACTIVATED"}
{"ts":1756115345508,"action":"IDE_ACTIVATED"}
{"ts":1756115349958,"action":"FILE_CLOSED","file":"/differences_lombok.txt","tags":{"FILE_LINE_OF_CODE":"71"}}
{"ts":1756115350009,"action":"FILE_OPENED","file":"/lombok_manual_log.csv","tags":{"FILE_LINE_OF_CODE":"null"}}
{"ts":1756115350386,"action":"FILE_CLOSED","file":"/lombok_manual_log.csv","tags":{"FILE_LINE_OF_CODE":"null"}}
{"ts":1756115350386,"action":"FILE_OPENED","file":"/lombok_debug_manual_log.csv","tags":{"FILE_LINE_OF_CODE":"null"}}
{"ts":1756115351765,"action":"FILE_OPENED","file":"/src/main/java/com/yourcompany/game/App.java","tags":{"FILE_LINE_OF_CODE":"221"}}
{"ts":1756115353382,"action":"IDE_DEACTIVATED"}
{"ts":1756115426498,"action":"IDE_ACTIVATED"}
{"ts":1756115734231,"action":"FILE_CLOSED","file":"/src/main/java/com/yourcompany/game/App.java","tags":{"FILE_LINE_OF_CODE":"221"}}
{"ts":1756115734457,"action":"FILE_OPENED","file":"/src/main/java/com/yourcompany/game/TextBlockAnalyzer.java","tags":{"FILE_LINE_OF_CODE":"56"}}
{"ts":1756115751856,"action":"IDE_DEACTIVATED"}
{"ts":1756115757169,"action":"FILE_CLOSED","file":"/src/main/java/com/yourcompany/game/TextBlockAnalyzer.java","tags":{"FILE_LINE_OF_CODE":"60"}}
{"ts":1756115757517,"action":"IDE_ACTIVATED"}
{"ts":1756115757535,"action":"FILE_OPENED","file":"/src/main/java/com/yourcompany/game/SealedClassAnalyzer.java","tags":{"FILE_LINE_OF_CODE":"76"}}
{"ts":1756115860502,"action":"FILE_CLOSED","file":"/src/main/java/com/yourcompany/game/SealedClassAnalyzer.java","tags":{"FILE_LINE_OF_CODE":"80"}}
{"ts":1756115860502,"action":"FILE_OPENED","file":"/src/main/java/com/yourcompany/game/TextBlockAnalyzer.java","tags":{"FILE_LINE_OF_CODE":"60"}}
{"ts":1756115866111,"action":"FILE_CLOSED","file":"/src/main/java/com/yourcompany/game/TextBlockAnalyzer.java","tags":{"FILE_LINE_OF_CODE":"60"}}
{"ts":1756115866111,"action":"FILE_OPENED","file":"/src/main/java/com/yourcompany/game/App.java","tags":{"FILE_LINE_OF_CODE":"221"}}
{"ts":1756115876328,"action":"FILE_CLOSED","file":"/src/main/java/com/yourcompany/game/App.java","tags":{"FILE_LINE_OF_CODE":"221"}}
{"ts":1756115876328,"action":"FILE_OPENED","file":"/differences_lombok.txt","tags":{"FILE_LINE_OF_CODE":"71"}}
{"ts":1756115884685,"action":"FILE_CLOSED","file":"/differences_lombok.txt","tags":{"FILE_LINE_OF_CODE":"71"}}
{"ts":1756115884736,"action":"FILE_OPENED","file":"/lombok_debug_manual_log.csv","tags":{"FILE_LINE_OF_CODE":"null"}}
{"ts":1756115891830,"action":"FILE_CLOSED","file":"/lombok_debug_manual_log.csv","tags":{"FILE_LINE_OF_CODE":"null"}}
{"ts":1756115891830,"action":"FILE_OPENED","file":"/differences_lombok.txt","tags":{"FILE_LINE_OF_CODE":"71"}}
{"ts":1756115894541,"action":"FILE_CLOSED","file":"/differences_lombok.txt","tags":{"FILE_LINE_OF_CODE":"71"}}
{"ts":1756115894541,"action":"FILE_OPENED","file":"/src/main/java/com/yourcompany/game/TextBlockAnalyzer.java","tags":{"FILE_LINE_OF_CODE":"60"}}
{"ts":1756115898197,"action":"FILE_CLOSED","file":"/src/main/java/com/yourcompany/game/TextBlockAnalyzer.java","tags":{"FILE_LINE_OF_CODE":"60"}}
{"ts":1756115898282,"action":"FILE_OPENED","file":"/src/main/java/com/yourcompany/game/CheckpointManager.java","tags":{"FILE_LINE_OF_CODE":"62"}}
{"ts":1756115898618,"action":"FILE_CLOSED","file":"/src/main/java/com/yourcompany/game/CheckpointManager.java","tags":{"FILE_LINE_OF_CODE":"62"}}
{"ts":1756115898618,"action":"FILE_OPENED","file":"/src/main/java/com/yourcompany/game/App.java","tags":{"FILE_LINE_OF_CODE":"221"}}
{"ts":1756115918633,"action":"FILE_CLOSED","file":"/src/main/java/com/yourcompany/game/App.java","tags":{"FILE_LINE_OF_CODE":"221"}}
{"ts":1756115918633,"action":"FILE_OPENED","file":"/differences_lombok.txt","tags":{"FILE_LINE_OF_CODE":"71"}}
{"ts":1756115919485,"action":"FILE_CLOSED","file":"/differences_lombok.txt","tags":{"FILE_LINE_OF_CODE":"71"}}
{"ts":1756115919485,"action":"FILE_OPENED","file":"/src/main/java/com/yourcompany/game/TextBlockAnalyzer.java","tags":{"FILE_LINE_OF_CODE":"60"}}
{"ts":1756115919883,"action":"FILE_CLOSED","file":"/src/main/java/com/yourcompany/game/TextBlockAnalyzer.java","tags":{"FILE_LINE_OF_CODE":"60"}}
{"ts":1756115919883,"action":"FILE_OPENED","file":"/differences_lombok.txt","tags":{"FILE_LINE_OF_CODE":"71"}}
{"ts":1756115943830,"action":"FILE_CLOSED","file":"/differences_lombok.txt","tags":{"FILE_LINE_OF_CODE":"71"}}
{"ts":1756115943861,"action":"FILE_OPENED","file":"/lombok_debug_manual_log.csv","tags":{"FILE_LINE_OF_CODE":"null"}}
{"ts":1756115957603,"action":"FILE_CLOSED","file":"/lombok_debug_manual_log.csv","tags":{"FILE_LINE_OF_CODE":"null"}}
{"ts":1756115957603,"action":"FILE_OPENED","file":"/differences_lombok.txt","tags":{"FILE_LINE_OF_CODE":"71"}}
{"ts":1756115969512,"action":"FILE_CLOSED","file":"/differences_lombok.txt","tags":{"FILE_LINE_OF_CODE":"71"}}
{"ts":1756115969549,"action":"FILE_OPENED","file":"/distribution_conformity_analyzer.py","tags":{"FILE_LINE_OF_CODE":"114"}}
{"ts":1756115969896,"action":"FILE_CLOSED","file":"/distribution_conformity_analyzer.py","tags":{"FILE_LINE_OF_CODE":"114"}}
{"ts":1756115969896,"action":"FILE_OPENED","file":"/differences_lombok.txt","tags":{"FILE_LINE_OF_CODE":"71"}}
{"ts":1756115979370,"action":"FILE_CLOSED","file":"/differences_lombok.txt","tags":{"FILE_LINE_OF_CODE":"71"}}
{"ts":1756115979456,"action":"FILE_OPENED","file":"/lombok_manual_log.csv","tags":{"FILE_LINE_OF_CODE":"null"}}
{"ts":1756115980210,"action":"FILE_CLOSED","file":"/lombok_manual_log.csv","tags":{"FILE_LINE_OF_CODE":"null"}}
{"ts":1756115980210,"action":"FILE_OPENED","file":"/lombok_debug_manual_log.csv","tags":{"FILE_LINE_OF_CODE":"null"}}
{"ts":1756115993226,"action":"FILE_CLOSED","file":"/lombok_debug_manual_log.csv","tags":{"FILE_LINE_OF_CODE":"null"}}
{"ts":1756115993226,"action":"FILE_OPENED","file":"/lombok_manual_log.csv","tags":{"FILE_LINE_OF_CODE":"null"}}
{"ts":1756115993875,"action":"FILE_CLOSED","file":"/lombok_manual_log.csv","tags":{"FILE_LINE_OF_CODE":"null"}}
{"ts":1756115993875,"action":"FILE_OPENED","file":"/differences_lombok.txt","tags":{"FILE_LINE_OF_CODE":"71"}}
{"ts":1756116067200,"action":"FILE_CLOSED","file":"/differences_lombok.txt","tags":{"FILE_LINE_OF_CODE":"71"}}
{"ts":1756116067200,"action":"FILE_OPENED","file":"/lombok_manual_log.csv","tags":{"FILE_LINE_OF_CODE":"null"}}
{"ts":1756116077156,"action":"IDE_DEACTIVATED"}
{"ts":1756116084097,"action":"IDE_ACTIVATED"}
{"ts":1756116108355,"action":"IDE_DEACTIVATED"}
{"ts":1756116109967,"action":"IDE_ACTIVATED"}
{"ts":1756116234634,"action":"IDE_DEACTIVATED"}
{"ts":1756116236052,"action":"IDE_ACTIVATED"}
{"ts":1756116267808,"action":"IDE_DEACTIVATED"}
{"ts":1756116280610,"action":"IDE_ACTIVATED"}
{"ts":1756116281584,"action":"IDE_DEACTIVATED"}
{"ts":1756116286798,"action":"IDE_ACTIVATED"}
{"ts":1756116292896,"action":"FILE_CLOSED","file":"/lombok_manual_log.csv","tags":{"FILE_LINE_OF_CODE":"null"}}
{"ts":1756116292896,"action":"FILE_OPENED","file":"/differences_lombok.txt","tags":{"FILE_LINE_OF_CODE":"71"}}
{"ts":1756116292971,"action":"FILE_CLOSED","file":"/differences_lombok.txt","tags":{"FILE_LINE_OF_CODE":"71"}}
{"ts":1756116293230,"action":"FILE_OPENED","file":"/src/main/java/com/yourcompany/game/AbstractFeatureAnalyzer.java","tags":{"FILE_LINE_OF_CODE":"123"}}
{"ts":1756116319405,"action":"FILE_CLOSED","file":"/src/main/java/com/yourcompany/game/AbstractFeatureAnalyzer.java","tags":{"FILE_LINE_OF_CODE":"123"}}
{"ts":1756116319473,"action":"FILE_OPENED","file":"/lombok_manual_log.csv","tags":{"FILE_LINE_OF_CODE":"null"}}
{"ts":1756116319968,"action":"FILE_CLOSED","file":"/lombok_manual_log.csv","tags":{"FILE_LINE_OF_CODE":"null"}}
{"ts":1756116319968,"action":"FILE_OPENED","file":"/lombok_debug_manual_log.csv","tags":{"FILE_LINE_OF_CODE":"null"}}
{"ts":1756116321025,"action":"FILE_OPENED","file":"/lombok_manual_log.csv","tags":{"FILE_LINE_OF_CODE":"null"}}
{"ts":1756116345232,"action":"FILE_CLOSED","file":"/lombok_manual_log.csv","tags":{"FILE_LINE_OF_CODE":"null"}}
{"ts":1756116345291,"action":"FILE_OPENED","file":"/lombok_debug_manual_log.csv","tags":{"FILE_LINE_OF_CODE":"null"}}
{"ts":1756116389075,"action":"IDE_DEACTIVATED"}
{"ts":1756116395737,"action":"IDE_ACTIVATED"}
{"ts":1756116698516,"action":"FILE_CLOSED","file":"/lombok_debug_manual_log.csv","tags":{"FILE_LINE_OF_CODE":"null"}}
{"ts":1756116698561,"action":"FILE_OPENED","file":"/lombok_manual_log.csv","tags":{"FILE_LINE_OF_CODE":"null"}}
{"ts":1756116699065,"action":"FILE_CLOSED","file":"/lombok_manual_log.csv","tags":{"FILE_LINE_OF_CODE":"null"}}
{"ts":1756116699085,"action":"FILE_OPENED","file":"/lombok_debug_manual_log.csv","tags":{"FILE_LINE_OF_CODE":"null"}}
{"ts":1756116700265,"action":"IDE_DEACTIVATED"}
{"ts":1756116701889,"action":"IDE_ACTIVATED"}
{"ts":1756116710330,"action":"IDE_DEACTIVATED"}
{"ts":1756116715251,"action":"IDE_ACTIVATED"}
{"ts":1756116748654,"action":"FILE_CLOSED","file":"/lombok_debug_manual_log.csv","tags":{"FILE_LINE_OF_CODE":"null"}}
{"ts":1756116748654,"action":"FILE_OPENED","file":"/src/main/java/com/yourcompany/game/AbstractFeatureAnalyzer.java","tags":{"FILE_LINE_OF_CODE":"177"}}
{"ts":1756116748694,"action":"FILE_CLOSED","file":"/src/main/java/com/yourcompany/game/AbstractFeatureAnalyzer.java","tags":{"FILE_LINE_OF_CODE":"177"}}
{"ts":1756116748932,"action":"FILE_OPENED","file":"/src/main/java/com/yourcompany/game/SealedClassAnalyzer.java","tags":{"FILE_LINE_OF_CODE":"81"}}
{"ts":1756116791723,"action":"IDE_DEACTIVATED"}
{"ts":1756116800985,"action":"IDE_ACTIVATED"}
{"ts":1756116820760,"action":"IDE_DEACTIVATED"}
{"ts":1756116896319,"action":"IDE_ACTIVATED"}
{"ts":1756116897898,"action":"IDE_DEACTIVATED"}
{"ts":1756116898662,"action":"IDE_ACTIVATED"}
{"ts":1756116918570,"action":"IDE_DEACTIVATED"}
{"ts":1756116918925,"action":"IDE_ACTIVATED"}
{"ts":1756116919476,"action":"IDE_DEACTIVATED"}
{"ts":1756116919736,"action":"IDE_ACTIVATED"}
{"ts":1756116933073,"action":"IDE_DEACTIVATED"}
{"ts":1756116933077,"action":"IDE_ACTIVATED"}
{"ts":1756116934149,"action":"IDE_DEACTIVATED"}
{"ts":1756116937818,"action":"IDE_ACTIVATED"}
{"ts":1756116952103,"action":"IDE_DEACTIVATED"}
{"ts":1756116954101,"action":"IDE_ACTIVATED"}
{"ts":1756116967155,"action":"IDE_DEACTIVATED"}
{"ts":1756116967933,"action":"IDE_ACTIVATED"}
{"ts":1756116976275,"action":"FILE_CLOSED","file":"/src/main/java/com/yourcompany/game/SealedClassAnalyzer.java","tags":{"FILE_LINE_OF_CODE":"84"}}
{"ts":1756116976370,"action":"FILE_OPENED","file":"/src/main/java/com/yourcompany/game/FormattedStringAnalyzer.java","tags":{"FILE_LINE_OF_CODE":"67"}}
{"ts":1756117168829,"action":"IDE_DEACTIVATED"}
{"ts":1756117174765,"action":"IDE_ACTIVATED"}
{"ts":1756117178373,"action":"IDE_DEACTIVATED"}
{"ts":1756117180243,"action":"IDE_ACTIVATED"}
{"ts":1756117182471,"action":"IDE_DEACTIVATED"}
{"ts":1756117187907,"action":"IDE_ACTIVATED"}
{"ts":1756117257721,"action":"IDE_DEACTIVATED"}
{"ts":1756117258333,"action":"IDE_ACTIVATED"}
{"ts":1756117308889,"action":"IDE_DEACTIVATED"}
{"ts":1756117408813,"action":"IDE_ACTIVATED"}
{"ts":1756117409895,"action":"IDE_DEACTIVATED"}
{"ts":1756117410201,"action":"IDE_ACTIVATED"}
{"ts":1756117461278,"action":"IDE_DEACTIVATED"}
{"ts":1756117461505,"action":"IDE_ACTIVATED"}
{"ts":1756117461979,"action":"IDE_DEACTIVATED"}
{"ts":1756117462159,"action":"IDE_ACTIVATED"}
{"ts":1756117490642,"action":"IDE_DEACTIVATED"}
{"ts":1756117490901,"action":"IDE_ACTIVATED"}
{"ts":1756117491974,"action":"IDE_DEACTIVATED"}
{"ts":1756117492211,"action":"IDE_ACTIVATED"}
{"ts":1756117492361,"action":"IDE_DEACTIVATED"}
{"ts":1756117511810,"action":"IDE_ACTIVATED"}
{"ts":1756117560394,"action":"IDE_DEACTIVATED"}
{"ts":1756117565190,"action":"IDE_ACTIVATED"}
{"ts":1756117640605,"action":"IDE_DEACTIVATED"}
{"ts":1756117653960,"action":"IDE_ACTIVATED"}
{"ts":1756117654975,"action":"IDE_DEACTIVATED"}
{"ts":1756117657273,"action":"IDE_ACTIVATED"}
{"ts":1756117675865,"action":"FILE_CLOSED","file":"/src/main/java/com/yourcompany/game/FormattedStringAnalyzer.java","tags":{"FILE_LINE_OF_CODE":"67"}}
{"ts":1756117675865,"action":"FILE_OPENED","file":"/src/main/java/com/yourcompany/game/AbstractFeatureAnalyzer.java","tags":{"FILE_LINE_OF_CODE":"150"}}
{"ts":1756117679373,"action":"FILE_CLOSED","file":"/src/main/java/com/yourcompany/game/AbstractFeatureAnalyzer.java","tags":{"FILE_LINE_OF_CODE":"150"}}
{"ts":1756117679373,"action":"FILE_OPENED","file":"/src/main/java/com/yourcompany/game/FormattedStringAnalyzer.java","tags":{"FILE_LINE_OF_CODE":"67"}}
{"ts":1756117695038,"action":"FILE_CLOSED","file":"/src/main/java/com/yourcompany/game/FormattedStringAnalyzer.java","tags":{"FILE_LINE_OF_CODE":"67"}}
{"ts":1756117695084,"action":"FILE_OPENED","file":"/lombok_debug_manual_log.csv","tags":{"FILE_LINE_OF_CODE":"null"}}
{"ts":1756117757112,"action":"FILE_CLOSED","file":"/lombok_debug_manual_log.csv","tags":{"FILE_LINE_OF_CODE":"null"}}
{"ts":1756117757112,"action":"FILE_OPENED","file":"/src/main/java/com/yourcompany/game/FormattedStringAnalyzer.java","tags":{"FILE_LINE_OF_CODE":"67"}}
{"ts":1756117778760,"action":"IDE_DEACTIVATED"}
{"ts":1756117880182,"action":"IDE_ACTIVATED"}
{"ts":1756118013725,"action":"IDE_DEACTIVATED"}
{"ts":1756118029453,"action":"IDE_ACTIVATED"}
{"ts":1756118081570,"action":"IDE_DEACTIVATED"}
{"ts":1756118085058,"action":"IDE_ACTIVATED"}
{"ts":1756118096761,"action":"IDE_DEACTIVATED"}
{"ts":1756118096919,"action":"IDE_ACTIVATED"}
{"ts":1756118096952,"action":"IDE_DEACTIVATED"}
{"ts":1756118097860,"action":"IDE_ACTIVATED"}
{"ts":1756118170627,"action":"IDE_DEACTIVATED"}
{"ts":1756118179244,"action":"IDE_ACTIVATED"}
{"ts":1756118217724,"action":"IDE_DEACTIVATED"}
{"ts":1756118248688,"action":"IDE_ACTIVATED"}
{"ts":1756118253971,"action":"FILE_CLOSED","file":"/src/main/java/com/yourcompany/game/FormattedStringAnalyzer.java","tags":{"FILE_LINE_OF_CODE":"96"}}
{"ts":1756118253971,"action":"FILE_OPENED","file":"/src/main/java/com/yourcompany/game/AbstractFeatureAnalyzer.java","tags":{"FILE_LINE_OF_CODE":"196"}}
{"ts":1756118290757,"action":"IDE_DEACTIVATED"}
{"ts":1756118296588,"action":"IDE_ACTIVATED"}
{"ts":1756118300261,"action":"IDE_DEACTIVATED"}
{"ts":1756118310931,"action":"IDE_ACTIVATED"}
{"ts":1756118316837,"action":"IDE_DEACTIVATED"}
{"ts":1756118321730,"action":"IDE_ACTIVATED"}
{"ts":1756118350504,"action":"IDE_DEACTIVATED"}
{"ts":1756118382166,"action":"IDE_ACTIVATED"}
{"ts":1756118459293,"action":"FILE_CLOSED","file":"/src/main/java/com/yourcompany/game/AbstractFeatureAnalyzer.java","tags":{"FILE_LINE_OF_CODE":"196"}}
{"ts":1756118459293,"action":"FILE_OPENED","file":"/lombok_debug_manual_log.csv","tags":{"FILE_LINE_OF_CODE":"null"}}
{"ts":1756118460036,"action":"FILE_OPENED","file":"/src/main/java/com/yourcompany/game/FormattedStringAnalyzer.java","tags":{"FILE_LINE_OF_CODE":"98"}}
{"ts":1756118475156,"action":"FILE_CLOSED","file":"/src/main/java/com/yourcompany/game/FormattedStringAnalyzer.java","tags":{"FILE_LINE_OF_CODE":"98"}}
{"ts":1756118475199,"action":"FILE_OPENED","file":"/lombok_debug_manual_log.csv","tags":{"FILE_LINE_OF_CODE":"null"}}
{"ts":1756118532018,"action":"IDE_DEACTIVATED"}
{"ts":1756118549065,"action":"IDE_ACTIVATED"}
{"ts":1756118559145,"action":"IDE_DEACTIVATED"}
{"ts":1756118603404,"action":"FILE_CLOSED","file":"/lombok_debug_manual_log.csv","tags":{"FILE_LINE_OF_CODE":"null"}}
{"ts":1756118603404,"action":"FILE_OPENED","file":"/src/main/java/com/yourcompany/game/FormattedStringAnalyzer.java","tags":{"FILE_LINE_OF_CODE":"98"}}
{"ts":1756118603446,"action":"IDE_ACTIVATED"}
{"ts":1756118607410,"action":"FILE_CLOSED","file":"/src/main/java/com/yourcompany/game/FormattedStringAnalyzer.java","tags":{"FILE_LINE_OF_CODE":"98"}}
{"ts":1756118607410,"action":"FILE_OPENED","file":"/DEDUPLIKACJA_WSZYSTKIE_PRZYPADKI.md","tags":{"FILE_LINE_OF_CODE":"306"}}
{"ts":1756118678069,"action":"FILE_CLOSED","file":"/DEDUPLIKACJA_WSZYSTKIE_PRZYPADKI.md","tags":{"FILE_LINE_OF_CODE":"306"}}
{"ts":1756118682755,"action":"FILE_OPENED","file":"/src/test/java/com/yourcompany/game/test/AggressiveDeduplicationTest.java","tags":{"FILE_LINE_OF_CODE":"566"}}
{"ts":1756118682851,"action":"FILE_CLOSED","file":"/src/test/java/com/yourcompany/game/test/AggressiveDeduplicationTest.java","tags":{"FILE_LINE_OF_CODE":"566"}}
{"ts":1756118682851,"action":"FILE_OPENED","file":"/DEDUPLIKACJA_WSZYSTKIE_PRZYPADKI.md","tags":{"FILE_LINE_OF_CODE":"306"}}
{"ts":1756118708168,"action":"FILE_CLOSED","file":"/DEDUPLIKACJA_WSZYSTKIE_PRZYPADKI.md","tags":{"FILE_LINE_OF_CODE":"306"}}
{"ts":1756118710766,"action":"FILE_OPENED","file":"/src/test/java/com/yourcompany/game/test/CodeNormalizationTest.java","tags":{"FILE_LINE_OF_CODE":"144"}}
{"ts":1756118716013,"action":"FILE_CLOSED","file":"/src/test/java/com/yourcompany/game/test/CodeNormalizationTest.java","tags":{"FILE_LINE_OF_CODE":"144"}}
{"ts":1756118716013,"action":"FILE_OPENED","file":"/DEDUPLIKACJA_WSZYSTKIE_PRZYPADKI.md","tags":{"FILE_LINE_OF_CODE":"306"}}
{"ts":1756118719607,"action":"IDE_DEACTIVATED"}
{"ts":1756118746681,"action":"FILE_CLOSED","file":"/DEDUPLIKACJA_WSZYSTKIE_PRZYPADKI.md","tags":{"FILE_LINE_OF_CODE":"306"}}
{"ts":1756118746771,"action":"IDE_ACTIVATED"}
{"ts":1756118751996,"action":"FILE_OPENED","file":"/src/test/java/com/yourcompany/game/test/StructuralContextTest.java","tags":{"FILE_LINE_OF_CODE":"285"}}
{"ts":1756118787072,"action":"IDE_DEACTIVATED"}
{"ts":1756118805387,"action":"FILE_CLOSED","file":"/src/test/java/com/yourcompany/game/test/StructuralContextTest.java","tags":{"FILE_LINE_OF_CODE":"285"}}
{"ts":1756118805429,"action":"IDE_ACTIVATED"}
{"ts":1756118808899,"action":"FILE_OPENED","file":"/src/test/java/com/yourcompany/game/test/UltimateDeduplicationTest.java","tags":{"FILE_LINE_OF_CODE":"362"}}
{"ts":1756118905736,"action":"IDE_DEACTIVATED"}
{"ts":1756118912165,"action":"IDE_ACTIVATED"}
{"ts":1756118936273,"action":"IDE_DEACTIVATED"}
{"ts":1756119012813,"action":"IDE_ACTIVATED"}
{"ts":1756119013477,"action":"IDE_DEACTIVATED"}
{"ts":1756119022322,"action":"IDE_ACTIVATED"}
{"ts":1756119023508,"action":"IDE_DEACTIVATED"}
{"ts":1756119073718,"action":"IDE_ACTIVATED"}
{"ts":1756119103623,"action":"FILE_CLOSED","file":"/src/test/java/com/yourcompany/game/test/UltimateDeduplicationTest.java","tags":{"FILE_LINE_OF_CODE":"362"}}
{"ts":1756119138956,"action":"FILE_OPENED","file":"/src/test/java/com/yourcompany/game/test/UltimateDeduplicationTest.java","tags":{"FILE_LINE_OF_CODE":"362"}}
{"ts":1756119146819,"action":"IDE_DEACTIVATED"}
{"ts":1756119186501,"action":"IDE_ACTIVATED"}
{"ts":1756119287656,"action":"IDE_DEACTIVATED"}
{"ts":1756119324528,"action":"IDE_ACTIVATED"}
{"ts":1756119387573,"action":"IDE_DEACTIVATED"}
{"ts":1756119391893,"action":"IDE_ACTIVATED"}
{"ts":1756119423955,"action":"FILE_CLOSED","file":"/src/test/java/com/yourcompany/game/test/UltimateDeduplicationTest.java","tags":{"FILE_LINE_OF_CODE":"362"}}
{"ts":1756119423979,"action":"FILE_OPENED","file":"/lombok_debug_manual_log.csv","tags":{"FILE_LINE_OF_CODE":"null"}}
{"ts":1756119427136,"action":"FILE_OPENED","file":"/src/test/java/com/yourcompany/game/test/UltimateDeduplicationTest.java","tags":{"FILE_LINE_OF_CODE":"362"}}
{"ts":1756119442003,"action":"FILE_CLOSED","file":"/src/test/java/com/yourcompany/game/test/UltimateDeduplicationTest.java","tags":{"FILE_LINE_OF_CODE":"362"}}
{"ts":1756119442074,"action":"FILE_OPENED","file":"/lombok_debug_manual_log.csv","tags":{"FILE_LINE_OF_CODE":"null"}}
{"ts":1756119461527,"action":"FILE_CLOSED","file":"/lombok_debug_manual_log.csv","tags":{"FILE_LINE_OF_CODE":"null"}}
{"ts":1756119461527,"action":"FILE_OPENED","file":"/DEDUPLIKACJA_WSZYSTKIE_PRZYPADKI.md","tags":{"FILE_LINE_OF_CODE":"534"}}
{"ts":1756119494791,"action":"IDE_DEACTIVATED"}
{"ts":1756119615254,"action":"IDE_ACTIVATED"}
{"ts":1756119697770,"action":"IDE_DEACTIVATED"}
{"ts":1756119700025,"action":"IDE_ACTIVATED"}
{"ts":1756119700542,"action":"IDE_DEACTIVATED"}
{"ts":1756119781556,"action":"IDE_ACTIVATED"}
{"ts":1756120024817,"action":"IDE_DEACTIVATED"}
{"ts":1756120047411,"action":"IDE_ACTIVATED"}
{"ts":1756120068058,"action":"IDE_DEACTIVATED"}
{"ts":1756120077399,"action":"IDE_ACTIVATED"}
{"ts":1756120080294,"action":"IDE_DEACTIVATED"}
{"ts":1756120081816,"action":"IDE_ACTIVATED"}
{"ts":1756120087596,"action":"IDE_DEACTIVATED"}
{"ts":1756120120116,"action":"IDE_ACTIVATED"}
{"ts":1756120146059,"action":"FILE_CLOSED","file":"/DEDUPLIKACJA_WSZYSTKIE_PRZYPADKI.md","tags":{"FILE_LINE_OF_CODE":"534"}}
{"ts":1756120147257,"action":"FILE_OPENED","file":"/src/test/java/com/yourcompany/game/test/AdvancedDeduplicationTest.java","tags":{"FILE_LINE_OF_CODE":"394"}}
{"ts":1756120165078,"action":"IDE_DEACTIVATED"}
{"ts":1756120321245,"action":"IDE_ACTIVATED"}
{"ts":1756120360761,"action":"FILE_CLOSED","file":"/src/test/java/com/yourcompany/game/test/AdvancedDeduplicationTest.java","tags":{"FILE_LINE_OF_CODE":"394"}}
{"ts":1756120360899,"action":"FILE_OPENED","file":"/dokumentacja_techniczna.md","tags":{"FILE_LINE_OF_CODE":"133"}}
{"ts":1756120372016,"action":"FILE_CLOSED","file":"/dokumentacja_techniczna.md","tags":{"FILE_LINE_OF_CODE":"133"}}
{"ts":1756120372016,"action":"FILE_OPENED","file":"/debug_normalization.py","tags":{"FILE_LINE_OF_CODE":"155"}}
{"ts":1756120373015,"action":"FILE_CLOSED","file":"/debug_normalization.py","tags":{"FILE_LINE_OF_CODE":"155"}}
{"ts":1756120373016,"action":"FILE_OPENED","file":"/DEDUPLIKACJA_WSZYSTKIE_PRZYPADKI.md","tags":{"FILE_LINE_OF_CODE":"598"}}
{"ts":1756120419350,"action":"IDE_DEACTIVATED"}
{"ts":1756120442092,"action":"IDE_ACTIVATED"}
{"ts":1756120490519,"action":"IDE_DEACTIVATED"}
{"ts":1756120567400,"action":"IDE_ACTIVATED"}
{"ts":1756120607733,"action":"IDE_DEACTIVATED"}
{"ts":1756120622619,"action":"IDE_ACTIVATED"}
{"ts":1756120650679,"action":"FILE_CLOSED","file":"/DEDUPLIKACJA_WSZYSTKIE_PRZYPADKI.md","tags":{"FILE_LINE_OF_CODE":"601"}}
{"ts":1756120650679,"action":"FILE_OPENED","file":"/src/test/java/com/yourcompany/game/test/AggressiveDeduplicationTest.java","tags":{"FILE_LINE_OF_CODE":"566"}}
{"ts":1756120666717,"action":"FILE_CLOSED","file":"/src/test/java/com/yourcompany/game/test/AggressiveDeduplicationTest.java","tags":{"FILE_LINE_OF_CODE":"566"}}
{"ts":1756120666717,"action":"FILE_OPENED","file":"/src/test/java/com/yourcompany/game/test/AdvancedDeduplicationTest.java","tags":{"FILE_LINE_OF_CODE":"394"}}
{"ts":1756120667395,"action":"FILE_CLOSED","file":"/src/test/java/com/yourcompany/game/test/AdvancedDeduplicationTest.java","tags":{"FILE_LINE_OF_CODE":"394"}}
{"ts":1756120667395,"action":"FILE_OPENED","file":"/src/test/java/com/yourcompany/game/test/AggressiveDeduplicationTest.java","tags":{"FILE_LINE_OF_CODE":"566"}}
{"ts":1756120668901,"action":"IDE_DEACTIVATED"}
{"ts":1756120781334,"action":"IDE_ACTIVATED"}
{"ts":1756120792137,"action":"FILE_CLOSED","file":"/src/test/java/com/yourcompany/game/test/AggressiveDeduplicationTest.java","tags":{"FILE_LINE_OF_CODE":"566"}}
{"ts":1756120792137,"action":"FILE_OPENED","file":"/src/test/java/com/yourcompany/game/test/UltimateDeduplicationTest.java","tags":{"FILE_LINE_OF_CODE":"312"}}
{"ts":1756120795488,"action":"FILE_CLOSED","file":"/src/test/java/com/yourcompany/game/test/UltimateDeduplicationTest.java","tags":{"FILE_LINE_OF_CODE":"312"}}
{"ts":1756120795488,"action":"FILE_OPENED","file":"/src/test/java/com/yourcompany/game/test/AggressiveDeduplicationTest.java","tags":{"FILE_LINE_OF_CODE":"566"}}
{"ts":1756120799031,"action":"IDE_DEACTIVATED"}
{"ts":1756120799569,"action":"IDE_ACTIVATED"}
{"ts":1756120828226,"action":"IDE_DEACTIVATED"}
{"ts":1756120905854,"action":"IDE_ACTIVATED"}
{"ts":1756120969843,"action":"FILE_CLOSED","file":"/src/test/java/com/yourcompany/game/test/AggressiveDeduplicationTest.java","tags":{"FILE_LINE_OF_CODE":"564"}}
{"ts":1756120969843,"action":"FILE_OPENED","file":"/src/test/java/com/yourcompany/game/test/AdvancedDeduplicationTest.java","tags":{"FILE_LINE_OF_CODE":"394"}}
{"ts":1756121006095,"action":"IDE_DEACTIVATED"}
{"ts":1756121006903,"action":"IDE_ACTIVATED"}
{"ts":1756121007147,"action":"IDE_DEACTIVATED"}
{"ts":1756121156543,"action":"IDE_ACTIVATED"}
{"ts":1756121170796,"action":"IDE_DEACTIVATED"}
{"ts":1756121198170,"action":"IDE_ACTIVATED"}
{"ts":1756121209281,"action":"IDE_DEACTIVATED"}
{"ts":1756121221495,"action":"IDE_ACTIVATED"}
{"ts":1756121221884,"action":"IDE_DEACTIVATED"}
{"ts":1756121227562,"action":"IDE_ACTIVATED"}
{"ts":1756121273413,"action":"IDE_DEACTIVATED"}
{"ts":1756121301404,"action":"IDE_ACTIVATED"}
{"ts":1756121343741,"action":"IDE_DEACTIVATED"}
{"ts":1756121393941,"action":"FILE_CLOSED","file":"/src/test/java/com/yourcompany/game/test/AdvancedDeduplicationTest.java","tags":{"FILE_LINE_OF_CODE":"425"}}
{"ts":1756121394012,"action":"IDE_ACTIVATED"}
{"ts":1756121394640,"action":"FILE_OPENED","file":"/test_normalization.java","tags":{"FILE_LINE_OF_CODE":"33"}}
{"ts":1756121443532,"action":"FILE_CLOSED","file":"/test_normalization.java","tags":{"FILE_LINE_OF_CODE":"33"}}
{"ts":1756121443532,"action":"FILE_OPENED","file":"/src/test/java/com/yourcompany/game/test/AdvancedDeduplicationTest.java","tags":{"FILE_LINE_OF_CODE":"425"}}
{"ts":1756121450308,"action":"IDE_DEACTIVATED"}
{"ts":1756121496995,"action":"IDE_ACTIVATED"}
{"ts":1756121498189,"action":"IDE_DEACTIVATED"}
{"ts":1756121565564,"action":"IDE_ACTIVATED"}
{"ts":1756121577933,"action":"IDE_DEACTIVATED"}
{"ts":1756121591397,"action":"IDE_ACTIVATED"}
{"ts":1756121607793,"action":"IDE_DEACTIVATED"}
{"ts":1756121616144,"action":"IDE_ACTIVATED"}
{"ts":1756121621949,"action":"IDE_DEACTIVATED"}
{"ts":1756121677327,"action":"IDE_ACTIVATED"}
{"ts":1756121693209,"action":"IDE_DEACTIVATED"}
{"ts":1756121704104,"action":"IDE_ACTIVATED"}
{"ts":1756121726345,"action":"IDE_DEACTIVATED"}
{"ts":1756121814974,"action":"IDE_ACTIVATED"}
{"ts":1756121836685,"action":"IDE_DEACTIVATED"}
{"ts":1756121854291,"action":"IDE_ACTIVATED"}
{"ts":1756121875740,"action":"IDE_DEACTIVATED"}
{"ts":1756121884386,"action":"IDE_ACTIVATED"}
{"ts":1756121902027,"action":"IDE_DEACTIVATED"}
{"ts":1756121922716,"action":"IDE_ACTIVATED"}
{"ts":1756121936735,"action":"IDE_DEACTIVATED"}
{"ts":1756121938785,"action":"IDE_ACTIVATED"}
{"ts":1756121944440,"action":"FILE_CLOSED","file":"/src/test/java/com/yourcompany/game/test/AdvancedDeduplicationTest.java","tags":{"FILE_LINE_OF_CODE":"426"}}
{"ts":1756121944440,"action":"FILE_OPENED","file":"/src/main/java/com/yourcompany/game/AbstractFeatureAnalyzer.java","tags":{"FILE_LINE_OF_CODE":"303"}}
{"ts":1756121966149,"action":"IDE_DEACTIVATED"}
{"ts":1756122004095,"action":"IDE_ACTIVATED"}
{"ts":1756122045104,"action":"IDE_DEACTIVATED"}
{"ts":1756122124951,"action":"IDE_ACTIVATED"}
{"ts":1756122129297,"action":"PROJECT_CLOSED","tags":{"PROJECT_NAME":"Parsing — kopia — kopia"}}
{"ts":1756122150027,"action":"IDE_DEACTIVATED"}
{"ts":1756122154691,"action":"FILE_OPENED","file":"/src/main/java/com/yourcompany/game/AbstractFeatureAnalyzer.java","tags":{"FILE_LINE_OF_CODE":"261"}}
{"ts":1756122161269,"action":"IDE_ACTIVATED"}
{"ts":1756122169227,"action":"PROJECT_OPENED","tags":{"PROJECT_NAME":"Parsing — kopia — kopia"}}
{"ts":1756122185826,"action":"IDE_DEACTIVATED"}
{"ts":1756122248315,"action":"IDE_ACTIVATED"}
{"ts":1756122276923,"action":"FILE_CLOSED","file":"/src/main/java/com/yourcompany/game/AbstractFeatureAnalyzer.java","tags":{"FILE_LINE_OF_CODE":"261"}}
{"ts":1756122276923,"action":"FILE_OPENED","file":"/src/test/java/com/yourcompany/game/test/AdvancedDeduplicationTest.java","tags":{"FILE_LINE_OF_CODE":"426"}}
{"ts":1756122286073,"action":"IDE_DEACTIVATED"}
{"ts":1756122348631,"action":"IDE_ACTIVATED"}
{"ts":1756122375244,"action":"IDE_DEACTIVATED"}
{"ts":1756122377084,"action":"IDE_ACTIVATED"}
{"ts":1756122411034,"action":"FILE_CLOSED","file":"/src/test/java/com/yourcompany/game/test/AdvancedDeduplicationTest.java","tags":{"FILE_LINE_OF_CODE":"425"}}
{"ts":1756122411034,"action":"FILE_OPENED","file":"/src/test/java/com/yourcompany/game/test/AggressiveDeduplicationTest.java","tags":{"FILE_LINE_OF_CODE":"564"}}
{"ts":1756122420694,"action":"IDE_DEACTIVATED"}
{"ts":1756122467598,"action":"IDE_ACTIVATED"}
{"ts":1756122527967,"action":"IDE_DEACTIVATED"}
{"ts":1756122595953,"action":"IDE_ACTIVATED"}
{"ts":1756122617727,"action":"IDE_DEACTIVATED"}
{"ts":1756122624071,"action":"IDE_ACTIVATED"}
{"ts":1756122629645,"action":"FILE_CLOSED","file":"/src/test/java/com/yourcompany/game/test/AggressiveDeduplicationTest.java","tags":{"FILE_LINE_OF_CODE":"564"}}
{"ts":1756122631203,"action":"FILE_OPENED","file":"/src/test/java/com/yourcompany/game/test/AggressiveDeduplicationTest.java","tags":{"FILE_LINE_OF_CODE":"564"}}
{"ts":1756122669762,"action":"IDE_DEACTIVATED"}
{"ts":1756122671371,"action":"IDE_ACTIVATED"}
{"ts":1756122694603,"action":"IDE_DEACTIVATED"}
{"ts":1756122703099,"action":"IDE_ACTIVATED"}
{"ts":1756122725556,"action":"IDE_DEACTIVATED"}
{"ts":1756122726132,"action":"IDE_ACTIVATED"}
{"ts":1756122726391,"action":"IDE_DEACTIVATED"}
{"ts":1756122729241,"action":"IDE_ACTIVATED"}
{"ts":1756122771613,"action":"IDE_DEACTIVATED"}
{"ts":1756122776847,"action":"IDE_ACTIVATED"}
{"ts":1756122779269,"action":"FILE_CLOSED","file":"/src/test/java/com/yourcompany/game/test/AggressiveDeduplicationTest.java","tags":{"FILE_LINE_OF_CODE":"564"}}
{"ts":1756122779310,"action":"FILE_OPENED","file":"/src/main/java/com/yourcompany/game/CsvCleaner.java","tags":{"FILE_LINE_OF_CODE":"131"}}
{"ts":1756122779970,"action":"FILE_CLOSED","file":"/src/main/java/com/yourcompany/game/CsvCleaner.java","tags":{"FILE_LINE_OF_CODE":"131"}}
{"ts":1756122780089,"action":"FILE_OPENED","file":"/src/main/java/com/yourcompany/game/CheckpointManager.java","tags":{"FILE_LINE_OF_CODE":"62"}}
{"ts":1756122780880,"action":"FILE_CLOSED","file":"/src/main/java/com/yourcompany/game/CheckpointManager.java","tags":{"FILE_LINE_OF_CODE":"62"}}
{"ts":1756122780880,"action":"FILE_OPENED","file":"/src/test/java/com/yourcompany/game/test/AggressiveDeduplicationTest.java","tags":{"FILE_LINE_OF_CODE":"564"}}
{"ts":1756122780906,"action":"FILE_CLOSED","file":"/src/test/java/com/yourcompany/game/test/AggressiveDeduplicationTest.java","tags":{"FILE_LINE_OF_CODE":"564"}}
{"ts":1756122780985,"action":"FILE_OPENED","file":"/src/main/java/com/yourcompany/game/FeatureAdoptionAnalyzer.java","tags":{"FILE_LINE_OF_CODE":"309"}}
{"ts":1756122782071,"action":"FILE_CLOSED","file":"/src/main/java/com/yourcompany/game/FeatureAdoptionAnalyzer.java","tags":{"FILE_LINE_OF_CODE":"309"}}
{"ts":1756122782142,"action":"FILE_OPENED","file":"/src/main/java/com/yourcompany/game/CheckpointManager.java","tags":{"FILE_LINE_OF_CODE":"62"}}
{"ts":1756122818939,"action":"IDE_DEACTIVATED"}
{"ts":1756122833955,"action":"IDE_ACTIVATED"}
{"ts":1756122872871,"action":"FILE_CLOSED","file":"/src/main/java/com/yourcompany/game/CheckpointManager.java","tags":{"FILE_LINE_OF_CODE":"62"}}
{"ts":1756122872871,"action":"FILE_OPENED","file":"/src/test/java/com/yourcompany/game/test/CodeNormalizationTest.java","tags":{"FILE_LINE_OF_CODE":"144"}}
{"ts":1756122888671,"action":"FILE_CLOSED","file":"/src/test/java/com/yourcompany/game/test/CodeNormalizationTest.java","tags":{"FILE_LINE_OF_CODE":"143"}}
{"ts":1756122888671,"action":"FILE_OPENED","file":"/src/test/java/com/yourcompany/game/test/StructuralContextTest.java","tags":{"FILE_LINE_OF_CODE":"285"}}
{"ts":1756122917973,"action":"IDE_DEACTIVATED"}
{"ts":1756122922859,"action":"IDE_ACTIVATED"}
{"ts":1756122924560,"action":"IDE_DEACTIVATED"}
{"ts":1756122932448,"action":"IDE_ACTIVATED"}
{"ts":1756122933966,"action":"IDE_DEACTIVATED"}
{"ts":1756122981224,"action":"IDE_ACTIVATED"}
